ID,Language,Audio_Name,Label
1,Afrikaans,1_Afrikaans.mp3,0
2,Afrikaans,2_Afrikaans.mp3,0
3,Afrikaans,3_Afrikaans.mp3,0
4,Afrikaans,4_Afrikaans.mp3,0
5,Afrikaans,5_Afrikaans.mp3,1
6,Afrikaans,6_Afrikaans.mp3,0
7,Afrikaans,7_Afrikaans.mp3,0
8,Afrikaans,8_Afrikaans.mp3,1
9,Afrikaans,9_Afrikaans.mp3,1
10,Afrikaans,10_Afrikaans.mp3,0
11,Afrikaans,11_Afrikaans.mp3,0
12,Afrikaans,12_Afrikaans.mp3,1
13,Afrikaans,13_Afrikaans.mp3,0
14,Afrikaans,14_Afrikaans.mp3,0
15,Afrikaans,15_Afrikaans.mp3,1
16,Afrikaans,16_Afrikaans.mp3,0
17,Afrikaans,17_Afrikaans.mp3,1
18,Afrikaans,18_Afrikaans.mp3,0
19,Afrikaans,19_Afrikaans.mp3,1
20,Afrikaans,20_Afrikaans.mp3,1
21,Afrikaans,21_Afrikaans.mp3,0
22,Afrikaans,22_Afrikaans.mp3,0
23,Afrikaans,23_Afrikaans.mp3,1
24,Afrikaans,24_Afrikaans.mp3,0
25,Afrikaans,25_Afrikaans.mp3,0
26,Afrikaans,26_Afrikaans.mp3,0
27,Afrikaans,27_Afrikaans.mp3,1
28,Afrikaans,28_Afrikaans.mp3,1
29,Afrikaans,29_Afrikaans.mp3,1
30,Afrikaans,30_Afrikaans.mp3,0
31,Afrikaans,31_Afrikaans.mp3,0
32,Afrikaans,32_Afrikaans.mp3,0
33,Afrikaans,33_Afrikaans.mp3,0
34,Afrikaans,34_Afrikaans.mp3,0
35,Afrikaans,35_Afrikaans.mp3,0
36,Afrikaans,36_Afrikaans.mp3,0
37,Afrikaans,37_Afrikaans.mp3,1
38,Afrikaans,38_Afrikaans.mp3,0
39,Afrikaans,39_Afrikaans.mp3,1
40,Afrikaans,40_Afrikaans.mp3,1
41,Afrikaans,41_Afrikaans.mp3,1
42,Afrikaans,42_Afrikaans.mp3,1
43,Afrikaans,43_Afrikaans.mp3,0
44,Afrikaans,44_Afrikaans.mp3,1
45,Afrikaans,45_Afrikaans.mp3,1
46,Afrikaans,46_Afrikaans.mp3,1
47,Afrikaans,47_Afrikaans.mp3,1
48,Afrikaans,48_Afrikaans.mp3,1
49,Afrikaans,49_Afrikaans.mp3,0
50,Afrikaans,50_Afrikaans.mp3,0
51,Afrikaans,51_Afrikaans.mp3,0
52,Afrikaans,52_Afrikaans.mp3,1
53,Afrikaans,53_Afrikaans.mp3,0
54,Afrikaans,54_Afrikaans.mp3,1
55,Afrikaans,55_Afrikaans.mp3,0
56,Afrikaans,56_Afrikaans.mp3,1
57,Afrikaans,57_Afrikaans.mp3,1
58,Afrikaans,58_Afrikaans.mp3,0
59,Afrikaans,59_Afrikaans.mp3,0
60,Afrikaans,60_Afrikaans.mp3,1
61,Afrikaans,61_Afrikaans.mp3,0
62,Afrikaans,62_Afrikaans.mp3,1
63,Afrikaans,63_Afrikaans.mp3,1
64,Afrikaans,64_Afrikaans.mp3,0
65,Afrikaans,65_Afrikaans.mp3,0
66,Afrikaans,66_Afrikaans.mp3,0
67,Afrikaans,67_Afrikaans.mp3,1
68,Afrikaans,68_Afrikaans.mp3,1
69,Afrikaans,69_Afrikaans.mp3,1
70,Afrikaans,70_Afrikaans.mp3,0
71,Afrikaans,71_Afrikaans.mp3,0
72,Afrikaans,72_Afrikaans.mp3,0
73,Afrikaans,73_Afrikaans.mp3,1
74,Afrikaans,74_Afrikaans.mp3,1
75,Afrikaans,75_Afrikaans.mp3,1
76,Afrikaans,76_Afrikaans.mp3,1
77,Afrikaans,77_Afrikaans.mp3,1
78,Afrikaans,78_Afrikaans.mp3,0
79,Afrikaans,79_Afrikaans.mp3,0
80,Afrikaans,80_Afrikaans.mp3,1
81,Afrikaans,81_Afrikaans.mp3,1
82,Afrikaans,82_Afrikaans.mp3,1
83,Afrikaans,83_Afrikaans.mp3,0
84,Afrikaans,84_Afrikaans.mp3,0
85,Afrikaans,85_Afrikaans.mp3,1
86,Afrikaans,86_Afrikaans.mp3,0
87,Afrikaans,87_Afrikaans.mp3,0
88,Afrikaans,88_Afrikaans.mp3,1
89,Afrikaans,89_Afrikaans.mp3,0
90,Afrikaans,90_Afrikaans.mp3,1
91,Afrikaans,91_Afrikaans.mp3,0
92,Afrikaans,92_Afrikaans.mp3,1
93,Afrikaans,93_Afrikaans.mp3,1
94,Afrikaans,94_Afrikaans.mp3,1
95,Afrikaans,95_Afrikaans.mp3,1
96,Afrikaans,96_Afrikaans.mp3,1
97,Afrikaans,97_Afrikaans.mp3,0
98,Afrikaans,98_Afrikaans.mp3,1
99,Afrikaans,99_Afrikaans.mp3,0
100,Afrikaans,100_Afrikaans.mp3,0
101,Afrikaans,101_Afrikaans.mp3,0
102,Afrikaans,102_Afrikaans.mp3,1
103,Afrikaans,103_Afrikaans.mp3,0
104,Afrikaans,104_Afrikaans.mp3,0
105,Afrikaans,105_Afrikaans.mp3,1
106,Afrikaans,106_Afrikaans.mp3,1
107,Afrikaans,107_Afrikaans.mp3,0
108,Afrikaans,108_Afrikaans.mp3,0
109,Afrikaans,109_Afrikaans.mp3,1
110,Afrikaans,110_Afrikaans.mp3,0
111,Afrikaans,111_Afrikaans.mp3,0
112,Afrikaans,112_Afrikaans.mp3,0
113,Afrikaans,113_Afrikaans.mp3,1
114,Afrikaans,114_Afrikaans.mp3,0
115,Afrikaans,115_Afrikaans.mp3,1
116,Afrikaans,116_Afrikaans.mp3,1
117,Afrikaans,117_Afrikaans.mp3,1
118,Afrikaans,118_Afrikaans.mp3,0
119,Afrikaans,119_Afrikaans.mp3,0
120,Afrikaans,120_Afrikaans.mp3,0
121,Afrikaans,121_Afrikaans.mp3,0
122,Afrikaans,122_Afrikaans.mp3,0
123,Afrikaans,123_Afrikaans.mp3,1
124,Afrikaans,124_Afrikaans.mp3,1
125,Afrikaans,125_Afrikaans.mp3,0
126,Afrikaans,126_Afrikaans.mp3,0
127,Afrikaans,127_Afrikaans.mp3,0
128,Afrikaans,128_Afrikaans.mp3,0
129,Afrikaans,129_Afrikaans.mp3,1
130,Afrikaans,130_Afrikaans.mp3,1
131,Afrikaans,131_Afrikaans.mp3,0
132,Afrikaans,132_Afrikaans.mp3,1
133,Afrikaans,133_Afrikaans.mp3,0
134,Afrikaans,134_Afrikaans.mp3,1
135,Afrikaans,135_Afrikaans.mp3,0
136,Afrikaans,136_Afrikaans.mp3,1
137,Afrikaans,137_Afrikaans.mp3,1
138,Afrikaans,138_Afrikaans.mp3,0
139,Afrikaans,139_Afrikaans.mp3,1
140,Afrikaans,140_Afrikaans.mp3,1
141,Afrikaans,141_Afrikaans.mp3,0
142,Afrikaans,142_Afrikaans.mp3,0
143,Afrikaans,143_Afrikaans.mp3,0
144,Afrikaans,144_Afrikaans.mp3,1
145,Afrikaans,145_Afrikaans.mp3,1
146,Afrikaans,146_Afrikaans.mp3,1
147,Afrikaans,147_Afrikaans.mp3,1
148,Afrikaans,148_Afrikaans.mp3,1
149,Afrikaans,149_Afrikaans.mp3,0
150,Afrikaans,150_Afrikaans.mp3,1
151,Afrikaans,151_Afrikaans.mp3,1
152,Afrikaans,152_Afrikaans.mp3,1
153,Afrikaans,153_Afrikaans.mp3,0
154,Afrikaans,154_Afrikaans.mp3,1
155,Afrikaans,155_Afrikaans.mp3,0
156,Afrikaans,156_Afrikaans.mp3,0
157,Afrikaans,157_Afrikaans.mp3,1
158,Afrikaans,158_Afrikaans.mp3,0
159,Afrikaans,159_Afrikaans.mp3,0
160,Afrikaans,160_Afrikaans.mp3,0
161,Afrikaans,161_Afrikaans.mp3,0
162,Afrikaans,162_Afrikaans.mp3,1
163,Afrikaans,163_Afrikaans.mp3,0
164,Afrikaans,164_Afrikaans.mp3,1
165,Afrikaans,165_Afrikaans.mp3,1
166,Afrikaans,166_Afrikaans.mp3,1
167,Afrikaans,167_Afrikaans.mp3,1
168,Afrikaans,168_Afrikaans.mp3,0
169,Afrikaans,169_Afrikaans.mp3,1
170,Afrikaans,170_Afrikaans.mp3,1
171,Afrikaans,171_Afrikaans.mp3,1
172,Afrikaans,172_Afrikaans.mp3,0
173,Afrikaans,173_Afrikaans.mp3,0
174,Afrikaans,174_Afrikaans.mp3,1
175,Afrikaans,175_Afrikaans.mp3,1
176,Afrikaans,176_Afrikaans.mp3,0
177,Afrikaans,177_Afrikaans.mp3,0
178,Albanian,1_Albanian.mp3,1
179,Albanian,2_Albanian.mp3,1
180,Albanian,3_Albanian.mp3,1
181,Albanian,4_Albanian.mp3,0
182,Albanian,5_Albanian.mp3,1
183,Albanian,6_Albanian.mp3,0
184,Albanian,7_Albanian.mp3,1
185,Albanian,8_Albanian.mp3,1
186,Albanian,9_Albanian.mp3,1
187,Albanian,10_Albanian.mp3,1
188,Albanian,11_Albanian.mp3,1
189,Albanian,12_Albanian.mp3,1
190,Albanian,13_Albanian.mp3,0
191,Albanian,14_Albanian.mp3,1
192,Albanian,15_Albanian.mp3,0
193,Albanian,16_Albanian.mp3,0
194,Albanian,17_Albanian.mp3,0
195,Albanian,18_Albanian.mp3,0
196,Albanian,19_Albanian.mp3,0
197,Albanian,20_Albanian.mp3,0
198,Albanian,21_Albanian.mp3,1
199,Albanian,22_Albanian.mp3,0
200,Albanian,23_Albanian.mp3,1
201,Albanian,24_Albanian.mp3,1
202,Albanian,25_Albanian.mp3,1
203,Albanian,26_Albanian.mp3,0
204,Albanian,27_Albanian.mp3,1
205,Albanian,28_Albanian.mp3,0
206,Albanian,29_Albanian.mp3,0
207,Albanian,30_Albanian.mp3,1
208,Albanian,31_Albanian.mp3,0
209,Albanian,32_Albanian.mp3,0
210,Albanian,33_Albanian.mp3,0
211,Albanian,34_Albanian.mp3,1
212,Albanian,35_Albanian.mp3,1
213,Albanian,36_Albanian.mp3,0
214,Albanian,37_Albanian.mp3,1
215,Albanian,38_Albanian.mp3,1
216,Albanian,39_Albanian.mp3,1
217,Albanian,40_Albanian.mp3,0
218,Albanian,41_Albanian.mp3,0
219,Albanian,42_Albanian.mp3,1
220,Albanian,43_Albanian.mp3,0
221,Albanian,44_Albanian.mp3,0
222,Albanian,45_Albanian.mp3,1
223,Albanian,46_Albanian.mp3,0
224,Albanian,47_Albanian.mp3,0
225,Albanian,48_Albanian.mp3,1
226,Albanian,49_Albanian.mp3,1
227,Albanian,50_Albanian.mp3,0
228,Albanian,51_Albanian.mp3,1
229,Albanian,52_Albanian.mp3,1
230,Albanian,53_Albanian.mp3,1
231,Albanian,54_Albanian.mp3,1
232,Albanian,55_Albanian.mp3,1
233,Albanian,56_Albanian.mp3,0
234,Albanian,57_Albanian.mp3,1
235,Albanian,58_Albanian.mp3,1
236,Albanian,59_Albanian.mp3,0
237,Albanian,60_Albanian.mp3,0
238,Albanian,61_Albanian.mp3,1
239,Albanian,62_Albanian.mp3,1
240,Albanian,63_Albanian.mp3,1
241,Albanian,64_Albanian.mp3,1
242,Albanian,65_Albanian.mp3,1
243,Albanian,66_Albanian.mp3,0
244,Albanian,67_Albanian.mp3,1
245,Albanian,68_Albanian.mp3,1
246,Albanian,69_Albanian.mp3,1
247,Albanian,70_Albanian.mp3,0
248,Albanian,71_Albanian.mp3,1
249,Albanian,72_Albanian.mp3,1
250,Albanian,73_Albanian.mp3,0
251,Albanian,74_Albanian.mp3,1
252,Albanian,75_Albanian.mp3,0
253,Albanian,76_Albanian.mp3,1
254,Albanian,77_Albanian.mp3,1
255,Albanian,78_Albanian.mp3,1
256,Albanian,79_Albanian.mp3,1
257,Albanian,80_Albanian.mp3,1
258,Albanian,81_Albanian.mp3,1
259,Albanian,82_Albanian.mp3,0
260,Albanian,83_Albanian.mp3,0
261,Albanian,84_Albanian.mp3,1
262,Albanian,85_Albanian.mp3,0
263,Albanian,86_Albanian.mp3,1
264,Albanian,87_Albanian.mp3,1
265,Albanian,88_Albanian.mp3,1
266,Albanian,89_Albanian.mp3,0
267,Albanian,90_Albanian.mp3,1
268,Albanian,91_Albanian.mp3,1
269,Albanian,92_Albanian.mp3,1
270,Albanian,93_Albanian.mp3,0
271,Albanian,94_Albanian.mp3,0
272,Albanian,95_Albanian.mp3,0
273,Albanian,96_Albanian.mp3,0
274,Albanian,97_Albanian.mp3,1
275,Albanian,98_Albanian.mp3,0
276,Albanian,99_Albanian.mp3,0
277,Albanian,100_Albanian.mp3,1
278,Albanian,101_Albanian.mp3,1
279,Albanian,102_Albanian.mp3,0
280,Albanian,103_Albanian.mp3,1
281,Albanian,104_Albanian.mp3,1
282,Albanian,105_Albanian.mp3,1
283,Albanian,106_Albanian.mp3,1
284,Albanian,107_Albanian.mp3,1
285,Albanian,108_Albanian.mp3,0
286,Albanian,109_Albanian.mp3,0
287,Albanian,110_Albanian.mp3,1
288,Albanian,111_Albanian.mp3,0
289,Albanian,112_Albanian.mp3,0
290,Albanian,113_Albanian.mp3,1
291,Albanian,114_Albanian.mp3,1
292,Albanian,115_Albanian.mp3,0
293,Albanian,116_Albanian.mp3,0
294,Albanian,117_Albanian.mp3,0
295,Albanian,118_Albanian.mp3,0
296,Albanian,119_Albanian.mp3,1
297,Albanian,120_Albanian.mp3,0
298,Albanian,121_Albanian.mp3,0
299,Albanian,122_Albanian.mp3,1
300,Albanian,123_Albanian.mp3,1
301,Albanian,124_Albanian.mp3,1
302,Albanian,125_Albanian.mp3,0
303,Albanian,126_Albanian.mp3,0
304,Albanian,127_Albanian.mp3,1
305,Albanian,128_Albanian.mp3,1
306,Albanian,129_Albanian.mp3,1
307,Albanian,130_Albanian.mp3,0
308,Albanian,131_Albanian.mp3,1
309,Albanian,132_Albanian.mp3,0
310,Albanian,133_Albanian.mp3,1
311,Albanian,134_Albanian.mp3,0
312,Albanian,135_Albanian.mp3,1
313,Albanian,136_Albanian.mp3,0
314,Albanian,137_Albanian.mp3,1
315,Albanian,138_Albanian.mp3,1
316,Albanian,139_Albanian.mp3,0
317,Albanian,140_Albanian.mp3,1
318,Albanian,141_Albanian.mp3,0
319,Albanian,142_Albanian.mp3,0
320,Albanian,143_Albanian.mp3,0
321,Albanian,144_Albanian.mp3,1
322,Albanian,145_Albanian.mp3,1
323,Albanian,146_Albanian.mp3,1
324,Albanian,147_Albanian.mp3,1
325,Albanian,148_Albanian.mp3,0
326,Albanian,149_Albanian.mp3,0
327,Albanian,150_Albanian.mp3,0
328,Albanian,151_Albanian.mp3,0
329,Albanian,152_Albanian.mp3,0
330,Albanian,153_Albanian.mp3,1
331,Albanian,154_Albanian.mp3,0
332,Albanian,155_Albanian.mp3,1
333,Albanian,156_Albanian.mp3,0
334,Albanian,157_Albanian.mp3,1
335,Albanian,158_Albanian.mp3,1
336,Albanian,159_Albanian.mp3,0
337,Albanian,160_Albanian.mp3,1
338,Albanian,161_Albanian.mp3,1
339,Albanian,162_Albanian.mp3,1
340,Albanian,163_Albanian.mp3,1
341,Albanian,164_Albanian.mp3,1
342,Albanian,165_Albanian.mp3,0
343,Albanian,166_Albanian.mp3,0
344,Albanian,167_Albanian.mp3,1
345,Albanian,168_Albanian.mp3,1
346,Albanian,169_Albanian.mp3,1
347,Albanian,170_Albanian.mp3,0
348,Albanian,171_Albanian.mp3,0
349,Albanian,172_Albanian.mp3,0
350,Albanian,173_Albanian.mp3,0
351,Albanian,174_Albanian.mp3,1
352,Albanian,175_Albanian.mp3,0
353,Albanian,176_Albanian.mp3,0
354,Albanian,177_Albanian.mp3,0
355,Albanian,178_Albanian.mp3,0
356,Albanian,179_Albanian.mp3,1
357,Albanian,180_Albanian.mp3,1
358,Albanian,181_Albanian.mp3,1
359,Albanian,182_Albanian.mp3,1
360,Albanian,183_Albanian.mp3,0
361,Albanian,184_Albanian.mp3,1
362,Albanian,185_Albanian.mp3,1
363,Albanian,186_Albanian.mp3,1
364,Albanian,187_Albanian.mp3,1
365,Albanian,188_Albanian.mp3,1
366,Albanian,189_Albanian.mp3,0
367,Albanian,190_Albanian.mp3,1
368,Albanian,191_Albanian.mp3,0
369,Albanian,192_Albanian.mp3,1
370,Albanian,193_Albanian.mp3,1
371,Albanian,194_Albanian.mp3,0
372,Albanian,195_Albanian.mp3,1
373,Albanian,196_Albanian.mp3,1
374,Albanian,197_Albanian.mp3,0
375,Albanian,198_Albanian.mp3,1
376,Albanian,199_Albanian.mp3,1
377,Albanian,200_Albanian.mp3,0
378,Albanian,201_Albanian.mp3,0
379,Albanian,202_Albanian.mp3,1
380,Albanian,203_Albanian.mp3,0
381,Albanian,204_Albanian.mp3,1
382,Albanian,205_Albanian.mp3,0
383,Albanian,206_Albanian.mp3,0
384,Albanian,207_Albanian.mp3,0
385,Albanian,208_Albanian.mp3,1
386,Albanian,209_Albanian.mp3,0
387,Albanian,210_Albanian.mp3,0
388,Albanian,211_Albanian.mp3,1
389,Albanian,212_Albanian.mp3,1
390,Albanian,213_Albanian.mp3,1
391,Albanian,214_Albanian.mp3,1
392,Albanian,215_Albanian.mp3,1
393,Albanian,216_Albanian.mp3,1
394,Albanian,217_Albanian.mp3,0
395,Albanian,218_Albanian.mp3,1
396,Albanian,219_Albanian.mp3,1
397,Albanian,220_Albanian.mp3,1
398,Albanian,221_Albanian.mp3,0
399,Albanian,222_Albanian.mp3,1
400,Albanian,223_Albanian.mp3,0
401,Albanian,224_Albanian.mp3,0
402,Albanian,225_Albanian.mp3,1
403,Albanian,226_Albanian.mp3,1
404,Amharic,1_Amharic.mp3,0
405,Amharic,2_Amharic.mp3,1
406,Amharic,3_Amharic.mp3,1
407,Amharic,4_Amharic.mp3,0
408,Amharic,5_Amharic.mp3,0
409,Amharic,6_Amharic.mp3,0
410,Amharic,7_Amharic.mp3,0
411,Amharic,8_Amharic.mp3,1
412,Amharic,9_Amharic.mp3,1
413,Amharic,10_Amharic.mp3,0
414,Amharic,11_Amharic.mp3,0
415,Amharic,12_Amharic.mp3,1
416,Amharic,13_Amharic.mp3,0
417,Amharic,14_Amharic.mp3,0
418,Amharic,15_Amharic.mp3,1
419,Amharic,16_Amharic.mp3,0
420,Amharic,17_Amharic.mp3,0
421,Amharic,18_Amharic.mp3,0
422,Amharic,19_Amharic.mp3,1
423,Amharic,20_Amharic.mp3,1
424,Amharic,21_Amharic.mp3,0
425,Amharic,22_Amharic.mp3,1
426,Amharic,23_Amharic.mp3,0
427,Amharic,24_Amharic.mp3,0
428,Amharic,25_Amharic.mp3,1
429,Amharic,26_Amharic.mp3,0
430,Amharic,27_Amharic.mp3,0
431,Amharic,28_Amharic.mp3,1
432,Amharic,29_Amharic.mp3,1
433,Amharic,30_Amharic.mp3,1
434,Amharic,31_Amharic.mp3,0
435,Amharic,32_Amharic.mp3,1
436,Amharic,33_Amharic.mp3,1
437,Amharic,34_Amharic.mp3,0
438,Amharic,35_Amharic.mp3,0
439,Amharic,36_Amharic.mp3,1
440,Amharic,37_Amharic.mp3,1
441,Amharic,38_Amharic.mp3,1
442,Amharic,39_Amharic.mp3,0
443,Amharic,40_Amharic.mp3,1
444,Amharic,41_Amharic.mp3,1
445,Amharic,42_Amharic.mp3,0
446,Amharic,43_Amharic.mp3,0
447,Amharic,44_Amharic.mp3,1
448,Amharic,45_Amharic.mp3,0
449,Amharic,46_Amharic.mp3,0
450,Amharic,47_Amharic.mp3,1
451,Amharic,48_Amharic.mp3,1
452,Amharic,49_Amharic.mp3,1
453,Amharic,50_Amharic.mp3,1
454,Amharic,51_Amharic.mp3,1
455,Amharic,52_Amharic.mp3,1
456,Amharic,53_Amharic.mp3,0
457,Amharic,54_Amharic.mp3,0
458,Amharic,55_Amharic.mp3,0
459,Amharic,56_Amharic.mp3,1
460,Amharic,57_Amharic.mp3,0
461,Amharic,58_Amharic.mp3,1
462,Amharic,59_Amharic.mp3,1
463,Amharic,60_Amharic.mp3,1
464,Amharic,61_Amharic.mp3,0
465,Amharic,62_Amharic.mp3,1
466,Amharic,63_Amharic.mp3,0
467,Amharic,64_Amharic.mp3,0
468,Amharic,65_Amharic.mp3,1
469,Amharic,66_Amharic.mp3,1
470,Amharic,67_Amharic.mp3,1
471,Amharic,68_Amharic.mp3,1
472,Amharic,69_Amharic.mp3,1
473,Amharic,70_Amharic.mp3,1
474,Amharic,71_Amharic.mp3,0
475,Amharic,72_Amharic.mp3,1
476,Amharic,73_Amharic.mp3,1
477,Amharic,74_Amharic.mp3,0
478,Amharic,75_Amharic.mp3,1
479,Amharic,76_Amharic.mp3,1
480,Amharic,77_Amharic.mp3,1
481,Amharic,78_Amharic.mp3,1
482,Amharic,79_Amharic.mp3,0
483,Amharic,80_Amharic.mp3,0
484,Amharic,81_Amharic.mp3,1
485,Amharic,82_Amharic.mp3,1
486,Amharic,83_Amharic.mp3,1
487,Amharic,84_Amharic.mp3,1
488,Amharic,85_Amharic.mp3,0
489,Amharic,86_Amharic.mp3,0
490,Amharic,87_Amharic.mp3,1
491,Amharic,88_Amharic.mp3,1
492,Amharic,89_Amharic.mp3,1
493,Amharic,90_Amharic.mp3,0
494,Amharic,91_Amharic.mp3,1
495,Amharic,92_Amharic.mp3,0
496,Amharic,93_Amharic.mp3,0
497,Amharic,94_Amharic.mp3,1
498,Amharic,95_Amharic.mp3,0
499,Amharic,96_Amharic.mp3,1
500,Amharic,97_Amharic.mp3,0
501,Amharic,98_Amharic.mp3,0
502,Amharic,99_Amharic.mp3,0
503,Amharic,100_Amharic.mp3,1
504,Amharic,101_Amharic.mp3,1
505,Amharic,102_Amharic.mp3,1
506,Amharic,103_Amharic.mp3,1
507,Amharic,104_Amharic.mp3,0
508,Amharic,105_Amharic.mp3,0
509,Amharic,106_Amharic.mp3,0
510,Amharic,107_Amharic.mp3,0
511,Amharic,108_Amharic.mp3,1
512,Amharic,109_Amharic.mp3,1
513,Amharic,110_Amharic.mp3,1
514,Amharic,111_Amharic.mp3,1
515,Amharic,112_Amharic.mp3,1
516,Amharic,113_Amharic.mp3,0
517,Amharic,114_Amharic.mp3,0
518,Amharic,115_Amharic.mp3,0
519,Amharic,116_Amharic.mp3,1
520,Amharic,117_Amharic.mp3,1
521,Amharic,118_Amharic.mp3,1
522,Amharic,119_Amharic.mp3,0
523,Amharic,120_Amharic.mp3,1
524,Amharic,121_Amharic.mp3,0
525,Amharic,122_Amharic.mp3,0
526,Amharic,123_Amharic.mp3,0
527,Amharic,124_Amharic.mp3,0
528,Amharic,125_Amharic.mp3,0
529,Amharic,126_Amharic.mp3,0
530,Amharic,127_Amharic.mp3,1
531,Amharic,128_Amharic.mp3,0
532,Amharic,129_Amharic.mp3,0
533,Amharic,130_Amharic.mp3,0
534,Amharic,131_Amharic.mp3,1
535,Amharic,132_Amharic.mp3,1
536,Amharic,133_Amharic.mp3,1
537,Amharic,134_Amharic.mp3,1
538,Amharic,135_Amharic.mp3,1
539,Amharic,136_Amharic.mp3,0
540,Amharic,137_Amharic.mp3,1
541,Amharic,138_Amharic.mp3,1
542,Amharic,139_Amharic.mp3,1
543,Amharic,140_Amharic.mp3,0
544,Amharic,141_Amharic.mp3,1
545,Amharic,142_Amharic.mp3,0
546,Amharic,143_Amharic.mp3,1
547,Amharic,144_Amharic.mp3,1
548,Amharic,145_Amharic.mp3,0
549,Amharic,146_Amharic.mp3,1
550,Amharic,147_Amharic.mp3,1
551,Amharic,148_Amharic.mp3,1
552,Amharic,149_Amharic.mp3,1
553,Amharic,150_Amharic.mp3,1
554,Amharic,151_Amharic.mp3,0
555,Amharic,152_Amharic.mp3,0
556,Amharic,153_Amharic.mp3,0
557,Amharic,154_Amharic.mp3,1
558,Amharic,155_Amharic.mp3,1
559,Amharic,156_Amharic.mp3,1
560,Amharic,157_Amharic.mp3,1
561,Amharic,158_Amharic.mp3,0
562,Amharic,159_Amharic.mp3,1
563,Amharic,160_Amharic.mp3,1
564,Amharic,161_Amharic.mp3,0
565,Amharic,162_Amharic.mp3,1
566,Amharic,163_Amharic.mp3,0
567,Amharic,164_Amharic.mp3,1
568,Amharic,165_Amharic.mp3,0
569,Amharic,166_Amharic.mp3,0
570,Amharic,167_Amharic.mp3,1
571,Amharic,168_Amharic.mp3,1
572,Amharic,169_Amharic.mp3,1
573,Amharic,170_Amharic.mp3,0
574,Amharic,171_Amharic.mp3,0
575,Amharic,172_Amharic.mp3,0
576,Amharic,173_Amharic.mp3,0
577,Amharic,174_Amharic.mp3,0
578,Amharic,175_Amharic.mp3,1
579,Amharic,176_Amharic.mp3,0
580,Amharic,177_Amharic.mp3,1
581,Amharic,178_Amharic.mp3,0
582,Amharic,179_Amharic.mp3,1
583,Amharic,180_Amharic.mp3,1
584,Amharic,181_Amharic.mp3,1
585,Amharic,182_Amharic.mp3,1
586,Amharic,183_Amharic.mp3,1
587,Amharic,184_Amharic.mp3,0
588,Amharic,185_Amharic.mp3,1
589,Amharic,186_Amharic.mp3,1
590,Amharic,187_Amharic.mp3,1
591,Amharic,188_Amharic.mp3,1
592,Amharic,189_Amharic.mp3,1
593,Amharic,190_Amharic.mp3,0
594,Amharic,191_Amharic.mp3,1
595,Amharic,192_Amharic.mp3,0
596,Amharic,193_Amharic.mp3,1
597,Amharic,194_Amharic.mp3,1
598,Amharic,195_Amharic.mp3,1
599,Amharic,196_Amharic.mp3,0
600,Amharic,197_Amharic.mp3,1
601,Amharic,198_Amharic.mp3,1
602,Amharic,199_Amharic.mp3,1
603,Amharic,200_Amharic.mp3,1
604,Amharic,201_Amharic.mp3,1
605,Amharic,202_Amharic.mp3,1
606,Amharic,203_Amharic.mp3,1
607,Amharic,204_Amharic.mp3,0
608,Amharic,205_Amharic.mp3,1
609,Amharic,206_Amharic.mp3,1
610,Amharic,207_Amharic.mp3,0
611,Amharic,208_Amharic.mp3,1
612,Amharic,209_Amharic.mp3,1
613,Amharic,210_Amharic.mp3,1
614,Amharic,211_Amharic.mp3,1
615,Amharic,212_Amharic.mp3,1
616,Amharic,213_Amharic.mp3,0
617,Amharic,214_Amharic.mp3,0
618,Amharic,215_Amharic.mp3,1
619,Amharic,216_Amharic.mp3,1
620,Amharic,217_Amharic.mp3,1
621,Amharic,218_Amharic.mp3,1
622,Amharic,219_Amharic.mp3,0
623,Amharic,220_Amharic.mp3,0
624,Amharic,221_Amharic.mp3,1
625,Amharic,222_Amharic.mp3,0
626,Amharic,223_Amharic.mp3,1
627,Amharic,224_Amharic.mp3,0
628,Amharic,225_Amharic.mp3,1
629,Amharic,226_Amharic.mp3,1
630,Amharic,227_Amharic.mp3,0
631,Amharic,228_Amharic.mp3,1
632,Amharic,229_Amharic.mp3,1
633,Amharic,230_Amharic.mp3,0
634,Amharic,231_Amharic.mp3,1
635,Arabic(Algeria),1_Arabic(Algeria).mp3,1
636,Arabic(Algeria),2_Arabic(Algeria).mp3,1
637,Arabic(Algeria),3_Arabic(Algeria).mp3,1
638,Arabic(Algeria),4_Arabic(Algeria).mp3,0
639,Arabic(Algeria),5_Arabic(Algeria).mp3,0
640,Arabic(Algeria),6_Arabic(Algeria).mp3,1
641,Arabic(Algeria),7_Arabic(Algeria).mp3,1
642,Arabic(Algeria),8_Arabic(Algeria).mp3,0
643,Arabic(Algeria),9_Arabic(Algeria).mp3,0
644,Arabic(Algeria),10_Arabic(Algeria).mp3,0
645,Arabic(Algeria),11_Arabic(Algeria).mp3,1
646,Arabic(Algeria),12_Arabic(Algeria).mp3,1
647,Arabic(Algeria),13_Arabic(Algeria).mp3,1
648,Arabic(Algeria),14_Arabic(Algeria).mp3,1
649,Arabic(Algeria),15_Arabic(Algeria).mp3,0
650,Arabic(Algeria),16_Arabic(Algeria).mp3,1
651,Arabic(Algeria),17_Arabic(Algeria).mp3,0
652,Arabic(Algeria),18_Arabic(Algeria).mp3,0
653,Arabic(Algeria),19_Arabic(Algeria).mp3,1
654,Arabic(Algeria),20_Arabic(Algeria).mp3,1
655,Arabic(Algeria),21_Arabic(Algeria).mp3,0
656,Arabic(Algeria),22_Arabic(Algeria).mp3,0
657,Arabic(Algeria),23_Arabic(Algeria).mp3,1
658,Arabic(Algeria),24_Arabic(Algeria).mp3,1
659,Arabic(Algeria),25_Arabic(Algeria).mp3,1
660,Arabic(Algeria),26_Arabic(Algeria).mp3,0
661,Arabic(Algeria),27_Arabic(Algeria).mp3,1
662,Arabic(Algeria),28_Arabic(Algeria).mp3,1
663,Arabic(Algeria),29_Arabic(Algeria).mp3,1
664,Arabic(Algeria),30_Arabic(Algeria).mp3,1
665,Arabic(Algeria),31_Arabic(Algeria).mp3,0
666,Arabic(Algeria),32_Arabic(Algeria).mp3,0
667,Arabic(Algeria),33_Arabic(Algeria).mp3,1
668,Arabic(Algeria),34_Arabic(Algeria).mp3,1
669,Arabic(Algeria),35_Arabic(Algeria).mp3,1
670,Arabic(Algeria),36_Arabic(Algeria).mp3,1
671,Arabic(Algeria),37_Arabic(Algeria).mp3,1
672,Arabic(Algeria),38_Arabic(Algeria).mp3,1
673,Arabic(Algeria),39_Arabic(Algeria).mp3,0
674,Arabic(Algeria),40_Arabic(Algeria).mp3,1
675,Arabic(Algeria),41_Arabic(Algeria).mp3,0
676,Arabic(Algeria),42_Arabic(Algeria).mp3,0
677,Arabic(Algeria),43_Arabic(Algeria).mp3,1
678,Arabic(Algeria),44_Arabic(Algeria).mp3,0
679,Arabic(Algeria),45_Arabic(Algeria).mp3,0
680,Arabic(Algeria),46_Arabic(Algeria).mp3,0
681,Arabic(Algeria),47_Arabic(Algeria).mp3,1
682,Arabic(Algeria),48_Arabic(Algeria).mp3,1
683,Arabic(Algeria),49_Arabic(Algeria).mp3,1
684,Arabic(Algeria),50_Arabic(Algeria).mp3,0
685,Arabic(Algeria),51_Arabic(Algeria).mp3,1
686,Arabic(Algeria),52_Arabic(Algeria).mp3,1
687,Arabic(Algeria),53_Arabic(Algeria).mp3,0
688,Arabic(Algeria),54_Arabic(Algeria).mp3,0
689,Arabic(Algeria),55_Arabic(Algeria).mp3,1
690,Arabic(Algeria),56_Arabic(Algeria).mp3,0
691,Arabic(Algeria),57_Arabic(Algeria).mp3,0
692,Arabic(Algeria),58_Arabic(Algeria).mp3,0
693,Arabic(Algeria),59_Arabic(Algeria).mp3,1
694,Arabic(Algeria),60_Arabic(Algeria).mp3,0
695,Arabic(Algeria),61_Arabic(Algeria).mp3,1
696,Arabic(Algeria),62_Arabic(Algeria).mp3,1
697,Arabic(Algeria),63_Arabic(Algeria).mp3,1
698,Arabic(Algeria),64_Arabic(Algeria).mp3,0
699,Arabic(Algeria),65_Arabic(Algeria).mp3,0
700,Arabic(Algeria),66_Arabic(Algeria).mp3,1
701,Arabic(Algeria),67_Arabic(Algeria).mp3,1
702,Arabic(Algeria),68_Arabic(Algeria).mp3,1
703,Arabic(Algeria),69_Arabic(Algeria).mp3,1
704,Arabic(Algeria),70_Arabic(Algeria).mp3,0
705,Arabic(Algeria),71_Arabic(Algeria).mp3,0
706,Arabic(Algeria),72_Arabic(Algeria).mp3,1
707,Arabic(Algeria),73_Arabic(Algeria).mp3,0
708,Arabic(Algeria),74_Arabic(Algeria).mp3,1
709,Arabic(Algeria),75_Arabic(Algeria).mp3,0
710,Arabic(Algeria),76_Arabic(Algeria).mp3,1
711,Arabic(Algeria),77_Arabic(Algeria).mp3,1
712,Arabic(Algeria),78_Arabic(Algeria).mp3,1
713,Arabic(Algeria),79_Arabic(Algeria).mp3,0
714,Arabic(Algeria),80_Arabic(Algeria).mp3,0
715,Arabic(Algeria),81_Arabic(Algeria).mp3,0
716,Arabic(Algeria),82_Arabic(Algeria).mp3,0
717,Arabic(Algeria),83_Arabic(Algeria).mp3,1
718,Arabic(Algeria),84_Arabic(Algeria).mp3,0
719,Arabic(Algeria),85_Arabic(Algeria).mp3,0
720,Arabic(Algeria),86_Arabic(Algeria).mp3,1
721,Arabic(Algeria),87_Arabic(Algeria).mp3,0
722,Arabic(Algeria),88_Arabic(Algeria).mp3,1
723,Arabic(Algeria),89_Arabic(Algeria).mp3,0
724,Arabic(Algeria),90_Arabic(Algeria).mp3,0
725,Arabic(Algeria),91_Arabic(Algeria).mp3,1
726,Arabic(Algeria),92_Arabic(Algeria).mp3,1
727,Arabic(Algeria),93_Arabic(Algeria).mp3,1
728,Arabic(Algeria),94_Arabic(Algeria).mp3,1
729,Arabic(Algeria),95_Arabic(Algeria).mp3,1
730,Arabic(Algeria),96_Arabic(Algeria).mp3,1
731,Arabic(Algeria),97_Arabic(Algeria).mp3,1
732,Arabic(Algeria),98_Arabic(Algeria).mp3,0
733,Arabic(Algeria),99_Arabic(Algeria).mp3,1
734,Arabic(Algeria),100_Arabic(Algeria).mp3,0
735,Arabic(Algeria),101_Arabic(Algeria).mp3,0
736,Arabic(Algeria),102_Arabic(Algeria).mp3,0
737,Arabic(Algeria),103_Arabic(Algeria).mp3,1
738,Arabic(Algeria),104_Arabic(Algeria).mp3,1
739,Arabic(Algeria),105_Arabic(Algeria).mp3,0
740,Arabic(Algeria),106_Arabic(Algeria).mp3,0
741,Arabic(Algeria),107_Arabic(Algeria).mp3,1
742,Arabic(Algeria),108_Arabic(Algeria).mp3,1
743,Arabic(Algeria),109_Arabic(Algeria).mp3,0
744,Arabic(Algeria),110_Arabic(Algeria).mp3,1
745,Arabic(Algeria),111_Arabic(Algeria).mp3,0
746,Arabic(Algeria),112_Arabic(Algeria).mp3,1
747,Arabic(Algeria),113_Arabic(Algeria).mp3,0
748,Arabic(Algeria),114_Arabic(Algeria).mp3,1
749,Arabic(Algeria),115_Arabic(Algeria).mp3,0
750,Arabic(Algeria),116_Arabic(Algeria).mp3,0
751,Arabic(Algeria),117_Arabic(Algeria).mp3,1
752,Arabic(Algeria),118_Arabic(Algeria).mp3,1
753,Arabic(Algeria),119_Arabic(Algeria).mp3,0
754,Arabic(Algeria),120_Arabic(Algeria).mp3,0
755,Arabic(Algeria),121_Arabic(Algeria).mp3,0
756,Arabic(Algeria),122_Arabic(Algeria).mp3,1
757,Arabic(Algeria),123_Arabic(Algeria).mp3,0
758,Arabic(Algeria),124_Arabic(Algeria).mp3,1
759,Arabic(Algeria),125_Arabic(Algeria).mp3,1
760,Arabic(Algeria),126_Arabic(Algeria).mp3,1
761,Arabic(Algeria),127_Arabic(Algeria).mp3,1
762,Arabic(Algeria),128_Arabic(Algeria).mp3,0
763,Arabic(Algeria),129_Arabic(Algeria).mp3,1
764,Arabic(Algeria),130_Arabic(Algeria).mp3,0
765,Arabic(Algeria),131_Arabic(Algeria).mp3,1
766,Arabic(Algeria),132_Arabic(Algeria).mp3,1
767,Arabic(Algeria),133_Arabic(Algeria).mp3,1
768,Arabic(Algeria),134_Arabic(Algeria).mp3,0
769,Arabic(Algeria),135_Arabic(Algeria).mp3,1
770,Arabic(Algeria),136_Arabic(Algeria).mp3,1
771,Arabic(Algeria),137_Arabic(Algeria).mp3,0
772,Arabic(Algeria),138_Arabic(Algeria).mp3,0
773,Arabic(Algeria),139_Arabic(Algeria).mp3,1
774,Arabic(Algeria),140_Arabic(Algeria).mp3,0
775,Arabic(Algeria),141_Arabic(Algeria).mp3,0
776,Arabic(Algeria),142_Arabic(Algeria).mp3,1
777,Arabic(Algeria),143_Arabic(Algeria).mp3,0
778,Arabic(Algeria),144_Arabic(Algeria).mp3,1
779,Arabic(Algeria),145_Arabic(Algeria).mp3,1
780,Arabic(Algeria),146_Arabic(Algeria).mp3,1
781,Arabic(Algeria),147_Arabic(Algeria).mp3,1
782,Arabic(Algeria),148_Arabic(Algeria).mp3,0
783,Arabic(Algeria),149_Arabic(Algeria).mp3,1
784,Arabic(Algeria),150_Arabic(Algeria).mp3,1
785,Arabic(Algeria),151_Arabic(Algeria).mp3,1
786,Arabic(Algeria),152_Arabic(Algeria).mp3,1
787,Arabic(Algeria),153_Arabic(Algeria).mp3,0
788,Arabic(Algeria),154_Arabic(Algeria).mp3,1
789,Arabic(Algeria),155_Arabic(Algeria).mp3,1
790,Arabic(Algeria),156_Arabic(Algeria).mp3,1
791,Arabic(Algeria),157_Arabic(Algeria).mp3,0
792,Arabic(Algeria),158_Arabic(Algeria).mp3,1
793,Arabic(Algeria),159_Arabic(Algeria).mp3,1
794,Arabic(Algeria),160_Arabic(Algeria).mp3,1
795,Arabic(Algeria),161_Arabic(Algeria).mp3,1
796,Arabic(Algeria),162_Arabic(Algeria).mp3,0
797,Arabic(Algeria),163_Arabic(Algeria).mp3,0
798,Arabic(Algeria),164_Arabic(Algeria).mp3,0
799,Arabic(Algeria),165_Arabic(Algeria).mp3,1
800,Arabic(Algeria),166_Arabic(Algeria).mp3,0
801,Arabic(Algeria),167_Arabic(Algeria).mp3,0
802,Arabic(Algeria),168_Arabic(Algeria).mp3,1
803,Arabic(Algeria),169_Arabic(Algeria).mp3,1
804,Arabic(Algeria),170_Arabic(Algeria).mp3,1
805,Arabic(Algeria),171_Arabic(Algeria).mp3,1
806,Arabic(Algeria),172_Arabic(Algeria).mp3,1
807,Arabic(Algeria),173_Arabic(Algeria).mp3,1
808,Arabic(Algeria),174_Arabic(Algeria).mp3,1
809,Arabic(Algeria),175_Arabic(Algeria).mp3,1
810,Arabic(Algeria),176_Arabic(Algeria).mp3,1
811,Arabic(Algeria),177_Arabic(Algeria).mp3,1
812,Arabic(Algeria),178_Arabic(Algeria).mp3,1
813,Arabic(Algeria),179_Arabic(Algeria).mp3,0
814,Arabic(Algeria),180_Arabic(Algeria).mp3,1
815,Arabic(Algeria),181_Arabic(Algeria).mp3,1
816,Arabic(Algeria),182_Arabic(Algeria).mp3,0
817,Arabic(Algeria),183_Arabic(Algeria).mp3,0
818,Arabic(Algeria),184_Arabic(Algeria).mp3,0
819,Arabic(Algeria),185_Arabic(Algeria).mp3,0
820,Arabic(Algeria),186_Arabic(Algeria).mp3,1
821,Arabic(Algeria),187_Arabic(Algeria).mp3,1
822,Arabic(Algeria),188_Arabic(Algeria).mp3,0
823,Arabic(Algeria),189_Arabic(Algeria).mp3,1
824,Arabic(Algeria),190_Arabic(Algeria).mp3,0
825,Arabic(Algeria),191_Arabic(Algeria).mp3,1
826,Arabic(Algeria),192_Arabic(Algeria).mp3,0
827,Arabic(Algeria),193_Arabic(Algeria).mp3,0
828,Arabic(Algeria),194_Arabic(Algeria).mp3,0
829,Arabic(Algeria),195_Arabic(Algeria).mp3,0
830,Arabic(Algeria),196_Arabic(Algeria).mp3,0
831,Arabic(Algeria),197_Arabic(Algeria).mp3,1
832,Arabic(Algeria),198_Arabic(Algeria).mp3,1
833,Arabic(Algeria),199_Arabic(Algeria).mp3,1
834,Arabic(Algeria),200_Arabic(Algeria).mp3,1
835,Arabic(Algeria),201_Arabic(Algeria).mp3,1
836,Arabic(Algeria),202_Arabic(Algeria).mp3,0
837,Arabic(Algeria),203_Arabic(Algeria).mp3,1
838,Arabic(Algeria),204_Arabic(Algeria).mp3,0
839,Arabic(Algeria),205_Arabic(Algeria).mp3,0
840,Arabic(Algeria),206_Arabic(Algeria).mp3,0
841,Arabic(Algeria),207_Arabic(Algeria).mp3,0
842,Arabic(Algeria),208_Arabic(Algeria).mp3,0
843,Arabic(Algeria),209_Arabic(Algeria).mp3,0
844,Arabic(Algeria),210_Arabic(Algeria).mp3,1
845,Arabic(Algeria),211_Arabic(Algeria).mp3,1
846,Arabic(Algeria),212_Arabic(Algeria).mp3,0
847,Arabic(Algeria),213_Arabic(Algeria).mp3,1
848,Arabic(Algeria),214_Arabic(Algeria).mp3,0
849,Arabic(Algeria),215_Arabic(Algeria).mp3,1
850,Arabic(Algeria),216_Arabic(Algeria).mp3,1
851,Arabic(Algeria),217_Arabic(Algeria).mp3,1
852,Arabic(Algeria),218_Arabic(Algeria).mp3,1
853,Arabic(Algeria),219_Arabic(Algeria).mp3,1
854,Arabic(Algeria),220_Arabic(Algeria).mp3,1
855,Arabic(Algeria),221_Arabic(Algeria).mp3,1
856,Arabic(Algeria),222_Arabic(Algeria).mp3,1
857,Arabic(Algeria),223_Arabic(Algeria).mp3,1
858,Arabic(Algeria),224_Arabic(Algeria).mp3,1
859,Arabic(Algeria),225_Arabic(Algeria).mp3,0
860,Arabic(Algeria),226_Arabic(Algeria).mp3,1
861,Arabic(Algeria),227_Arabic(Algeria).mp3,1
862,Arabic(Algeria),228_Arabic(Algeria).mp3,0
863,Arabic(Algeria),229_Arabic(Algeria).mp3,1
864,Arabic(Algeria),230_Arabic(Algeria).mp3,1
865,Arabic(Algeria),231_Arabic(Algeria).mp3,1
866,Arabic(Algeria),232_Arabic(Algeria).mp3,1
867,Arabic(Algeria),233_Arabic(Algeria).mp3,1
868,Arabic(Algeria),234_Arabic(Algeria).mp3,1
869,Arabic(Algeria),235_Arabic(Algeria).mp3,1
870,Arabic(Algeria),236_Arabic(Algeria).mp3,1
871,Arabic(Egypt),1_Arabic(Egypt).mp3,0
872,Arabic(Egypt),2_Arabic(Egypt).mp3,1
873,Arabic(Egypt),3_Arabic(Egypt).mp3,1
874,Arabic(Egypt),4_Arabic(Egypt).mp3,1
875,Arabic(Egypt),5_Arabic(Egypt).mp3,0
876,Arabic(Egypt),6_Arabic(Egypt).mp3,1
877,Arabic(Egypt),7_Arabic(Egypt).mp3,0
878,Arabic(Egypt),8_Arabic(Egypt).mp3,1
879,Arabic(Egypt),9_Arabic(Egypt).mp3,0
880,Arabic(Egypt),10_Arabic(Egypt).mp3,1
881,Arabic(Egypt),11_Arabic(Egypt).mp3,0
882,Arabic(Egypt),12_Arabic(Egypt).mp3,1
883,Arabic(Egypt),13_Arabic(Egypt).mp3,1
884,Arabic(Egypt),14_Arabic(Egypt).mp3,1
885,Arabic(Egypt),15_Arabic(Egypt).mp3,0
886,Arabic(Egypt),16_Arabic(Egypt).mp3,1
887,Arabic(Egypt),17_Arabic(Egypt).mp3,0
888,Arabic(Egypt),18_Arabic(Egypt).mp3,0
889,Arabic(Egypt),19_Arabic(Egypt).mp3,1
890,Arabic(Egypt),20_Arabic(Egypt).mp3,0
891,Arabic(Egypt),21_Arabic(Egypt).mp3,0
892,Arabic(Egypt),22_Arabic(Egypt).mp3,1
893,Arabic(Egypt),23_Arabic(Egypt).mp3,0
894,Arabic(Egypt),24_Arabic(Egypt).mp3,1
895,Arabic(Egypt),25_Arabic(Egypt).mp3,1
896,Arabic(Egypt),26_Arabic(Egypt).mp3,1
897,Arabic(Egypt),27_Arabic(Egypt).mp3,0
898,Arabic(Egypt),28_Arabic(Egypt).mp3,1
899,Arabic(Egypt),29_Arabic(Egypt).mp3,1
900,Arabic(Egypt),30_Arabic(Egypt).mp3,1
901,Arabic(Egypt),31_Arabic(Egypt).mp3,1
902,Arabic(Egypt),32_Arabic(Egypt).mp3,0
903,Arabic(Egypt),33_Arabic(Egypt).mp3,1
904,Arabic(Egypt),34_Arabic(Egypt).mp3,1
905,Arabic(Egypt),35_Arabic(Egypt).mp3,0
906,Arabic(Egypt),36_Arabic(Egypt).mp3,0
907,Arabic(Egypt),37_Arabic(Egypt).mp3,1
908,Arabic(Egypt),38_Arabic(Egypt).mp3,1
909,Arabic(Egypt),39_Arabic(Egypt).mp3,0
910,Arabic(Egypt),40_Arabic(Egypt).mp3,1
911,Arabic(Egypt),41_Arabic(Egypt).mp3,1
912,Arabic(Egypt),42_Arabic(Egypt).mp3,0
913,Arabic(Egypt),43_Arabic(Egypt).mp3,0
914,Arabic(Egypt),44_Arabic(Egypt).mp3,0
915,Arabic(Egypt),45_Arabic(Egypt).mp3,0
916,Arabic(Egypt),46_Arabic(Egypt).mp3,0
917,Arabic(Egypt),47_Arabic(Egypt).mp3,1
918,Arabic(Egypt),48_Arabic(Egypt).mp3,1
919,Arabic(Egypt),49_Arabic(Egypt).mp3,0
920,Arabic(Egypt),50_Arabic(Egypt).mp3,0
921,Arabic(Egypt),51_Arabic(Egypt).mp3,0
922,Arabic(Egypt),52_Arabic(Egypt).mp3,0
923,Arabic(Egypt),53_Arabic(Egypt).mp3,0
924,Arabic(Egypt),54_Arabic(Egypt).mp3,0
925,Arabic(Egypt),55_Arabic(Egypt).mp3,0
926,Arabic(Egypt),56_Arabic(Egypt).mp3,0
927,Arabic(Egypt),57_Arabic(Egypt).mp3,1
928,Arabic(Egypt),58_Arabic(Egypt).mp3,0
929,Arabic(Egypt),59_Arabic(Egypt).mp3,0
930,Arabic(Egypt),60_Arabic(Egypt).mp3,0
931,Arabic(Egypt),61_Arabic(Egypt).mp3,1
932,Arabic(Egypt),62_Arabic(Egypt).mp3,1
933,Arabic(Egypt),63_Arabic(Egypt).mp3,1
934,Arabic(Egypt),64_Arabic(Egypt).mp3,1
935,Arabic(Egypt),65_Arabic(Egypt).mp3,1
936,Arabic(Egypt),66_Arabic(Egypt).mp3,1
937,Arabic(Egypt),67_Arabic(Egypt).mp3,1
938,Arabic(Egypt),68_Arabic(Egypt).mp3,1
939,Arabic(Egypt),69_Arabic(Egypt).mp3,1
940,Arabic(Egypt),70_Arabic(Egypt).mp3,0
941,Arabic(Egypt),71_Arabic(Egypt).mp3,0
942,Arabic(Egypt),72_Arabic(Egypt).mp3,1
943,Arabic(Egypt),73_Arabic(Egypt).mp3,1
944,Arabic(Egypt),74_Arabic(Egypt).mp3,1
945,Arabic(Egypt),75_Arabic(Egypt).mp3,1
946,Arabic(Egypt),76_Arabic(Egypt).mp3,1
947,Arabic(Egypt),77_Arabic(Egypt).mp3,1
948,Arabic(Egypt),78_Arabic(Egypt).mp3,1
949,Arabic(Egypt),79_Arabic(Egypt).mp3,1
950,Arabic(Egypt),80_Arabic(Egypt).mp3,0
951,Arabic(Egypt),81_Arabic(Egypt).mp3,1
952,Arabic(Egypt),82_Arabic(Egypt).mp3,1
953,Arabic(Egypt),83_Arabic(Egypt).mp3,1
954,Arabic(Egypt),84_Arabic(Egypt).mp3,0
955,Arabic(Egypt),85_Arabic(Egypt).mp3,1
956,Arabic(Egypt),86_Arabic(Egypt).mp3,0
957,Arabic(Egypt),87_Arabic(Egypt).mp3,1
958,Arabic(Egypt),88_Arabic(Egypt).mp3,0
959,Arabic(Egypt),89_Arabic(Egypt).mp3,1
960,Arabic(Egypt),90_Arabic(Egypt).mp3,1
961,Arabic(Egypt),91_Arabic(Egypt).mp3,1
962,Arabic(Egypt),92_Arabic(Egypt).mp3,1
963,Arabic(Egypt),93_Arabic(Egypt).mp3,1
964,Arabic(Egypt),94_Arabic(Egypt).mp3,0
965,Arabic(Egypt),95_Arabic(Egypt).mp3,0
966,Arabic(Egypt),96_Arabic(Egypt).mp3,1
967,Arabic(Egypt),97_Arabic(Egypt).mp3,0
968,Arabic(Egypt),98_Arabic(Egypt).mp3,1
969,Arabic(Egypt),99_Arabic(Egypt).mp3,1
970,Arabic(Egypt),100_Arabic(Egypt).mp3,1
971,Arabic(Egypt),101_Arabic(Egypt).mp3,0
972,Arabic(Egypt),102_Arabic(Egypt).mp3,1
973,Arabic(Egypt),103_Arabic(Egypt).mp3,1
974,Arabic(Egypt),104_Arabic(Egypt).mp3,0
975,Arabic(Egypt),105_Arabic(Egypt).mp3,1
976,Arabic(Egypt),106_Arabic(Egypt).mp3,1
977,Arabic(Egypt),107_Arabic(Egypt).mp3,1
978,Arabic(Egypt),108_Arabic(Egypt).mp3,1
979,Arabic(Egypt),109_Arabic(Egypt).mp3,1
980,Arabic(Egypt),110_Arabic(Egypt).mp3,1
981,Arabic(Egypt),111_Arabic(Egypt).mp3,1
982,Arabic(Egypt),112_Arabic(Egypt).mp3,0
983,Arabic(Egypt),113_Arabic(Egypt).mp3,1
984,Arabic(Egypt),114_Arabic(Egypt).mp3,0
985,Arabic(Egypt),115_Arabic(Egypt).mp3,1
986,Arabic(Egypt),116_Arabic(Egypt).mp3,1
987,Arabic(Egypt),117_Arabic(Egypt).mp3,1
988,Arabic(Egypt),118_Arabic(Egypt).mp3,0
989,Arabic(Egypt),119_Arabic(Egypt).mp3,1
990,Arabic(Egypt),120_Arabic(Egypt).mp3,1
991,Arabic(Egypt),121_Arabic(Egypt).mp3,0
992,Arabic(Egypt),122_Arabic(Egypt).mp3,0
993,Arabic(Egypt),123_Arabic(Egypt).mp3,1
994,Arabic(Egypt),124_Arabic(Egypt).mp3,1
995,Arabic(Egypt),125_Arabic(Egypt).mp3,1
996,Arabic(Egypt),126_Arabic(Egypt).mp3,1
997,Arabic(Egypt),127_Arabic(Egypt).mp3,1
998,Arabic(Egypt),128_Arabic(Egypt).mp3,0
999,Arabic(Egypt),129_Arabic(Egypt).mp3,0
1000,Arabic(Egypt),130_Arabic(Egypt).mp3,1
1001,Arabic(Egypt),131_Arabic(Egypt).mp3,1
1002,Arabic(Egypt),132_Arabic(Egypt).mp3,0
1003,Arabic(Egypt),133_Arabic(Egypt).mp3,1
1004,Arabic(Egypt),134_Arabic(Egypt).mp3,1
1005,Arabic(Egypt),135_Arabic(Egypt).mp3,1
1006,Arabic(Egypt),136_Arabic(Egypt).mp3,1
1007,Arabic(Egypt),137_Arabic(Egypt).mp3,0
1008,Arabic(Egypt),138_Arabic(Egypt).mp3,1
1009,Arabic(Egypt),139_Arabic(Egypt).mp3,0
1010,Arabic(Egypt),140_Arabic(Egypt).mp3,1
1011,Arabic(Egypt),141_Arabic(Egypt).mp3,0
1012,Arabic(Egypt),142_Arabic(Egypt).mp3,1
1013,Arabic(Egypt),143_Arabic(Egypt).mp3,0
1014,Arabic(Egypt),144_Arabic(Egypt).mp3,1
1015,Arabic(Egypt),145_Arabic(Egypt).mp3,1
1016,Arabic(Egypt),146_Arabic(Egypt).mp3,1
1017,Arabic(Egypt),147_Arabic(Egypt).mp3,1
1018,Arabic(Egypt),148_Arabic(Egypt).mp3,1
1019,Arabic(Egypt),149_Arabic(Egypt).mp3,0
1020,Arabic(Egypt),150_Arabic(Egypt).mp3,1
1021,Arabic(Egypt),151_Arabic(Egypt).mp3,1
1022,Arabic(Egypt),152_Arabic(Egypt).mp3,1
1023,Arabic(Egypt),153_Arabic(Egypt).mp3,0
1024,Arabic(Egypt),154_Arabic(Egypt).mp3,1
1025,Arabic(Egypt),155_Arabic(Egypt).mp3,1
1026,Arabic(Egypt),156_Arabic(Egypt).mp3,1
1027,Arabic(Egypt),157_Arabic(Egypt).mp3,0
1028,Arabic(Egypt),158_Arabic(Egypt).mp3,0
1029,Arabic(Egypt),159_Arabic(Egypt).mp3,1
1030,Arabic(Egypt),160_Arabic(Egypt).mp3,0
1031,Arabic(Egypt),161_Arabic(Egypt).mp3,1
1032,Arabic(Egypt),162_Arabic(Egypt).mp3,1
1033,Arabic(Egypt),163_Arabic(Egypt).mp3,0
1034,Arabic(Egypt),164_Arabic(Egypt).mp3,0
1035,Arabic(Egypt),165_Arabic(Egypt).mp3,1
1036,Arabic(Egypt),166_Arabic(Egypt).mp3,1
1037,Arabic(Egypt),167_Arabic(Egypt).mp3,1
1038,Arabic(Egypt),168_Arabic(Egypt).mp3,1
1039,Arabic(Egypt),169_Arabic(Egypt).mp3,0
1040,Arabic(Egypt),170_Arabic(Egypt).mp3,1
1041,Arabic(Egypt),171_Arabic(Egypt).mp3,1
1042,Arabic(Egypt),172_Arabic(Egypt).mp3,1
1043,Arabic(Egypt),173_Arabic(Egypt).mp3,1
1044,Arabic(Egypt),174_Arabic(Egypt).mp3,1
1045,Arabic(Egypt),175_Arabic(Egypt).mp3,1
1046,Arabic(Egypt),176_Arabic(Egypt).mp3,1
1047,Arabic(Egypt),177_Arabic(Egypt).mp3,0
1048,Arabic(Egypt),178_Arabic(Egypt).mp3,1
1049,Arabic(Egypt),179_Arabic(Egypt).mp3,0
1050,Arabic(Egypt),180_Arabic(Egypt).mp3,0
1051,Arabic(Egypt),181_Arabic(Egypt).mp3,0
1052,Arabic(Egypt),182_Arabic(Egypt).mp3,0
1053,Arabic(Egypt),183_Arabic(Egypt).mp3,1
1054,Arabic(Egypt),184_Arabic(Egypt).mp3,0
1055,Arabic(Egypt),185_Arabic(Egypt).mp3,1
1056,Arabic(Egypt),186_Arabic(Egypt).mp3,1
1057,Arabic(Egypt),187_Arabic(Egypt).mp3,0
1058,Arabic(Egypt),188_Arabic(Egypt).mp3,0
1059,Arabic(Egypt),189_Arabic(Egypt).mp3,0
1060,Arabic(Egypt),190_Arabic(Egypt).mp3,0
1061,Arabic(Egypt),191_Arabic(Egypt).mp3,1
1062,Arabic(Egypt),192_Arabic(Egypt).mp3,1
1063,Arabic(Egypt),193_Arabic(Egypt).mp3,1
1064,Arabic(Egypt),194_Arabic(Egypt).mp3,1
1065,Arabic(Egypt),195_Arabic(Egypt).mp3,1
1066,Arabic(Egypt),196_Arabic(Egypt).mp3,0
1067,Arabic(Egypt),197_Arabic(Egypt).mp3,1
1068,Arabic(Egypt),198_Arabic(Egypt).mp3,0
1069,Arabic(Egypt),199_Arabic(Egypt).mp3,1
1070,Arabic(Egypt),200_Arabic(Egypt).mp3,1
1071,Arabic(Egypt),201_Arabic(Egypt).mp3,1
1072,Arabic(Egypt),202_Arabic(Egypt).mp3,1
1073,Arabic(Egypt),203_Arabic(Egypt).mp3,1
1074,Arabic(Egypt),204_Arabic(Egypt).mp3,1
1075,Arabic(Egypt),205_Arabic(Egypt).mp3,1
1076,Arabic(Egypt),206_Arabic(Egypt).mp3,0
1077,Arabic(Egypt),207_Arabic(Egypt).mp3,0
1078,Arabic(Egypt),208_Arabic(Egypt).mp3,1
1079,Arabic(Egypt),209_Arabic(Egypt).mp3,1
1080,Arabic(Egypt),210_Arabic(Egypt).mp3,0
1081,Arabic(Egypt),211_Arabic(Egypt).mp3,1
1082,Arabic(Egypt),212_Arabic(Egypt).mp3,1
1083,Arabic(Egypt),213_Arabic(Egypt).mp3,1
1084,Arabic(Egypt),214_Arabic(Egypt).mp3,0
1085,Arabic(Egypt),215_Arabic(Egypt).mp3,1
1086,Arabic(Egypt),216_Arabic(Egypt).mp3,1
1087,Arabic(Egypt),217_Arabic(Egypt).mp3,0
1088,Arabic(Egypt),218_Arabic(Egypt).mp3,0
1089,Arabic(Egypt),219_Arabic(Egypt).mp3,0
1090,Arabic(Egypt),220_Arabic(Egypt).mp3,0
1091,Arabic(Egypt),221_Arabic(Egypt).mp3,1
1092,Arabic(Egypt),222_Arabic(Egypt).mp3,0
1093,Arabic(Egypt),223_Arabic(Egypt).mp3,1
1094,Arabic(Egypt),224_Arabic(Egypt).mp3,1
1095,Arabic(Egypt),225_Arabic(Egypt).mp3,1
1096,Arabic(Egypt),226_Arabic(Egypt).mp3,1
1097,Arabic(Egypt),227_Arabic(Egypt).mp3,0
1098,Arabic(Egypt),228_Arabic(Egypt).mp3,1
1099,Arabic(Egypt),229_Arabic(Egypt).mp3,0
1100,Arabic(Egypt),230_Arabic(Egypt).mp3,1
1101,Arabic(Egypt),231_Arabic(Egypt).mp3,1
1102,Arabic(Egypt),232_Arabic(Egypt).mp3,0
1103,Arabic(Egypt),233_Arabic(Egypt).mp3,1
1104,Arabic(Egypt),234_Arabic(Egypt).mp3,1
1105,Arabic(Jordan),1_Arabic(Jordan).mp3,1
1106,Arabic(Jordan),2_Arabic(Jordan).mp3,1
1107,Arabic(Jordan),3_Arabic(Jordan).mp3,0
1108,Arabic(Jordan),4_Arabic(Jordan).mp3,0
1109,Arabic(Jordan),5_Arabic(Jordan).mp3,0
1110,Arabic(Jordan),6_Arabic(Jordan).mp3,0
1111,Arabic(Jordan),7_Arabic(Jordan).mp3,1
1112,Arabic(Jordan),8_Arabic(Jordan).mp3,0
1113,Arabic(Jordan),9_Arabic(Jordan).mp3,1
1114,Arabic(Jordan),10_Arabic(Jordan).mp3,1
1115,Arabic(Jordan),11_Arabic(Jordan).mp3,1
1116,Arabic(Jordan),12_Arabic(Jordan).mp3,1
1117,Arabic(Jordan),13_Arabic(Jordan).mp3,1
1118,Arabic(Jordan),14_Arabic(Jordan).mp3,1
1119,Arabic(Jordan),15_Arabic(Jordan).mp3,0
1120,Arabic(Jordan),16_Arabic(Jordan).mp3,1
1121,Arabic(Jordan),17_Arabic(Jordan).mp3,1
1122,Arabic(Jordan),18_Arabic(Jordan).mp3,0
1123,Arabic(Jordan),19_Arabic(Jordan).mp3,0
1124,Arabic(Jordan),20_Arabic(Jordan).mp3,1
1125,Arabic(Jordan),21_Arabic(Jordan).mp3,1
1126,Arabic(Jordan),22_Arabic(Jordan).mp3,0
1127,Arabic(Jordan),23_Arabic(Jordan).mp3,1
1128,Arabic(Jordan),24_Arabic(Jordan).mp3,0
1129,Arabic(Jordan),25_Arabic(Jordan).mp3,1
1130,Arabic(Jordan),26_Arabic(Jordan).mp3,0
1131,Arabic(Jordan),27_Arabic(Jordan).mp3,1
1132,Arabic(Jordan),28_Arabic(Jordan).mp3,1
1133,Arabic(Jordan),29_Arabic(Jordan).mp3,1
1134,Arabic(Jordan),30_Arabic(Jordan).mp3,0
1135,Arabic(Jordan),31_Arabic(Jordan).mp3,0
1136,Arabic(Jordan),32_Arabic(Jordan).mp3,1
1137,Arabic(Jordan),33_Arabic(Jordan).mp3,1
1138,Arabic(Jordan),34_Arabic(Jordan).mp3,0
1139,Arabic(Jordan),35_Arabic(Jordan).mp3,0
1140,Arabic(Jordan),36_Arabic(Jordan).mp3,1
1141,Arabic(Jordan),37_Arabic(Jordan).mp3,1
1142,Arabic(Jordan),38_Arabic(Jordan).mp3,1
1143,Arabic(Jordan),39_Arabic(Jordan).mp3,0
1144,Arabic(Jordan),40_Arabic(Jordan).mp3,1
1145,Arabic(Jordan),41_Arabic(Jordan).mp3,1
1146,Arabic(Jordan),42_Arabic(Jordan).mp3,1
1147,Arabic(Jordan),43_Arabic(Jordan).mp3,0
1148,Arabic(Jordan),44_Arabic(Jordan).mp3,1
1149,Arabic(Jordan),45_Arabic(Jordan).mp3,0
1150,Arabic(Jordan),46_Arabic(Jordan).mp3,1
1151,Arabic(Jordan),47_Arabic(Jordan).mp3,1
1152,Arabic(Jordan),48_Arabic(Jordan).mp3,0
1153,Arabic(Jordan),49_Arabic(Jordan).mp3,1
1154,Arabic(Jordan),50_Arabic(Jordan).mp3,0
1155,Arabic(Jordan),51_Arabic(Jordan).mp3,1
1156,Arabic(Jordan),52_Arabic(Jordan).mp3,0
1157,Arabic(Jordan),53_Arabic(Jordan).mp3,0
1158,Arabic(Jordan),54_Arabic(Jordan).mp3,0
1159,Arabic(Jordan),55_Arabic(Jordan).mp3,1
1160,Arabic(Jordan),56_Arabic(Jordan).mp3,1
1161,Arabic(Jordan),57_Arabic(Jordan).mp3,1
1162,Arabic(Jordan),58_Arabic(Jordan).mp3,1
1163,Arabic(Jordan),59_Arabic(Jordan).mp3,1
1164,Arabic(Jordan),60_Arabic(Jordan).mp3,0
1165,Arabic(Jordan),61_Arabic(Jordan).mp3,0
1166,Arabic(Jordan),62_Arabic(Jordan).mp3,0
1167,Arabic(Jordan),63_Arabic(Jordan).mp3,1
1168,Arabic(Jordan),64_Arabic(Jordan).mp3,1
1169,Arabic(Jordan),65_Arabic(Jordan).mp3,0
1170,Arabic(Jordan),66_Arabic(Jordan).mp3,1
1171,Arabic(Jordan),67_Arabic(Jordan).mp3,0
1172,Arabic(Jordan),68_Arabic(Jordan).mp3,1
1173,Arabic(Jordan),69_Arabic(Jordan).mp3,1
1174,Arabic(Jordan),70_Arabic(Jordan).mp3,0
1175,Arabic(Jordan),71_Arabic(Jordan).mp3,0
1176,Arabic(Jordan),72_Arabic(Jordan).mp3,1
1177,Arabic(Jordan),73_Arabic(Jordan).mp3,1
1178,Arabic(Jordan),74_Arabic(Jordan).mp3,0
1179,Arabic(Jordan),75_Arabic(Jordan).mp3,1
1180,Arabic(Jordan),76_Arabic(Jordan).mp3,1
1181,Arabic(Jordan),77_Arabic(Jordan).mp3,1
1182,Arabic(Jordan),78_Arabic(Jordan).mp3,1
1183,Arabic(Jordan),79_Arabic(Jordan).mp3,1
1184,Arabic(Jordan),80_Arabic(Jordan).mp3,1
1185,Arabic(Jordan),81_Arabic(Jordan).mp3,1
1186,Arabic(Jordan),82_Arabic(Jordan).mp3,0
1187,Arabic(Jordan),83_Arabic(Jordan).mp3,0
1188,Arabic(Jordan),84_Arabic(Jordan).mp3,0
1189,Arabic(Jordan),85_Arabic(Jordan).mp3,0
1190,Arabic(Jordan),86_Arabic(Jordan).mp3,1
1191,Arabic(Jordan),87_Arabic(Jordan).mp3,1
1192,Arabic(Jordan),88_Arabic(Jordan).mp3,0
1193,Arabic(Jordan),89_Arabic(Jordan).mp3,0
1194,Arabic(Jordan),90_Arabic(Jordan).mp3,1
1195,Arabic(Jordan),91_Arabic(Jordan).mp3,0
1196,Arabic(Jordan),92_Arabic(Jordan).mp3,0
1197,Arabic(Jordan),93_Arabic(Jordan).mp3,0
1198,Arabic(Jordan),94_Arabic(Jordan).mp3,0
1199,Arabic(Jordan),95_Arabic(Jordan).mp3,1
1200,Arabic(Jordan),96_Arabic(Jordan).mp3,1
1201,Arabic(Jordan),97_Arabic(Jordan).mp3,0
1202,Arabic(Jordan),98_Arabic(Jordan).mp3,1
1203,Arabic(Jordan),99_Arabic(Jordan).mp3,0
1204,Arabic(Jordan),100_Arabic(Jordan).mp3,1
1205,Arabic(Jordan),101_Arabic(Jordan).mp3,1
1206,Arabic(Jordan),102_Arabic(Jordan).mp3,1
1207,Arabic(Jordan),103_Arabic(Jordan).mp3,1
1208,Arabic(Jordan),104_Arabic(Jordan).mp3,0
1209,Arabic(Jordan),105_Arabic(Jordan).mp3,1
1210,Arabic(Jordan),106_Arabic(Jordan).mp3,1
1211,Arabic(Jordan),107_Arabic(Jordan).mp3,0
1212,Arabic(Jordan),108_Arabic(Jordan).mp3,0
1213,Arabic(Jordan),109_Arabic(Jordan).mp3,0
1214,Arabic(Jordan),110_Arabic(Jordan).mp3,0
1215,Arabic(Jordan),111_Arabic(Jordan).mp3,1
1216,Arabic(Jordan),112_Arabic(Jordan).mp3,0
1217,Arabic(Jordan),113_Arabic(Jordan).mp3,0
1218,Arabic(Jordan),114_Arabic(Jordan).mp3,1
1219,Arabic(Jordan),115_Arabic(Jordan).mp3,1
1220,Arabic(Jordan),116_Arabic(Jordan).mp3,1
1221,Arabic(Jordan),117_Arabic(Jordan).mp3,0
1222,Arabic(Jordan),118_Arabic(Jordan).mp3,0
1223,Arabic(Jordan),119_Arabic(Jordan).mp3,0
1224,Arabic(Jordan),120_Arabic(Jordan).mp3,0
1225,Arabic(Jordan),121_Arabic(Jordan).mp3,0
1226,Arabic(Jordan),122_Arabic(Jordan).mp3,1
1227,Arabic(Jordan),123_Arabic(Jordan).mp3,1
1228,Arabic(Jordan),124_Arabic(Jordan).mp3,1
1229,Arabic(Jordan),125_Arabic(Jordan).mp3,1
1230,Arabic(Jordan),126_Arabic(Jordan).mp3,1
1231,Arabic(Jordan),127_Arabic(Jordan).mp3,1
1232,Arabic(Jordan),128_Arabic(Jordan).mp3,1
1233,Arabic(Jordan),129_Arabic(Jordan).mp3,1
1234,Arabic(Jordan),130_Arabic(Jordan).mp3,1
1235,Arabic(Jordan),131_Arabic(Jordan).mp3,1
1236,Arabic(Jordan),132_Arabic(Jordan).mp3,0
1237,Arabic(Jordan),133_Arabic(Jordan).mp3,1
1238,Arabic(Jordan),134_Arabic(Jordan).mp3,1
1239,Arabic(Jordan),135_Arabic(Jordan).mp3,1
1240,Arabic(Jordan),136_Arabic(Jordan).mp3,0
1241,Arabic(Jordan),137_Arabic(Jordan).mp3,0
1242,Arabic(Jordan),138_Arabic(Jordan).mp3,1
1243,Arabic(Jordan),139_Arabic(Jordan).mp3,0
1244,Arabic(Jordan),140_Arabic(Jordan).mp3,0
1245,Arabic(Jordan),141_Arabic(Jordan).mp3,1
1246,Arabic(Jordan),142_Arabic(Jordan).mp3,0
1247,Arabic(Jordan),143_Arabic(Jordan).mp3,0
1248,Arabic(Jordan),144_Arabic(Jordan).mp3,1
1249,Arabic(Jordan),145_Arabic(Jordan).mp3,1
1250,Arabic(Jordan),146_Arabic(Jordan).mp3,1
1251,Arabic(Jordan),147_Arabic(Jordan).mp3,1
1252,Arabic(Jordan),148_Arabic(Jordan).mp3,1
1253,Arabic(Jordan),149_Arabic(Jordan).mp3,0
1254,Arabic(Jordan),150_Arabic(Jordan).mp3,1
1255,Arabic(Jordan),151_Arabic(Jordan).mp3,1
1256,Arabic(Jordan),152_Arabic(Jordan).mp3,0
1257,Arabic(Jordan),153_Arabic(Jordan).mp3,1
1258,Arabic(Jordan),154_Arabic(Jordan).mp3,0
1259,Arabic(Jordan),155_Arabic(Jordan).mp3,1
1260,Arabic(Jordan),156_Arabic(Jordan).mp3,1
1261,Arabic(Jordan),157_Arabic(Jordan).mp3,1
1262,Arabic(Jordan),158_Arabic(Jordan).mp3,1
1263,Arabic(Jordan),159_Arabic(Jordan).mp3,1
1264,Arabic(Jordan),160_Arabic(Jordan).mp3,1
1265,Arabic(Jordan),161_Arabic(Jordan).mp3,1
1266,Arabic(Jordan),162_Arabic(Jordan).mp3,1
1267,Arabic(Jordan),163_Arabic(Jordan).mp3,1
1268,Arabic(Jordan),164_Arabic(Jordan).mp3,1
1269,Arabic(Jordan),165_Arabic(Jordan).mp3,0
1270,Arabic(Jordan),166_Arabic(Jordan).mp3,0
1271,Arabic(Jordan),167_Arabic(Jordan).mp3,1
1272,Arabic(Jordan),168_Arabic(Jordan).mp3,1
1273,Arabic(Jordan),169_Arabic(Jordan).mp3,1
1274,Arabic(Jordan),170_Arabic(Jordan).mp3,1
1275,Arabic(Jordan),171_Arabic(Jordan).mp3,0
1276,Arabic(Jordan),172_Arabic(Jordan).mp3,1
1277,Arabic(Jordan),173_Arabic(Jordan).mp3,0
1278,Arabic(Jordan),174_Arabic(Jordan).mp3,1
1279,Arabic(Jordan),175_Arabic(Jordan).mp3,1
1280,Arabic(Jordan),176_Arabic(Jordan).mp3,0
1281,Arabic(Jordan),177_Arabic(Jordan).mp3,1
1282,Arabic(Jordan),178_Arabic(Jordan).mp3,0
1283,Arabic(Jordan),179_Arabic(Jordan).mp3,0
1284,Arabic(Jordan),180_Arabic(Jordan).mp3,1
1285,Arabic(Jordan),181_Arabic(Jordan).mp3,1
1286,Arabic(Jordan),182_Arabic(Jordan).mp3,0
1287,Arabic(Jordan),183_Arabic(Jordan).mp3,0
1288,Arabic(Jordan),184_Arabic(Jordan).mp3,0
1289,Arabic(Jordan),185_Arabic(Jordan).mp3,1
1290,Arabic(Jordan),186_Arabic(Jordan).mp3,0
1291,Arabic(Jordan),187_Arabic(Jordan).mp3,0
1292,Arabic(Jordan),188_Arabic(Jordan).mp3,1
1293,Arabic(Jordan),189_Arabic(Jordan).mp3,1
1294,Arabic(Jordan),190_Arabic(Jordan).mp3,1
1295,Arabic(Jordan),191_Arabic(Jordan).mp3,0
1296,Arabic(Jordan),192_Arabic(Jordan).mp3,0
1297,Arabic(Jordan),193_Arabic(Jordan).mp3,1
1298,Arabic(Jordan),194_Arabic(Jordan).mp3,0
1299,Arabic(Jordan),195_Arabic(Jordan).mp3,1
1300,Arabic(Jordan),196_Arabic(Jordan).mp3,0
1301,Arabic(Jordan),197_Arabic(Jordan).mp3,0
1302,Arabic(Jordan),198_Arabic(Jordan).mp3,1
1303,Arabic(Jordan),199_Arabic(Jordan).mp3,0
1304,Arabic(Jordan),200_Arabic(Jordan).mp3,0
1305,Arabic(Jordan),201_Arabic(Jordan).mp3,1
1306,Arabic(Jordan),202_Arabic(Jordan).mp3,1
1307,Arabic(Jordan),203_Arabic(Jordan).mp3,0
1308,Arabic(Jordan),204_Arabic(Jordan).mp3,1
1309,Arabic(Jordan),205_Arabic(Jordan).mp3,1
1310,Arabic(Jordan),206_Arabic(Jordan).mp3,1
1311,Arabic(Jordan),207_Arabic(Jordan).mp3,1
1312,Arabic(Jordan),208_Arabic(Jordan).mp3,1
1313,Arabic(Jordan),209_Arabic(Jordan).mp3,0
1314,Arabic(Jordan),210_Arabic(Jordan).mp3,1
1315,Arabic(Jordan),211_Arabic(Jordan).mp3,1
1316,Arabic(Jordan),212_Arabic(Jordan).mp3,0
1317,Arabic(Jordan),213_Arabic(Jordan).mp3,1
1318,Arabic(Jordan),214_Arabic(Jordan).mp3,1
1319,Arabic(Jordan),215_Arabic(Jordan).mp3,1
1320,Arabic(Jordan),216_Arabic(Jordan).mp3,0
1321,Arabic(Jordan),217_Arabic(Jordan).mp3,1
1322,Arabic(Jordan),218_Arabic(Jordan).mp3,1
1323,Arabic(Jordan),219_Arabic(Jordan).mp3,0
1324,Arabic(Jordan),220_Arabic(Jordan).mp3,1
1325,Arabic(Jordan),221_Arabic(Jordan).mp3,1
1326,Arabic(Jordan),222_Arabic(Jordan).mp3,0
1327,Arabic(Morocco),1_Arabic(Morocco).mp3,0
1328,Arabic(Morocco),2_Arabic(Morocco).mp3,0
1329,Arabic(Morocco),3_Arabic(Morocco).mp3,1
1330,Arabic(Morocco),4_Arabic(Morocco).mp3,1
1331,Arabic(Morocco),5_Arabic(Morocco).mp3,0
1332,Arabic(Morocco),6_Arabic(Morocco).mp3,1
1333,Arabic(Morocco),7_Arabic(Morocco).mp3,0
1334,Arabic(Morocco),8_Arabic(Morocco).mp3,1
1335,Arabic(Morocco),9_Arabic(Morocco).mp3,0
1336,Arabic(Morocco),10_Arabic(Morocco).mp3,0
1337,Arabic(Morocco),11_Arabic(Morocco).mp3,0
1338,Arabic(Morocco),12_Arabic(Morocco).mp3,0
1339,Arabic(Morocco),13_Arabic(Morocco).mp3,0
1340,Arabic(Morocco),14_Arabic(Morocco).mp3,1
1341,Arabic(Morocco),15_Arabic(Morocco).mp3,1
1342,Arabic(Morocco),16_Arabic(Morocco).mp3,1
1343,Arabic(Morocco),17_Arabic(Morocco).mp3,0
1344,Arabic(Morocco),18_Arabic(Morocco).mp3,0
1345,Arabic(Morocco),19_Arabic(Morocco).mp3,1
1346,Arabic(Morocco),20_Arabic(Morocco).mp3,1
1347,Arabic(Morocco),21_Arabic(Morocco).mp3,1
1348,Arabic(Morocco),22_Arabic(Morocco).mp3,0
1349,Arabic(Morocco),23_Arabic(Morocco).mp3,0
1350,Arabic(Morocco),24_Arabic(Morocco).mp3,0
1351,Arabic(Morocco),25_Arabic(Morocco).mp3,1
1352,Arabic(Morocco),26_Arabic(Morocco).mp3,0
1353,Arabic(Morocco),27_Arabic(Morocco).mp3,0
1354,Arabic(Morocco),28_Arabic(Morocco).mp3,0
1355,Arabic(Morocco),29_Arabic(Morocco).mp3,0
1356,Arabic(Morocco),30_Arabic(Morocco).mp3,0
1357,Arabic(Morocco),31_Arabic(Morocco).mp3,1
1358,Arabic(Morocco),32_Arabic(Morocco).mp3,0
1359,Arabic(Morocco),33_Arabic(Morocco).mp3,0
1360,Arabic(Morocco),34_Arabic(Morocco).mp3,1
1361,Arabic(Morocco),35_Arabic(Morocco).mp3,1
1362,Arabic(Morocco),36_Arabic(Morocco).mp3,0
1363,Arabic(Morocco),37_Arabic(Morocco).mp3,0
1364,Arabic(Morocco),38_Arabic(Morocco).mp3,0
1365,Arabic(Morocco),39_Arabic(Morocco).mp3,1
1366,Arabic(Morocco),40_Arabic(Morocco).mp3,0
1367,Arabic(Morocco),41_Arabic(Morocco).mp3,1
1368,Arabic(Morocco),42_Arabic(Morocco).mp3,1
1369,Arabic(Morocco),43_Arabic(Morocco).mp3,0
1370,Arabic(Morocco),44_Arabic(Morocco).mp3,1
1371,Arabic(Morocco),45_Arabic(Morocco).mp3,0
1372,Arabic(Morocco),46_Arabic(Morocco).mp3,0
1373,Arabic(Morocco),47_Arabic(Morocco).mp3,1
1374,Arabic(Morocco),48_Arabic(Morocco).mp3,1
1375,Arabic(Morocco),49_Arabic(Morocco).mp3,0
1376,Arabic(Morocco),50_Arabic(Morocco).mp3,1
1377,Arabic(Morocco),51_Arabic(Morocco).mp3,0
1378,Arabic(Morocco),52_Arabic(Morocco).mp3,0
1379,Arabic(Morocco),53_Arabic(Morocco).mp3,1
1380,Arabic(Morocco),54_Arabic(Morocco).mp3,1
1381,Arabic(Morocco),55_Arabic(Morocco).mp3,0
1382,Arabic(Morocco),56_Arabic(Morocco).mp3,1
1383,Arabic(Morocco),57_Arabic(Morocco).mp3,1
1384,Arabic(Morocco),58_Arabic(Morocco).mp3,1
1385,Arabic(Morocco),59_Arabic(Morocco).mp3,1
1386,Arabic(Morocco),60_Arabic(Morocco).mp3,1
1387,Arabic(Morocco),61_Arabic(Morocco).mp3,0
1388,Arabic(Morocco),62_Arabic(Morocco).mp3,0
1389,Arabic(Morocco),63_Arabic(Morocco).mp3,1
1390,Arabic(Morocco),64_Arabic(Morocco).mp3,1
1391,Arabic(Morocco),65_Arabic(Morocco).mp3,0
1392,Arabic(Morocco),66_Arabic(Morocco).mp3,1
1393,Arabic(Morocco),67_Arabic(Morocco).mp3,0
1394,Arabic(Morocco),68_Arabic(Morocco).mp3,0
1395,Arabic(Morocco),69_Arabic(Morocco).mp3,1
1396,Arabic(Morocco),70_Arabic(Morocco).mp3,0
1397,Arabic(Morocco),71_Arabic(Morocco).mp3,1
1398,Arabic(Morocco),72_Arabic(Morocco).mp3,0
1399,Arabic(Morocco),73_Arabic(Morocco).mp3,0
1400,Arabic(Morocco),74_Arabic(Morocco).mp3,1
1401,Arabic(Morocco),75_Arabic(Morocco).mp3,1
1402,Arabic(Morocco),76_Arabic(Morocco).mp3,0
1403,Arabic(Morocco),77_Arabic(Morocco).mp3,0
1404,Arabic(Morocco),78_Arabic(Morocco).mp3,1
1405,Arabic(Morocco),79_Arabic(Morocco).mp3,0
1406,Arabic(Morocco),80_Arabic(Morocco).mp3,1
1407,Arabic(Morocco),81_Arabic(Morocco).mp3,1
1408,Arabic(Morocco),82_Arabic(Morocco).mp3,1
1409,Arabic(Morocco),83_Arabic(Morocco).mp3,0
1410,Arabic(Morocco),84_Arabic(Morocco).mp3,0
1411,Arabic(Morocco),85_Arabic(Morocco).mp3,0
1412,Arabic(Morocco),86_Arabic(Morocco).mp3,1
1413,Arabic(Morocco),87_Arabic(Morocco).mp3,1
1414,Arabic(Morocco),88_Arabic(Morocco).mp3,0
1415,Arabic(Morocco),89_Arabic(Morocco).mp3,1
1416,Arabic(Morocco),90_Arabic(Morocco).mp3,0
1417,Arabic(Morocco),91_Arabic(Morocco).mp3,1
1418,Arabic(Morocco),92_Arabic(Morocco).mp3,0
1419,Arabic(Morocco),93_Arabic(Morocco).mp3,1
1420,Arabic(Morocco),94_Arabic(Morocco).mp3,0
1421,Arabic(Morocco),95_Arabic(Morocco).mp3,1
1422,Arabic(Morocco),96_Arabic(Morocco).mp3,1
1423,Arabic(Morocco),97_Arabic(Morocco).mp3,1
1424,Arabic(Morocco),98_Arabic(Morocco).mp3,1
1425,Arabic(Morocco),99_Arabic(Morocco).mp3,0
1426,Arabic(Morocco),100_Arabic(Morocco).mp3,0
1427,Arabic(Morocco),101_Arabic(Morocco).mp3,0
1428,Arabic(Morocco),102_Arabic(Morocco).mp3,1
1429,Arabic(Morocco),103_Arabic(Morocco).mp3,0
1430,Arabic(Morocco),104_Arabic(Morocco).mp3,1
1431,Arabic(Morocco),105_Arabic(Morocco).mp3,1
1432,Arabic(Morocco),106_Arabic(Morocco).mp3,0
1433,Arabic(Morocco),107_Arabic(Morocco).mp3,1
1434,Arabic(Morocco),108_Arabic(Morocco).mp3,1
1435,Arabic(Morocco),109_Arabic(Morocco).mp3,0
1436,Arabic(Morocco),110_Arabic(Morocco).mp3,1
1437,Arabic(Morocco),111_Arabic(Morocco).mp3,1
1438,Arabic(Morocco),112_Arabic(Morocco).mp3,0
1439,Arabic(Morocco),113_Arabic(Morocco).mp3,1
1440,Arabic(Morocco),114_Arabic(Morocco).mp3,0
1441,Arabic(Morocco),115_Arabic(Morocco).mp3,0
1442,Arabic(Morocco),116_Arabic(Morocco).mp3,1
1443,Arabic(Morocco),117_Arabic(Morocco).mp3,1
1444,Arabic(Morocco),118_Arabic(Morocco).mp3,0
1445,Arabic(Morocco),119_Arabic(Morocco).mp3,1
1446,Arabic(Morocco),120_Arabic(Morocco).mp3,0
1447,Arabic(Morocco),121_Arabic(Morocco).mp3,1
1448,Arabic(Morocco),122_Arabic(Morocco).mp3,1
1449,Arabic(Morocco),123_Arabic(Morocco).mp3,1
1450,Arabic(Morocco),124_Arabic(Morocco).mp3,0
1451,Arabic(Morocco),125_Arabic(Morocco).mp3,1
1452,Arabic(Morocco),126_Arabic(Morocco).mp3,1
1453,Arabic(Morocco),127_Arabic(Morocco).mp3,0
1454,Arabic(Morocco),128_Arabic(Morocco).mp3,1
1455,Arabic(Morocco),129_Arabic(Morocco).mp3,0
1456,Arabic(Morocco),130_Arabic(Morocco).mp3,1
1457,Arabic(Morocco),131_Arabic(Morocco).mp3,0
1458,Arabic(Morocco),132_Arabic(Morocco).mp3,0
1459,Arabic(Morocco),133_Arabic(Morocco).mp3,0
1460,Arabic(Morocco),134_Arabic(Morocco).mp3,1
1461,Arabic(Morocco),135_Arabic(Morocco).mp3,0
1462,Arabic(Morocco),136_Arabic(Morocco).mp3,0
1463,Arabic(Morocco),137_Arabic(Morocco).mp3,0
1464,Arabic(Morocco),138_Arabic(Morocco).mp3,1
1465,Arabic(Morocco),139_Arabic(Morocco).mp3,0
1466,Arabic(Morocco),140_Arabic(Morocco).mp3,1
1467,Arabic(Morocco),141_Arabic(Morocco).mp3,1
1468,Arabic(Morocco),142_Arabic(Morocco).mp3,0
1469,Arabic(Morocco),143_Arabic(Morocco).mp3,1
1470,Arabic(Morocco),144_Arabic(Morocco).mp3,1
1471,Arabic(Morocco),145_Arabic(Morocco).mp3,1
1472,Arabic(Morocco),146_Arabic(Morocco).mp3,1
1473,Arabic(Morocco),147_Arabic(Morocco).mp3,0
1474,Arabic(Morocco),148_Arabic(Morocco).mp3,0
1475,Arabic(Morocco),149_Arabic(Morocco).mp3,0
1476,Arabic(Morocco),150_Arabic(Morocco).mp3,1
1477,Arabic(Morocco),151_Arabic(Morocco).mp3,0
1478,Arabic(Morocco),152_Arabic(Morocco).mp3,0
1479,Arabic(Morocco),153_Arabic(Morocco).mp3,0
1480,Arabic(Morocco),154_Arabic(Morocco).mp3,1
1481,Arabic(Morocco),155_Arabic(Morocco).mp3,1
1482,Arabic(Morocco),156_Arabic(Morocco).mp3,0
1483,Arabic(Morocco),157_Arabic(Morocco).mp3,0
1484,Arabic(Morocco),158_Arabic(Morocco).mp3,1
1485,Arabic(Morocco),159_Arabic(Morocco).mp3,0
1486,Arabic(Morocco),160_Arabic(Morocco).mp3,1
1487,Arabic(Morocco),161_Arabic(Morocco).mp3,1
1488,Arabic(Morocco),162_Arabic(Morocco).mp3,1
1489,Arabic(Morocco),163_Arabic(Morocco).mp3,1
1490,Arabic(Morocco),164_Arabic(Morocco).mp3,1
1491,Arabic(Morocco),165_Arabic(Morocco).mp3,0
1492,Arabic(Morocco),166_Arabic(Morocco).mp3,0
1493,Arabic(Morocco),167_Arabic(Morocco).mp3,1
1494,Arabic(Morocco),168_Arabic(Morocco).mp3,1
1495,Arabic(Morocco),169_Arabic(Morocco).mp3,1
1496,Arabic(Morocco),170_Arabic(Morocco).mp3,0
1497,Arabic(Morocco),171_Arabic(Morocco).mp3,1
1498,Arabic(Morocco),172_Arabic(Morocco).mp3,0
1499,Arabic(Morocco),173_Arabic(Morocco).mp3,1
1500,Arabic(Morocco),174_Arabic(Morocco).mp3,1
1501,Arabic(Morocco),175_Arabic(Morocco).mp3,1
1502,Arabic(Morocco),176_Arabic(Morocco).mp3,1
1503,Arabic(Morocco),177_Arabic(Morocco).mp3,1
1504,Arabic(Morocco),178_Arabic(Morocco).mp3,0
1505,Arabic(Morocco),179_Arabic(Morocco).mp3,0
1506,Arabic(Morocco),180_Arabic(Morocco).mp3,1
1507,Arabic(Morocco),181_Arabic(Morocco).mp3,0
1508,Arabic(Morocco),182_Arabic(Morocco).mp3,0
1509,Arabic(Morocco),183_Arabic(Morocco).mp3,0
1510,Arabic(Morocco),184_Arabic(Morocco).mp3,1
1511,Arabic(Morocco),185_Arabic(Morocco).mp3,0
1512,Arabic(Morocco),186_Arabic(Morocco).mp3,1
1513,Arabic(Morocco),187_Arabic(Morocco).mp3,1
1514,Arabic(Morocco),188_Arabic(Morocco).mp3,0
1515,Arabic(Morocco),189_Arabic(Morocco).mp3,0
1516,Arabic(Morocco),190_Arabic(Morocco).mp3,1
1517,Arabic(Morocco),191_Arabic(Morocco).mp3,0
1518,Arabic(Morocco),192_Arabic(Morocco).mp3,1
1519,Arabic(Morocco),193_Arabic(Morocco).mp3,1
1520,Arabic(Morocco),194_Arabic(Morocco).mp3,0
1521,Arabic(Morocco),195_Arabic(Morocco).mp3,1
1522,Arabic(Morocco),196_Arabic(Morocco).mp3,1
1523,Arabic(Morocco),197_Arabic(Morocco).mp3,0
1524,Arabic(Morocco),198_Arabic(Morocco).mp3,0
1525,Arabic(Morocco),199_Arabic(Morocco).mp3,1
1526,Arabic(Morocco),200_Arabic(Morocco).mp3,1
1527,Arabic(Morocco),201_Arabic(Morocco).mp3,1
1528,Arabic(Morocco),202_Arabic(Morocco).mp3,0
1529,Arabic(Morocco),203_Arabic(Morocco).mp3,0
1530,Arabic(Morocco),204_Arabic(Morocco).mp3,1
1531,Arabic(Morocco),205_Arabic(Morocco).mp3,0
1532,Arabic(Morocco),206_Arabic(Morocco).mp3,1
1533,Arabic(Morocco),207_Arabic(Morocco).mp3,1
1534,Arabic(Morocco),208_Arabic(Morocco).mp3,1
1535,Arabic(Morocco),209_Arabic(Morocco).mp3,1
1536,Arabic(Morocco),210_Arabic(Morocco).mp3,0
1537,Arabic(Morocco),211_Arabic(Morocco).mp3,0
1538,Arabic(Morocco),212_Arabic(Morocco).mp3,1
1539,Arabic(Morocco),213_Arabic(Morocco).mp3,1
1540,Arabic(Morocco),214_Arabic(Morocco).mp3,1
1541,Arabic(Morocco),215_Arabic(Morocco).mp3,1
1542,Arabic(Morocco),216_Arabic(Morocco).mp3,1
1543,Arabic(Morocco),217_Arabic(Morocco).mp3,0
1544,Arabic(Morocco),218_Arabic(Morocco).mp3,0
1545,Arabic(Morocco),219_Arabic(Morocco).mp3,1
1546,Arabic(Morocco),220_Arabic(Morocco).mp3,0
1547,Arabic(Morocco),221_Arabic(Morocco).mp3,1
1548,Arabic(Morocco),222_Arabic(Morocco).mp3,1
1549,Arabic(Morocco),223_Arabic(Morocco).mp3,0
1550,Arabic(Morocco),224_Arabic(Morocco).mp3,1
1551,Arabic(Morocco),225_Arabic(Morocco).mp3,1
1552,Arabic(Morocco),226_Arabic(Morocco).mp3,1
1553,Arabic(Morocco),227_Arabic(Morocco).mp3,1
1554,Arabic(Morocco),228_Arabic(Morocco).mp3,0
1555,Arabic(Morocco),229_Arabic(Morocco).mp3,0
1556,Arabic(Morocco),230_Arabic(Morocco).mp3,1
1557,Arabic(Morocco),231_Arabic(Morocco).mp3,0
1558,Arabic(Morocco),232_Arabic(Morocco).mp3,0
1559,Arabic(Morocco),233_Arabic(Morocco).mp3,0
1560,Arabic(Morocco),234_Arabic(Morocco).mp3,0
1561,Arabic(Morocco),235_Arabic(Morocco).mp3,0
1562,Arabic(Morocco),236_Arabic(Morocco).mp3,0
1563,Arabic(Morocco),237_Arabic(Morocco).mp3,0
1564,Arabic(Morocco),238_Arabic(Morocco).mp3,1
1565,Arabic(Morocco),239_Arabic(Morocco).mp3,1
1566,Arabic(Morocco),240_Arabic(Morocco).mp3,0
1567,Arabic(Morocco),241_Arabic(Morocco).mp3,1
1568,Arabic(Morocco),242_Arabic(Morocco).mp3,0
1569,Arabic(Morocco),243_Arabic(Morocco).mp3,1
1570,Arabic(Morocco),244_Arabic(Morocco).mp3,1
1571,Arabic(Morocco),245_Arabic(Morocco).mp3,1
1572,Arabic(Morocco),246_Arabic(Morocco).mp3,1
1573,Arabic(Morocco),247_Arabic(Morocco).mp3,1
1574,Arabic(Morocco),248_Arabic(Morocco).mp3,1
1575,Arabic(Morocco),249_Arabic(Morocco).mp3,1
1576,Arabic(Morocco),250_Arabic(Morocco).mp3,1
1577,Arabic(Morocco),251_Arabic(Morocco).mp3,1
1578,Arabic(Morocco),252_Arabic(Morocco).mp3,0
1579,Arabic(Morocco),253_Arabic(Morocco).mp3,0
1580,Arabic(Morocco),254_Arabic(Morocco).mp3,0
1581,Arabic(Morocco),255_Arabic(Morocco).mp3,0
1582,Arabic(Morocco),256_Arabic(Morocco).mp3,0
1583,Arabic(Morocco),257_Arabic(Morocco).mp3,0
1584,Arabic(Morocco),258_Arabic(Morocco).mp3,0
1585,Arabic(Morocco),259_Arabic(Morocco).mp3,1
1586,Arabic(Morocco),260_Arabic(Morocco).mp3,1
1587,Arabic(Morocco),261_Arabic(Morocco).mp3,1
1588,Arabic(Morocco),262_Arabic(Morocco).mp3,1
1589,Arabic(Morocco),263_Arabic(Morocco).mp3,0
1590,Arabic(Morocco),264_Arabic(Morocco).mp3,0
1591,Arabic(Morocco),265_Arabic(Morocco).mp3,1
1592,Arabic(Morocco),266_Arabic(Morocco).mp3,1
1593,Arabic(Morocco),267_Arabic(Morocco).mp3,0
1594,Arabic(Morocco),268_Arabic(Morocco).mp3,1
1595,Arabic(Morocco),269_Arabic(Morocco).mp3,1
1596,Arabic(Morocco),270_Arabic(Morocco).mp3,0
1597,Arabic(Morocco),271_Arabic(Morocco).mp3,1
1598,Arabic(Morocco),272_Arabic(Morocco).mp3,0
1599,Arabic(Morocco),273_Arabic(Morocco).mp3,1
1600,Arabic(Morocco),274_Arabic(Morocco).mp3,0
1601,Arabic(Morocco),275_Arabic(Morocco).mp3,1
1602,Arabic(Morocco),276_Arabic(Morocco).mp3,1
1603,Arabic(Morocco),277_Arabic(Morocco).mp3,0
1604,Arabic(Morocco),278_Arabic(Morocco).mp3,1
1605,Arabic(Morocco),279_Arabic(Morocco).mp3,0
1606,Arabic(Morocco),280_Arabic(Morocco).mp3,1
1607,Arabic(Morocco),281_Arabic(Morocco).mp3,1
1608,Arabic(Morocco),282_Arabic(Morocco).mp3,0
1609,Arabic(Morocco),283_Arabic(Morocco).mp3,1
1610,Arabic(Morocco),284_Arabic(Morocco).mp3,0
1611,Arabic(Morocco),285_Arabic(Morocco).mp3,1
1612,Arabic(Morocco),286_Arabic(Morocco).mp3,1
1613,Arabic(Morocco),287_Arabic(Morocco).mp3,1
1614,Arabic(Morocco),288_Arabic(Morocco).mp3,0
1615,Arabic(Morocco),289_Arabic(Morocco).mp3,0
1616,Arabic(Morocco),290_Arabic(Morocco).mp3,0
1617,Arabic(Morocco),291_Arabic(Morocco).mp3,0
1618,Arabic(Morocco),292_Arabic(Morocco).mp3,1
1619,Arabic(Morocco),293_Arabic(Morocco).mp3,0
1620,Arabic(Morocco),294_Arabic(Morocco).mp3,1
1621,Arabic(Morocco),295_Arabic(Morocco).mp3,0
1622,Arabic(Morocco),296_Arabic(Morocco).mp3,0
1623,Arabic(Morocco),297_Arabic(Morocco).mp3,1
1624,Arabic(Morocco),298_Arabic(Morocco).mp3,1
1625,Arabic(Morocco),299_Arabic(Morocco).mp3,1
1626,Arabic(Morocco),300_Arabic(Morocco).mp3,0
1627,Arabic(Morocco),301_Arabic(Morocco).mp3,0
1628,Arabic(Morocco),302_Arabic(Morocco).mp3,0
1629,Arabic(Morocco),303_Arabic(Morocco).mp3,1
1630,Arabic(Morocco),304_Arabic(Morocco).mp3,1
1631,Arabic(Morocco),305_Arabic(Morocco).mp3,1
1632,Arabic(Morocco),306_Arabic(Morocco).mp3,0
1633,Arabic(Morocco),307_Arabic(Morocco).mp3,0
1634,Arabic(Morocco),308_Arabic(Morocco).mp3,1
1635,Arabic(Morocco),309_Arabic(Morocco).mp3,0
1636,Arabic(Syria),1_Arabic(Syria).mp3,1
1637,Arabic(Syria),2_Arabic(Syria).mp3,0
1638,Arabic(Syria),3_Arabic(Syria).mp3,1
1639,Arabic(Syria),4_Arabic(Syria).mp3,1
1640,Arabic(Syria),5_Arabic(Syria).mp3,0
1641,Arabic(Syria),6_Arabic(Syria).mp3,1
1642,Arabic(Syria),7_Arabic(Syria).mp3,0
1643,Arabic(Syria),8_Arabic(Syria).mp3,1
1644,Arabic(Syria),9_Arabic(Syria).mp3,0
1645,Arabic(Syria),10_Arabic(Syria).mp3,0
1646,Arabic(Syria),11_Arabic(Syria).mp3,0
1647,Arabic(Syria),12_Arabic(Syria).mp3,0
1648,Arabic(Syria),13_Arabic(Syria).mp3,0
1649,Arabic(Syria),14_Arabic(Syria).mp3,0
1650,Arabic(Syria),15_Arabic(Syria).mp3,1
1651,Arabic(Syria),16_Arabic(Syria).mp3,0
1652,Arabic(Syria),17_Arabic(Syria).mp3,0
1653,Arabic(Syria),18_Arabic(Syria).mp3,0
1654,Arabic(Syria),19_Arabic(Syria).mp3,0
1655,Arabic(Syria),20_Arabic(Syria).mp3,1
1656,Arabic(Syria),21_Arabic(Syria).mp3,1
1657,Arabic(Syria),22_Arabic(Syria).mp3,0
1658,Arabic(Syria),23_Arabic(Syria).mp3,1
1659,Arabic(Syria),24_Arabic(Syria).mp3,1
1660,Arabic(Syria),25_Arabic(Syria).mp3,1
1661,Arabic(Syria),26_Arabic(Syria).mp3,1
1662,Arabic(Syria),27_Arabic(Syria).mp3,0
1663,Arabic(Syria),28_Arabic(Syria).mp3,0
1664,Arabic(Syria),29_Arabic(Syria).mp3,1
1665,Arabic(Syria),30_Arabic(Syria).mp3,0
1666,Arabic(Syria),31_Arabic(Syria).mp3,0
1667,Arabic(Syria),32_Arabic(Syria).mp3,1
1668,Arabic(Syria),33_Arabic(Syria).mp3,1
1669,Arabic(Syria),34_Arabic(Syria).mp3,1
1670,Arabic(Syria),35_Arabic(Syria).mp3,1
1671,Arabic(Syria),36_Arabic(Syria).mp3,0
1672,Arabic(Syria),37_Arabic(Syria).mp3,1
1673,Arabic(Syria),38_Arabic(Syria).mp3,0
1674,Arabic(Syria),39_Arabic(Syria).mp3,0
1675,Arabic(Syria),40_Arabic(Syria).mp3,0
1676,Arabic(Syria),41_Arabic(Syria).mp3,1
1677,Arabic(Syria),42_Arabic(Syria).mp3,0
1678,Arabic(Syria),43_Arabic(Syria).mp3,0
1679,Arabic(Syria),44_Arabic(Syria).mp3,0
1680,Arabic(Syria),45_Arabic(Syria).mp3,0
1681,Arabic(Syria),46_Arabic(Syria).mp3,1
1682,Arabic(Syria),47_Arabic(Syria).mp3,1
1683,Arabic(Syria),48_Arabic(Syria).mp3,0
1684,Arabic(Syria),49_Arabic(Syria).mp3,0
1685,Arabic(Syria),50_Arabic(Syria).mp3,1
1686,Arabic(Syria),51_Arabic(Syria).mp3,1
1687,Arabic(Syria),52_Arabic(Syria).mp3,1
1688,Arabic(Syria),53_Arabic(Syria).mp3,1
1689,Arabic(Syria),54_Arabic(Syria).mp3,0
1690,Arabic(Syria),55_Arabic(Syria).mp3,0
1691,Arabic(Syria),56_Arabic(Syria).mp3,0
1692,Arabic(Syria),57_Arabic(Syria).mp3,1
1693,Arabic(Syria),58_Arabic(Syria).mp3,0
1694,Arabic(Syria),59_Arabic(Syria).mp3,1
1695,Arabic(Syria),60_Arabic(Syria).mp3,1
1696,Arabic(Syria),61_Arabic(Syria).mp3,1
1697,Arabic(Syria),62_Arabic(Syria).mp3,1
1698,Arabic(Syria),63_Arabic(Syria).mp3,0
1699,Arabic(Syria),64_Arabic(Syria).mp3,1
1700,Arabic(Syria),65_Arabic(Syria).mp3,0
1701,Arabic(Syria),66_Arabic(Syria).mp3,1
1702,Arabic(Syria),67_Arabic(Syria).mp3,1
1703,Arabic(Syria),68_Arabic(Syria).mp3,1
1704,Arabic(Syria),69_Arabic(Syria).mp3,0
1705,Arabic(Syria),70_Arabic(Syria).mp3,1
1706,Arabic(Syria),71_Arabic(Syria).mp3,0
1707,Arabic(Syria),72_Arabic(Syria).mp3,0
1708,Arabic(Syria),73_Arabic(Syria).mp3,0
1709,Arabic(Syria),74_Arabic(Syria).mp3,1
1710,Arabic(Syria),75_Arabic(Syria).mp3,1
1711,Arabic(Syria),76_Arabic(Syria).mp3,0
1712,Arabic(Syria),77_Arabic(Syria).mp3,1
1713,Arabic(Syria),78_Arabic(Syria).mp3,1
1714,Arabic(Syria),79_Arabic(Syria).mp3,1
1715,Arabic(Syria),80_Arabic(Syria).mp3,0
1716,Arabic(Syria),81_Arabic(Syria).mp3,0
1717,Arabic(Syria),82_Arabic(Syria).mp3,1
1718,Arabic(Syria),83_Arabic(Syria).mp3,0
1719,Arabic(Syria),84_Arabic(Syria).mp3,1
1720,Arabic(Syria),85_Arabic(Syria).mp3,0
1721,Arabic(Syria),86_Arabic(Syria).mp3,0
1722,Arabic(Syria),87_Arabic(Syria).mp3,1
1723,Arabic(Syria),88_Arabic(Syria).mp3,0
1724,Arabic(Syria),89_Arabic(Syria).mp3,1
1725,Arabic(Syria),90_Arabic(Syria).mp3,0
1726,Arabic(Syria),91_Arabic(Syria).mp3,0
1727,Arabic(Syria),92_Arabic(Syria).mp3,1
1728,Arabic(Syria),93_Arabic(Syria).mp3,0
1729,Arabic(Syria),94_Arabic(Syria).mp3,1
1730,Arabic(Syria),95_Arabic(Syria).mp3,1
1731,Arabic(Syria),96_Arabic(Syria).mp3,0
1732,Arabic(Syria),97_Arabic(Syria).mp3,1
1733,Arabic(Syria),98_Arabic(Syria).mp3,1
1734,Arabic(Syria),99_Arabic(Syria).mp3,1
1735,Arabic(Syria),100_Arabic(Syria).mp3,0
1736,Arabic(Syria),101_Arabic(Syria).mp3,0
1737,Arabic(Syria),102_Arabic(Syria).mp3,1
1738,Arabic(Syria),103_Arabic(Syria).mp3,1
1739,Arabic(Syria),104_Arabic(Syria).mp3,1
1740,Arabic(Syria),105_Arabic(Syria).mp3,0
1741,Arabic(Syria),106_Arabic(Syria).mp3,0
1742,Arabic(Syria),107_Arabic(Syria).mp3,0
1743,Arabic(Syria),108_Arabic(Syria).mp3,0
1744,Arabic(Syria),109_Arabic(Syria).mp3,0
1745,Arabic(Syria),110_Arabic(Syria).mp3,0
1746,Arabic(Syria),111_Arabic(Syria).mp3,0
1747,Arabic(Syria),112_Arabic(Syria).mp3,1
1748,Arabic(Syria),113_Arabic(Syria).mp3,1
1749,Arabic(Syria),114_Arabic(Syria).mp3,0
1750,Arabic(Syria),115_Arabic(Syria).mp3,1
1751,Arabic(Syria),116_Arabic(Syria).mp3,1
1752,Arabic(Syria),117_Arabic(Syria).mp3,1
1753,Arabic(Syria),118_Arabic(Syria).mp3,1
1754,Arabic(Syria),119_Arabic(Syria).mp3,1
1755,Arabic(Syria),120_Arabic(Syria).mp3,1
1756,Arabic(Syria),121_Arabic(Syria).mp3,1
1757,Arabic(Syria),122_Arabic(Syria).mp3,0
1758,Arabic(Syria),123_Arabic(Syria).mp3,1
1759,Arabic(Syria),124_Arabic(Syria).mp3,0
1760,Arabic(Syria),125_Arabic(Syria).mp3,1
1761,Arabic(Syria),126_Arabic(Syria).mp3,1
1762,Arabic(Syria),127_Arabic(Syria).mp3,1
1763,Arabic(Syria),128_Arabic(Syria).mp3,0
1764,Arabic(Syria),129_Arabic(Syria).mp3,1
1765,Arabic(Syria),130_Arabic(Syria).mp3,0
1766,Arabic(Syria),131_Arabic(Syria).mp3,1
1767,Arabic(Syria),132_Arabic(Syria).mp3,0
1768,Arabic(Syria),133_Arabic(Syria).mp3,1
1769,Arabic(Syria),134_Arabic(Syria).mp3,1
1770,Arabic(Syria),135_Arabic(Syria).mp3,1
1771,Arabic(Syria),136_Arabic(Syria).mp3,1
1772,Arabic(Syria),137_Arabic(Syria).mp3,1
1773,Arabic(Syria),138_Arabic(Syria).mp3,1
1774,Arabic(Syria),139_Arabic(Syria).mp3,1
1775,Arabic(Syria),140_Arabic(Syria).mp3,1
1776,Arabic(Syria),141_Arabic(Syria).mp3,0
1777,Arabic(Syria),142_Arabic(Syria).mp3,1
1778,Arabic(Syria),143_Arabic(Syria).mp3,1
1779,Arabic(Syria),144_Arabic(Syria).mp3,0
1780,Arabic(Syria),145_Arabic(Syria).mp3,0
1781,Arabic(Syria),146_Arabic(Syria).mp3,0
1782,Arabic(Syria),147_Arabic(Syria).mp3,1
1783,Arabic(Syria),148_Arabic(Syria).mp3,1
1784,Arabic(Syria),149_Arabic(Syria).mp3,0
1785,Arabic(Syria),150_Arabic(Syria).mp3,1
1786,Arabic(Syria),151_Arabic(Syria).mp3,0
1787,Arabic(Syria),152_Arabic(Syria).mp3,1
1788,Arabic(Syria),153_Arabic(Syria).mp3,1
1789,Arabic(Syria),154_Arabic(Syria).mp3,0
1790,Arabic(Syria),155_Arabic(Syria).mp3,0
1791,Arabic(Syria),156_Arabic(Syria).mp3,1
1792,Arabic(Syria),157_Arabic(Syria).mp3,0
1793,Arabic(Syria),158_Arabic(Syria).mp3,1
1794,Arabic(Syria),159_Arabic(Syria).mp3,1
1795,Arabic(Syria),160_Arabic(Syria).mp3,1
1796,Arabic(Syria),161_Arabic(Syria).mp3,0
1797,Arabic(Syria),162_Arabic(Syria).mp3,1
1798,Arabic(Syria),163_Arabic(Syria).mp3,1
1799,Arabic(Syria),164_Arabic(Syria).mp3,1
1800,Arabic(Syria),165_Arabic(Syria).mp3,0
1801,Arabic(Syria),166_Arabic(Syria).mp3,1
1802,Arabic(Syria),167_Arabic(Syria).mp3,0
1803,Arabic(Syria),168_Arabic(Syria).mp3,0
1804,Arabic(Syria),169_Arabic(Syria).mp3,0
1805,Arabic(Syria),170_Arabic(Syria).mp3,0
1806,Arabic(Syria),171_Arabic(Syria).mp3,1
1807,Arabic(Syria),172_Arabic(Syria).mp3,0
1808,Arabic(Syria),173_Arabic(Syria).mp3,0
1809,Arabic(Syria),174_Arabic(Syria).mp3,1
1810,Arabic(Syria),175_Arabic(Syria).mp3,1
1811,Arabic(Syria),176_Arabic(Syria).mp3,1
1812,Arabic(Syria),177_Arabic(Syria).mp3,1
1813,Arabic(Syria),178_Arabic(Syria).mp3,1
1814,Arabic(Syria),179_Arabic(Syria).mp3,0
1815,Arabic(Syria),180_Arabic(Syria).mp3,1
1816,Arabic(Syria),181_Arabic(Syria).mp3,1
1817,Arabic(Syria),182_Arabic(Syria).mp3,1
1818,Arabic(Syria),183_Arabic(Syria).mp3,1
1819,Arabic(Syria),184_Arabic(Syria).mp3,0
1820,Arabic(Syria),185_Arabic(Syria).mp3,0
1821,Arabic(Syria),186_Arabic(Syria).mp3,1
1822,Arabic(Syria),187_Arabic(Syria).mp3,1
1823,Arabic(Syria),188_Arabic(Syria).mp3,1
1824,Arabic(Syria),189_Arabic(Syria).mp3,1
1825,Arabic(Syria),190_Arabic(Syria).mp3,1
1826,Arabic(Syria),191_Arabic(Syria).mp3,0
1827,Arabic(Syria),192_Arabic(Syria).mp3,1
1828,Arabic(Syria),193_Arabic(Syria).mp3,1
1829,Arabic(Syria),194_Arabic(Syria).mp3,1
1830,Arabic(Syria),195_Arabic(Syria).mp3,0
1831,Arabic(Syria),196_Arabic(Syria).mp3,1
1832,Arabic(Syria),197_Arabic(Syria).mp3,0
1833,Arabic(Syria),198_Arabic(Syria).mp3,1
1834,Arabic(Syria),199_Arabic(Syria).mp3,1
1835,Arabic(Syria),200_Arabic(Syria).mp3,1
1836,Arabic(Syria),201_Arabic(Syria).mp3,1
1837,Arabic(Syria),202_Arabic(Syria).mp3,1
1838,Arabic(Syria),203_Arabic(Syria).mp3,0
1839,Arabic(Syria),204_Arabic(Syria).mp3,0
1840,Arabic(Syria),205_Arabic(Syria).mp3,1
1841,Arabic(Syria),206_Arabic(Syria).mp3,0
1842,Arabic(Syria),207_Arabic(Syria).mp3,1
1843,Arabic(Syria),208_Arabic(Syria).mp3,0
1844,Arabic(Syria),209_Arabic(Syria).mp3,1
1845,Arabic(Syria),210_Arabic(Syria).mp3,1
1846,Arabic(Syria),211_Arabic(Syria).mp3,1
1847,Arabic(Syria),212_Arabic(Syria).mp3,1
1848,Arabic(Syria),213_Arabic(Syria).mp3,1
1849,Arabic(Syria),214_Arabic(Syria).mp3,1
1850,Arabic(Syria),215_Arabic(Syria).mp3,1
1851,Arabic(Syria),216_Arabic(Syria).mp3,1
1852,Arabic(Syria),217_Arabic(Syria).mp3,0
1853,Arabic(Syria),218_Arabic(Syria).mp3,1
1854,Arabic(Syria),219_Arabic(Syria).mp3,1
1855,Arabic(Syria),220_Arabic(Syria).mp3,1
1856,Arabic(Syria),221_Arabic(Syria).mp3,1
1857,Arabic(Syria),222_Arabic(Syria).mp3,1
1858,Arabic(Tunisia),1_Arabic(Tunisia).mp3,0
1859,Arabic(Tunisia),2_Arabic(Tunisia).mp3,0
1860,Arabic(Tunisia),3_Arabic(Tunisia).mp3,0
1861,Arabic(Tunisia),4_Arabic(Tunisia).mp3,1
1862,Arabic(Tunisia),5_Arabic(Tunisia).mp3,1
1863,Arabic(Tunisia),6_Arabic(Tunisia).mp3,1
1864,Arabic(Tunisia),7_Arabic(Tunisia).mp3,0
1865,Arabic(Tunisia),8_Arabic(Tunisia).mp3,1
1866,Arabic(Tunisia),9_Arabic(Tunisia).mp3,0
1867,Arabic(Tunisia),10_Arabic(Tunisia).mp3,1
1868,Arabic(Tunisia),11_Arabic(Tunisia).mp3,1
1869,Arabic(Tunisia),12_Arabic(Tunisia).mp3,1
1870,Arabic(Tunisia),13_Arabic(Tunisia).mp3,0
1871,Arabic(Tunisia),14_Arabic(Tunisia).mp3,0
1872,Arabic(Tunisia),15_Arabic(Tunisia).mp3,0
1873,Arabic(Tunisia),16_Arabic(Tunisia).mp3,0
1874,Arabic(Tunisia),17_Arabic(Tunisia).mp3,1
1875,Arabic(Tunisia),18_Arabic(Tunisia).mp3,0
1876,Arabic(Tunisia),19_Arabic(Tunisia).mp3,1
1877,Arabic(Tunisia),20_Arabic(Tunisia).mp3,1
1878,Arabic(Tunisia),21_Arabic(Tunisia).mp3,0
1879,Arabic(Tunisia),22_Arabic(Tunisia).mp3,0
1880,Arabic(Tunisia),23_Arabic(Tunisia).mp3,0
1881,Arabic(Tunisia),24_Arabic(Tunisia).mp3,1
1882,Arabic(Tunisia),25_Arabic(Tunisia).mp3,1
1883,Arabic(Tunisia),26_Arabic(Tunisia).mp3,0
1884,Arabic(Tunisia),27_Arabic(Tunisia).mp3,1
1885,Arabic(Tunisia),28_Arabic(Tunisia).mp3,0
1886,Arabic(Tunisia),29_Arabic(Tunisia).mp3,1
1887,Arabic(Tunisia),30_Arabic(Tunisia).mp3,0
1888,Arabic(Tunisia),31_Arabic(Tunisia).mp3,0
1889,Arabic(Tunisia),32_Arabic(Tunisia).mp3,0
1890,Arabic(Tunisia),33_Arabic(Tunisia).mp3,1
1891,Arabic(Tunisia),34_Arabic(Tunisia).mp3,0
1892,Arabic(Tunisia),35_Arabic(Tunisia).mp3,1
1893,Arabic(Tunisia),36_Arabic(Tunisia).mp3,1
1894,Arabic(Tunisia),37_Arabic(Tunisia).mp3,0
1895,Arabic(Tunisia),38_Arabic(Tunisia).mp3,0
1896,Arabic(Tunisia),39_Arabic(Tunisia).mp3,1
1897,Arabic(Tunisia),40_Arabic(Tunisia).mp3,0
1898,Arabic(Tunisia),41_Arabic(Tunisia).mp3,1
1899,Arabic(Tunisia),42_Arabic(Tunisia).mp3,1
1900,Arabic(Tunisia),43_Arabic(Tunisia).mp3,0
1901,Arabic(Tunisia),44_Arabic(Tunisia).mp3,0
1902,Arabic(Tunisia),45_Arabic(Tunisia).mp3,0
1903,Arabic(Tunisia),46_Arabic(Tunisia).mp3,0
1904,Arabic(Tunisia),47_Arabic(Tunisia).mp3,1
1905,Arabic(Tunisia),48_Arabic(Tunisia).mp3,1
1906,Arabic(Tunisia),49_Arabic(Tunisia).mp3,0
1907,Arabic(Tunisia),50_Arabic(Tunisia).mp3,0
1908,Arabic(Tunisia),51_Arabic(Tunisia).mp3,0
1909,Arabic(Tunisia),52_Arabic(Tunisia).mp3,0
1910,Arabic(Tunisia),53_Arabic(Tunisia).mp3,1
1911,Arabic(Tunisia),54_Arabic(Tunisia).mp3,1
1912,Arabic(Tunisia),55_Arabic(Tunisia).mp3,1
1913,Arabic(Tunisia),56_Arabic(Tunisia).mp3,1
1914,Arabic(Tunisia),57_Arabic(Tunisia).mp3,0
1915,Arabic(Tunisia),58_Arabic(Tunisia).mp3,1
1916,Arabic(Tunisia),59_Arabic(Tunisia).mp3,1
1917,Arabic(Tunisia),60_Arabic(Tunisia).mp3,0
1918,Arabic(Tunisia),61_Arabic(Tunisia).mp3,1
1919,Arabic(Tunisia),62_Arabic(Tunisia).mp3,0
1920,Arabic(Tunisia),63_Arabic(Tunisia).mp3,1
1921,Arabic(Tunisia),64_Arabic(Tunisia).mp3,0
1922,Arabic(Tunisia),65_Arabic(Tunisia).mp3,1
1923,Arabic(Tunisia),66_Arabic(Tunisia).mp3,0
1924,Arabic(Tunisia),67_Arabic(Tunisia).mp3,1
1925,Arabic(Tunisia),68_Arabic(Tunisia).mp3,0
1926,Arabic(Tunisia),69_Arabic(Tunisia).mp3,0
1927,Arabic(Tunisia),70_Arabic(Tunisia).mp3,1
1928,Arabic(Tunisia),71_Arabic(Tunisia).mp3,0
1929,Arabic(Tunisia),72_Arabic(Tunisia).mp3,1
1930,Arabic(Tunisia),73_Arabic(Tunisia).mp3,1
1931,Arabic(Tunisia),74_Arabic(Tunisia).mp3,0
1932,Arabic(Tunisia),75_Arabic(Tunisia).mp3,1
1933,Arabic(Tunisia),76_Arabic(Tunisia).mp3,1
1934,Arabic(Tunisia),77_Arabic(Tunisia).mp3,1
1935,Arabic(Tunisia),78_Arabic(Tunisia).mp3,0
1936,Arabic(Tunisia),79_Arabic(Tunisia).mp3,0
1937,Arabic(Tunisia),80_Arabic(Tunisia).mp3,1
1938,Arabic(Tunisia),81_Arabic(Tunisia).mp3,1
1939,Arabic(Tunisia),82_Arabic(Tunisia).mp3,0
1940,Arabic(Tunisia),83_Arabic(Tunisia).mp3,0
1941,Arabic(Tunisia),84_Arabic(Tunisia).mp3,1
1942,Arabic(Tunisia),85_Arabic(Tunisia).mp3,0
1943,Arabic(Tunisia),86_Arabic(Tunisia).mp3,1
1944,Arabic(Tunisia),87_Arabic(Tunisia).mp3,0
1945,Arabic(Tunisia),88_Arabic(Tunisia).mp3,0
1946,Arabic(Tunisia),89_Arabic(Tunisia).mp3,0
1947,Arabic(Tunisia),90_Arabic(Tunisia).mp3,1
1948,Arabic(Tunisia),91_Arabic(Tunisia).mp3,0
1949,Arabic(Tunisia),92_Arabic(Tunisia).mp3,1
1950,Arabic(Tunisia),93_Arabic(Tunisia).mp3,1
1951,Arabic(Tunisia),94_Arabic(Tunisia).mp3,1
1952,Arabic(Tunisia),95_Arabic(Tunisia).mp3,1
1953,Arabic(Tunisia),96_Arabic(Tunisia).mp3,1
1954,Arabic(Tunisia),97_Arabic(Tunisia).mp3,0
1955,Arabic(Tunisia),98_Arabic(Tunisia).mp3,1
1956,Arabic(Tunisia),99_Arabic(Tunisia).mp3,0
1957,Arabic(Tunisia),100_Arabic(Tunisia).mp3,0
1958,Arabic(Tunisia),101_Arabic(Tunisia).mp3,1
1959,Arabic(Tunisia),102_Arabic(Tunisia).mp3,1
1960,Arabic(Tunisia),103_Arabic(Tunisia).mp3,1
1961,Arabic(Tunisia),104_Arabic(Tunisia).mp3,0
1962,Arabic(Tunisia),105_Arabic(Tunisia).mp3,1
1963,Arabic(Tunisia),106_Arabic(Tunisia).mp3,1
1964,Arabic(Tunisia),107_Arabic(Tunisia).mp3,0
1965,Arabic(Tunisia),108_Arabic(Tunisia).mp3,1
1966,Arabic(Tunisia),109_Arabic(Tunisia).mp3,0
1967,Arabic(Tunisia),110_Arabic(Tunisia).mp3,0
1968,Arabic(Tunisia),111_Arabic(Tunisia).mp3,1
1969,Arabic(Tunisia),112_Arabic(Tunisia).mp3,0
1970,Arabic(Tunisia),113_Arabic(Tunisia).mp3,1
1971,Arabic(Tunisia),114_Arabic(Tunisia).mp3,0
1972,Arabic(Tunisia),115_Arabic(Tunisia).mp3,0
1973,Arabic(Tunisia),116_Arabic(Tunisia).mp3,0
1974,Arabic(Tunisia),117_Arabic(Tunisia).mp3,1
1975,Arabic(Tunisia),118_Arabic(Tunisia).mp3,1
1976,Arabic(Tunisia),119_Arabic(Tunisia).mp3,1
1977,Arabic(Tunisia),120_Arabic(Tunisia).mp3,1
1978,Arabic(Tunisia),121_Arabic(Tunisia).mp3,1
1979,Arabic(Tunisia),122_Arabic(Tunisia).mp3,1
1980,Arabic(Tunisia),123_Arabic(Tunisia).mp3,0
1981,Arabic(Tunisia),124_Arabic(Tunisia).mp3,1
1982,Arabic(Tunisia),125_Arabic(Tunisia).mp3,0
1983,Arabic(Tunisia),126_Arabic(Tunisia).mp3,1
1984,Arabic(Tunisia),127_Arabic(Tunisia).mp3,1
1985,Arabic(Tunisia),128_Arabic(Tunisia).mp3,1
1986,Arabic(Tunisia),129_Arabic(Tunisia).mp3,1
1987,Arabic(Tunisia),130_Arabic(Tunisia).mp3,0
1988,Arabic(Tunisia),131_Arabic(Tunisia).mp3,1
1989,Arabic(Tunisia),132_Arabic(Tunisia).mp3,1
1990,Arabic(Tunisia),133_Arabic(Tunisia).mp3,1
1991,Arabic(Tunisia),134_Arabic(Tunisia).mp3,1
1992,Arabic(Tunisia),135_Arabic(Tunisia).mp3,0
1993,Arabic(Tunisia),136_Arabic(Tunisia).mp3,1
1994,Arabic(Tunisia),137_Arabic(Tunisia).mp3,0
1995,Arabic(Tunisia),138_Arabic(Tunisia).mp3,0
1996,Arabic(Tunisia),139_Arabic(Tunisia).mp3,1
1997,Arabic(Tunisia),140_Arabic(Tunisia).mp3,0
1998,Arabic(Tunisia),141_Arabic(Tunisia).mp3,1
1999,Arabic(Tunisia),142_Arabic(Tunisia).mp3,1
2000,Arabic(Tunisia),143_Arabic(Tunisia).mp3,0
2001,Arabic(Tunisia),144_Arabic(Tunisia).mp3,0
2002,Arabic(Tunisia),145_Arabic(Tunisia).mp3,1
2003,Arabic(Tunisia),146_Arabic(Tunisia).mp3,0
2004,Arabic(Tunisia),147_Arabic(Tunisia).mp3,1
2005,Arabic(Tunisia),148_Arabic(Tunisia).mp3,0
2006,Arabic(Tunisia),149_Arabic(Tunisia).mp3,1
2007,Arabic(Tunisia),150_Arabic(Tunisia).mp3,0
2008,Arabic(Tunisia),151_Arabic(Tunisia).mp3,1
2009,Arabic(Tunisia),152_Arabic(Tunisia).mp3,0
2010,Arabic(Tunisia),153_Arabic(Tunisia).mp3,1
2011,Arabic(Tunisia),154_Arabic(Tunisia).mp3,1
2012,Arabic(Tunisia),155_Arabic(Tunisia).mp3,1
2013,Arabic(Tunisia),156_Arabic(Tunisia).mp3,1
2014,Arabic(Tunisia),157_Arabic(Tunisia).mp3,1
2015,Arabic(Tunisia),158_Arabic(Tunisia).mp3,0
2016,Arabic(Tunisia),159_Arabic(Tunisia).mp3,0
2017,Arabic(Tunisia),160_Arabic(Tunisia).mp3,1
2018,Arabic(Tunisia),161_Arabic(Tunisia).mp3,1
2019,Arabic(Tunisia),162_Arabic(Tunisia).mp3,1
2020,Arabic(Tunisia),163_Arabic(Tunisia).mp3,1
2021,Arabic(Tunisia),164_Arabic(Tunisia).mp3,1
2022,Arabic(Tunisia),165_Arabic(Tunisia).mp3,0
2023,Arabic(Tunisia),166_Arabic(Tunisia).mp3,1
2024,Arabic(Tunisia),167_Arabic(Tunisia).mp3,1
2025,Arabic(Tunisia),168_Arabic(Tunisia).mp3,1
2026,Arabic(Tunisia),169_Arabic(Tunisia).mp3,1
2027,Arabic(Tunisia),170_Arabic(Tunisia).mp3,1
2028,Arabic(Tunisia),171_Arabic(Tunisia).mp3,1
2029,Arabic(Tunisia),172_Arabic(Tunisia).mp3,0
2030,Arabic(Tunisia),173_Arabic(Tunisia).mp3,0
2031,Arabic(Tunisia),174_Arabic(Tunisia).mp3,0
2032,Arabic(Tunisia),175_Arabic(Tunisia).mp3,1
2033,Arabic(Tunisia),176_Arabic(Tunisia).mp3,0
2034,Arabic(Tunisia),177_Arabic(Tunisia).mp3,1
2035,Arabic(Tunisia),178_Arabic(Tunisia).mp3,1
2036,Arabic(Tunisia),179_Arabic(Tunisia).mp3,1
2037,Arabic(Tunisia),180_Arabic(Tunisia).mp3,1
2038,Arabic(Tunisia),181_Arabic(Tunisia).mp3,1
2039,Arabic(Tunisia),182_Arabic(Tunisia).mp3,1
2040,Arabic(Tunisia),183_Arabic(Tunisia).mp3,1
2041,Arabic(Tunisia),184_Arabic(Tunisia).mp3,1
2042,Arabic(Tunisia),185_Arabic(Tunisia).mp3,0
2043,Arabic(Tunisia),186_Arabic(Tunisia).mp3,1
2044,Arabic(Tunisia),187_Arabic(Tunisia).mp3,0
2045,Arabic(Tunisia),188_Arabic(Tunisia).mp3,0
2046,Arabic(Tunisia),189_Arabic(Tunisia).mp3,1
2047,Arabic(Tunisia),190_Arabic(Tunisia).mp3,1
2048,Arabic(Tunisia),191_Arabic(Tunisia).mp3,0
2049,Arabic(Tunisia),192_Arabic(Tunisia).mp3,1
2050,Arabic(Tunisia),193_Arabic(Tunisia).mp3,0
2051,Arabic(Tunisia),194_Arabic(Tunisia).mp3,1
2052,Arabic(Tunisia),195_Arabic(Tunisia).mp3,1
2053,Arabic(Tunisia),196_Arabic(Tunisia).mp3,1
2054,Arabic(Tunisia),197_Arabic(Tunisia).mp3,1
2055,Arabic(Tunisia),198_Arabic(Tunisia).mp3,0
2056,Arabic(Tunisia),199_Arabic(Tunisia).mp3,1
2057,Arabic(Tunisia),200_Arabic(Tunisia).mp3,1
2058,Arabic(Tunisia),201_Arabic(Tunisia).mp3,1
2059,Arabic(Tunisia),202_Arabic(Tunisia).mp3,1
2060,Arabic(Tunisia),203_Arabic(Tunisia).mp3,1
2061,Arabic(Tunisia),204_Arabic(Tunisia).mp3,1
2062,Arabic(Tunisia),205_Arabic(Tunisia).mp3,1
2063,Arabic(Tunisia),206_Arabic(Tunisia).mp3,1
2064,Arabic(Tunisia),207_Arabic(Tunisia).mp3,1
2065,Arabic(Tunisia),208_Arabic(Tunisia).mp3,1
2066,Arabic(Tunisia),209_Arabic(Tunisia).mp3,0
2067,Arabic(Tunisia),210_Arabic(Tunisia).mp3,0
2068,Arabic(Tunisia),211_Arabic(Tunisia).mp3,1
2069,Arabic(Tunisia),212_Arabic(Tunisia).mp3,0
2070,Arabic(Tunisia),213_Arabic(Tunisia).mp3,1
2071,Arabic(Tunisia),214_Arabic(Tunisia).mp3,0
2072,Arabic(Tunisia),215_Arabic(Tunisia).mp3,1
2073,Arabic(Tunisia),216_Arabic(Tunisia).mp3,1
2074,Arabic(Tunisia),217_Arabic(Tunisia).mp3,1
2075,Arabic(Tunisia),218_Arabic(Tunisia).mp3,0
2076,Arabic(Tunisia),219_Arabic(Tunisia).mp3,1
2077,Azerbaijani,1_Azerbaijani.mp3,1
2078,Azerbaijani,2_Azerbaijani.mp3,1
2079,Azerbaijani,3_Azerbaijani.mp3,0
2080,Azerbaijani,4_Azerbaijani.mp3,1
2081,Azerbaijani,5_Azerbaijani.mp3,0
2082,Azerbaijani,6_Azerbaijani.mp3,0
2083,Azerbaijani,7_Azerbaijani.mp3,0
2084,Azerbaijani,8_Azerbaijani.mp3,1
2085,Azerbaijani,9_Azerbaijani.mp3,1
2086,Azerbaijani,10_Azerbaijani.mp3,0
2087,Azerbaijani,11_Azerbaijani.mp3,1
2088,Azerbaijani,12_Azerbaijani.mp3,1
2089,Azerbaijani,13_Azerbaijani.mp3,0
2090,Azerbaijani,14_Azerbaijani.mp3,1
2091,Azerbaijani,15_Azerbaijani.mp3,1
2092,Azerbaijani,16_Azerbaijani.mp3,0
2093,Azerbaijani,17_Azerbaijani.mp3,1
2094,Azerbaijani,18_Azerbaijani.mp3,1
2095,Azerbaijani,19_Azerbaijani.mp3,1
2096,Azerbaijani,20_Azerbaijani.mp3,1
2097,Azerbaijani,21_Azerbaijani.mp3,1
2098,Azerbaijani,22_Azerbaijani.mp3,1
2099,Azerbaijani,23_Azerbaijani.mp3,0
2100,Azerbaijani,24_Azerbaijani.mp3,0
2101,Azerbaijani,25_Azerbaijani.mp3,0
2102,Azerbaijani,26_Azerbaijani.mp3,0
2103,Azerbaijani,27_Azerbaijani.mp3,0
2104,Azerbaijani,28_Azerbaijani.mp3,0
2105,Azerbaijani,29_Azerbaijani.mp3,1
2106,Azerbaijani,30_Azerbaijani.mp3,1
2107,Azerbaijani,31_Azerbaijani.mp3,0
2108,Azerbaijani,32_Azerbaijani.mp3,0
2109,Azerbaijani,33_Azerbaijani.mp3,1
2110,Azerbaijani,34_Azerbaijani.mp3,1
2111,Azerbaijani,35_Azerbaijani.mp3,1
2112,Azerbaijani,36_Azerbaijani.mp3,0
2113,Azerbaijani,37_Azerbaijani.mp3,0
2114,Azerbaijani,38_Azerbaijani.mp3,1
2115,Azerbaijani,39_Azerbaijani.mp3,1
2116,Azerbaijani,40_Azerbaijani.mp3,0
2117,Azerbaijani,41_Azerbaijani.mp3,1
2118,Azerbaijani,42_Azerbaijani.mp3,1
2119,Azerbaijani,43_Azerbaijani.mp3,1
2120,Azerbaijani,44_Azerbaijani.mp3,1
2121,Azerbaijani,45_Azerbaijani.mp3,1
2122,Azerbaijani,46_Azerbaijani.mp3,1
2123,Azerbaijani,47_Azerbaijani.mp3,1
2124,Azerbaijani,48_Azerbaijani.mp3,1
2125,Azerbaijani,49_Azerbaijani.mp3,0
2126,Azerbaijani,50_Azerbaijani.mp3,0
2127,Azerbaijani,51_Azerbaijani.mp3,1
2128,Azerbaijani,52_Azerbaijani.mp3,1
2129,Azerbaijani,53_Azerbaijani.mp3,0
2130,Azerbaijani,54_Azerbaijani.mp3,1
2131,Azerbaijani,55_Azerbaijani.mp3,1
2132,Azerbaijani,56_Azerbaijani.mp3,1
2133,Azerbaijani,57_Azerbaijani.mp3,0
2134,Azerbaijani,58_Azerbaijani.mp3,0
2135,Azerbaijani,59_Azerbaijani.mp3,0
2136,Azerbaijani,60_Azerbaijani.mp3,1
2137,Azerbaijani,61_Azerbaijani.mp3,0
2138,Azerbaijani,62_Azerbaijani.mp3,0
2139,Azerbaijani,63_Azerbaijani.mp3,0
2140,Azerbaijani,64_Azerbaijani.mp3,0
2141,Azerbaijani,65_Azerbaijani.mp3,1
2142,Azerbaijani,66_Azerbaijani.mp3,1
2143,Azerbaijani,67_Azerbaijani.mp3,1
2144,Azerbaijani,68_Azerbaijani.mp3,1
2145,Azerbaijani,69_Azerbaijani.mp3,0
2146,Azerbaijani,70_Azerbaijani.mp3,1
2147,Azerbaijani,71_Azerbaijani.mp3,0
2148,Azerbaijani,72_Azerbaijani.mp3,0
2149,Azerbaijani,73_Azerbaijani.mp3,0
2150,Azerbaijani,74_Azerbaijani.mp3,0
2151,Azerbaijani,75_Azerbaijani.mp3,1
2152,Azerbaijani,76_Azerbaijani.mp3,0
2153,Azerbaijani,77_Azerbaijani.mp3,0
2154,Azerbaijani,78_Azerbaijani.mp3,1
2155,Azerbaijani,79_Azerbaijani.mp3,0
2156,Azerbaijani,80_Azerbaijani.mp3,1
2157,Azerbaijani,81_Azerbaijani.mp3,1
2158,Azerbaijani,82_Azerbaijani.mp3,1
2159,Azerbaijani,83_Azerbaijani.mp3,0
2160,Azerbaijani,84_Azerbaijani.mp3,1
2161,Azerbaijani,85_Azerbaijani.mp3,0
2162,Azerbaijani,86_Azerbaijani.mp3,0
2163,Azerbaijani,87_Azerbaijani.mp3,0
2164,Azerbaijani,88_Azerbaijani.mp3,1
2165,Azerbaijani,89_Azerbaijani.mp3,0
2166,Azerbaijani,90_Azerbaijani.mp3,1
2167,Azerbaijani,91_Azerbaijani.mp3,1
2168,Azerbaijani,92_Azerbaijani.mp3,1
2169,Azerbaijani,93_Azerbaijani.mp3,1
2170,Azerbaijani,94_Azerbaijani.mp3,1
2171,Azerbaijani,95_Azerbaijani.mp3,0
2172,Azerbaijani,96_Azerbaijani.mp3,1
2173,Azerbaijani,97_Azerbaijani.mp3,0
2174,Azerbaijani,98_Azerbaijani.mp3,0
2175,Azerbaijani,99_Azerbaijani.mp3,1
2176,Azerbaijani,100_Azerbaijani.mp3,1
2177,Azerbaijani,101_Azerbaijani.mp3,0
2178,Azerbaijani,102_Azerbaijani.mp3,1
2179,Azerbaijani,103_Azerbaijani.mp3,0
2180,Azerbaijani,104_Azerbaijani.mp3,1
2181,Azerbaijani,105_Azerbaijani.mp3,0
2182,Azerbaijani,106_Azerbaijani.mp3,1
2183,Azerbaijani,107_Azerbaijani.mp3,1
2184,Azerbaijani,108_Azerbaijani.mp3,1
2185,Azerbaijani,109_Azerbaijani.mp3,0
2186,Azerbaijani,110_Azerbaijani.mp3,0
2187,Azerbaijani,111_Azerbaijani.mp3,1
2188,Azerbaijani,112_Azerbaijani.mp3,1
2189,Azerbaijani,113_Azerbaijani.mp3,0
2190,Azerbaijani,114_Azerbaijani.mp3,1
2191,Azerbaijani,115_Azerbaijani.mp3,0
2192,Azerbaijani,116_Azerbaijani.mp3,1
2193,Azerbaijani,117_Azerbaijani.mp3,0
2194,Azerbaijani,118_Azerbaijani.mp3,1
2195,Azerbaijani,119_Azerbaijani.mp3,1
2196,Azerbaijani,120_Azerbaijani.mp3,0
2197,Azerbaijani,121_Azerbaijani.mp3,1
2198,Azerbaijani,122_Azerbaijani.mp3,0
2199,Azerbaijani,123_Azerbaijani.mp3,0
2200,Azerbaijani,124_Azerbaijani.mp3,0
2201,Azerbaijani,125_Azerbaijani.mp3,1
2202,Azerbaijani,126_Azerbaijani.mp3,1
2203,Azerbaijani,127_Azerbaijani.mp3,1
2204,Azerbaijani,128_Azerbaijani.mp3,1
2205,Azerbaijani,129_Azerbaijani.mp3,1
2206,Azerbaijani,130_Azerbaijani.mp3,1
2207,Azerbaijani,131_Azerbaijani.mp3,1
2208,Azerbaijani,132_Azerbaijani.mp3,1
2209,Azerbaijani,133_Azerbaijani.mp3,0
2210,Azerbaijani,134_Azerbaijani.mp3,1
2211,Azerbaijani,135_Azerbaijani.mp3,1
2212,Azerbaijani,136_Azerbaijani.mp3,0
2213,Azerbaijani,137_Azerbaijani.mp3,1
2214,Azerbaijani,138_Azerbaijani.mp3,1
2215,Azerbaijani,139_Azerbaijani.mp3,1
2216,Azerbaijani,140_Azerbaijani.mp3,0
2217,Azerbaijani,141_Azerbaijani.mp3,1
2218,Azerbaijani,142_Azerbaijani.mp3,1
2219,Azerbaijani,143_Azerbaijani.mp3,0
2220,Azerbaijani,144_Azerbaijani.mp3,0
2221,Azerbaijani,145_Azerbaijani.mp3,1
2222,Azerbaijani,146_Azerbaijani.mp3,1
2223,Azerbaijani,147_Azerbaijani.mp3,0
2224,Azerbaijani,148_Azerbaijani.mp3,1
2225,Azerbaijani,149_Azerbaijani.mp3,1
2226,Azerbaijani,150_Azerbaijani.mp3,0
2227,Azerbaijani,151_Azerbaijani.mp3,0
2228,Azerbaijani,152_Azerbaijani.mp3,1
2229,Azerbaijani,153_Azerbaijani.mp3,1
2230,Azerbaijani,154_Azerbaijani.mp3,1
2231,Azerbaijani,155_Azerbaijani.mp3,0
2232,Azerbaijani,156_Azerbaijani.mp3,0
2233,Azerbaijani,157_Azerbaijani.mp3,1
2234,Azerbaijani,158_Azerbaijani.mp3,1
2235,Azerbaijani,159_Azerbaijani.mp3,0
2236,Azerbaijani,160_Azerbaijani.mp3,1
2237,Azerbaijani,161_Azerbaijani.mp3,1
2238,Azerbaijani,162_Azerbaijani.mp3,0
2239,Azerbaijani,163_Azerbaijani.mp3,0
2240,Azerbaijani,164_Azerbaijani.mp3,0
2241,Azerbaijani,165_Azerbaijani.mp3,0
2242,Azerbaijani,166_Azerbaijani.mp3,0
2243,Azerbaijani,167_Azerbaijani.mp3,0
2244,Azerbaijani,168_Azerbaijani.mp3,1
2245,Azerbaijani,169_Azerbaijani.mp3,0
2246,Azerbaijani,170_Azerbaijani.mp3,1
2247,Azerbaijani,171_Azerbaijani.mp3,1
2248,Azerbaijani,172_Azerbaijani.mp3,1
2249,Azerbaijani,173_Azerbaijani.mp3,1
2250,Azerbaijani,174_Azerbaijani.mp3,1
2251,Azerbaijani,175_Azerbaijani.mp3,0
2252,Azerbaijani,176_Azerbaijani.mp3,1
2253,Azerbaijani,177_Azerbaijani.mp3,0
2254,Azerbaijani,178_Azerbaijani.mp3,0
2255,Azerbaijani,179_Azerbaijani.mp3,1
2256,Azerbaijani,180_Azerbaijani.mp3,0
2257,Azerbaijani,181_Azerbaijani.mp3,1
2258,Azerbaijani,182_Azerbaijani.mp3,1
2259,Azerbaijani,183_Azerbaijani.mp3,0
2260,Azerbaijani,184_Azerbaijani.mp3,1
2261,Azerbaijani,185_Azerbaijani.mp3,1
2262,Azerbaijani,186_Azerbaijani.mp3,1
2263,Azerbaijani,187_Azerbaijani.mp3,1
2264,Azerbaijani,188_Azerbaijani.mp3,0
2265,Azerbaijani,189_Azerbaijani.mp3,1
2266,Azerbaijani,190_Azerbaijani.mp3,0
2267,Azerbaijani,191_Azerbaijani.mp3,1
2268,Azerbaijani,192_Azerbaijani.mp3,0
2269,Azerbaijani,193_Azerbaijani.mp3,0
2270,Azerbaijani,194_Azerbaijani.mp3,1
2271,Azerbaijani,195_Azerbaijani.mp3,1
2272,Azerbaijani,196_Azerbaijani.mp3,1
2273,Azerbaijani,197_Azerbaijani.mp3,0
2274,Azerbaijani,198_Azerbaijani.mp3,1
2275,Azerbaijani,199_Azerbaijani.mp3,0
2276,Azerbaijani,200_Azerbaijani.mp3,1
2277,Azerbaijani,201_Azerbaijani.mp3,0
2278,Azerbaijani,202_Azerbaijani.mp3,0
2279,Azerbaijani,203_Azerbaijani.mp3,0
2280,Azerbaijani,204_Azerbaijani.mp3,1
2281,Azerbaijani,205_Azerbaijani.mp3,1
2282,Azerbaijani,206_Azerbaijani.mp3,1
2283,Azerbaijani,207_Azerbaijani.mp3,1
2284,Azerbaijani,208_Azerbaijani.mp3,1
2285,Azerbaijani,209_Azerbaijani.mp3,1
2286,Azerbaijani,210_Azerbaijani.mp3,1
2287,Azerbaijani,211_Azerbaijani.mp3,0
2288,Azerbaijani,212_Azerbaijani.mp3,0
2289,Azerbaijani,213_Azerbaijani.mp3,0
2290,Azerbaijani,214_Azerbaijani.mp3,0
2291,Azerbaijani,215_Azerbaijani.mp3,0
2292,Azerbaijani,216_Azerbaijani.mp3,1
2293,Azerbaijani,217_Azerbaijani.mp3,1
2294,Azerbaijani,218_Azerbaijani.mp3,0
2295,Azerbaijani,219_Azerbaijani.mp3,1
2296,Azerbaijani,220_Azerbaijani.mp3,1
2297,Azerbaijani,221_Azerbaijani.mp3,1
2298,Azerbaijani,222_Azerbaijani.mp3,1
2299,Azerbaijani,223_Azerbaijani.mp3,1
2300,Azerbaijani,224_Azerbaijani.mp3,1
2301,Azerbaijani,225_Azerbaijani.mp3,1
2302,Azerbaijani,226_Azerbaijani.mp3,0
2303,Azerbaijani,227_Azerbaijani.mp3,1
2304,Azerbaijani,228_Azerbaijani.mp3,0
2305,Azerbaijani,229_Azerbaijani.mp3,1
2306,Azerbaijani,230_Azerbaijani.mp3,1
2307,Azerbaijani,231_Azerbaijani.mp3,1
2308,Azerbaijani,232_Azerbaijani.mp3,0
2309,Azerbaijani,233_Azerbaijani.mp3,1
2310,Azerbaijani,234_Azerbaijani.mp3,1
2311,Azerbaijani,235_Azerbaijani.mp3,1
2312,Azerbaijani,236_Azerbaijani.mp3,0
2313,Azerbaijani,237_Azerbaijani.mp3,1
2314,Azerbaijani,238_Azerbaijani.mp3,0
2315,Azerbaijani,239_Azerbaijani.mp3,1
2316,Azerbaijani,240_Azerbaijani.mp3,0
2317,Azerbaijani,241_Azerbaijani.mp3,1
2318,Azerbaijani,242_Azerbaijani.mp3,0
2319,Azerbaijani,243_Azerbaijani.mp3,1
2320,Azerbaijani,244_Azerbaijani.mp3,0
2321,Azerbaijani,245_Azerbaijani.mp3,1
2322,Azerbaijani,246_Azerbaijani.mp3,0
2323,Azerbaijani,247_Azerbaijani.mp3,0
2324,Azerbaijani,248_Azerbaijani.mp3,1
2325,Azerbaijani,249_Azerbaijani.mp3,1
2326,Bangla,1_Bangla.mp3,1
2327,Bangla,2_Bangla.mp3,1
2328,Bangla,3_Bangla.mp3,0
2329,Bangla,4_Bangla.mp3,1
2330,Bangla,5_Bangla.mp3,0
2331,Bangla,6_Bangla.mp3,0
2332,Bangla,7_Bangla.mp3,0
2333,Bangla,8_Bangla.mp3,1
2334,Bangla,9_Bangla.mp3,1
2335,Bangla,10_Bangla.mp3,0
2336,Bangla,11_Bangla.mp3,0
2337,Bangla,12_Bangla.mp3,1
2338,Bangla,13_Bangla.mp3,0
2339,Bangla,14_Bangla.mp3,1
2340,Bangla,15_Bangla.mp3,1
2341,Bangla,16_Bangla.mp3,0
2342,Bangla,17_Bangla.mp3,1
2343,Bangla,18_Bangla.mp3,1
2344,Bangla,19_Bangla.mp3,1
2345,Bangla,20_Bangla.mp3,1
2346,Bangla,21_Bangla.mp3,1
2347,Bangla,22_Bangla.mp3,0
2348,Bangla,23_Bangla.mp3,0
2349,Bangla,24_Bangla.mp3,0
2350,Bangla,25_Bangla.mp3,0
2351,Bangla,26_Bangla.mp3,0
2352,Bangla,27_Bangla.mp3,0
2353,Bangla,28_Bangla.mp3,0
2354,Bangla,29_Bangla.mp3,1
2355,Bangla,30_Bangla.mp3,0
2356,Bangla,31_Bangla.mp3,0
2357,Bangla,32_Bangla.mp3,0
2358,Bangla,33_Bangla.mp3,1
2359,Bangla,34_Bangla.mp3,1
2360,Bangla,35_Bangla.mp3,0
2361,Bangla,36_Bangla.mp3,0
2362,Bangla,37_Bangla.mp3,0
2363,Bangla,38_Bangla.mp3,0
2364,Bangla,39_Bangla.mp3,1
2365,Bangla,40_Bangla.mp3,0
2366,Bangla,41_Bangla.mp3,1
2367,Bangla,42_Bangla.mp3,1
2368,Bangla,43_Bangla.mp3,1
2369,Bangla,44_Bangla.mp3,1
2370,Bangla,45_Bangla.mp3,1
2371,Bangla,46_Bangla.mp3,1
2372,Bangla,47_Bangla.mp3,1
2373,Bangla,48_Bangla.mp3,1
2374,Bangla,49_Bangla.mp3,0
2375,Bangla,50_Bangla.mp3,0
2376,Bangla,51_Bangla.mp3,0
2377,Bangla,52_Bangla.mp3,1
2378,Bangla,53_Bangla.mp3,0
2379,Bangla,54_Bangla.mp3,0
2380,Bangla,55_Bangla.mp3,1
2381,Bangla,56_Bangla.mp3,1
2382,Bangla,57_Bangla.mp3,0
2383,Bangla,58_Bangla.mp3,0
2384,Bangla,59_Bangla.mp3,0
2385,Bangla,60_Bangla.mp3,1
2386,Bangla,61_Bangla.mp3,0
2387,Bangla,62_Bangla.mp3,0
2388,Bangla,63_Bangla.mp3,0
2389,Bangla,64_Bangla.mp3,0
2390,Bangla,65_Bangla.mp3,1
2391,Bangla,66_Bangla.mp3,1
2392,Bangla,67_Bangla.mp3,1
2393,Bangla,68_Bangla.mp3,1
2394,Bangla,69_Bangla.mp3,0
2395,Bangla,70_Bangla.mp3,1
2396,Bangla,71_Bangla.mp3,0
2397,Bangla,72_Bangla.mp3,0
2398,Bangla,73_Bangla.mp3,0
2399,Bangla,74_Bangla.mp3,0
2400,Bangla,75_Bangla.mp3,1
2401,Bangla,76_Bangla.mp3,0
2402,Bangla,77_Bangla.mp3,0
2403,Bangla,78_Bangla.mp3,1
2404,Bangla,79_Bangla.mp3,0
2405,Bangla,80_Bangla.mp3,1
2406,Bangla,81_Bangla.mp3,1
2407,Bangla,82_Bangla.mp3,1
2408,Bangla,83_Bangla.mp3,0
2409,Bangla,84_Bangla.mp3,1
2410,Bangla,85_Bangla.mp3,0
2411,Bangla,86_Bangla.mp3,0
2412,Bangla,87_Bangla.mp3,0
2413,Bangla,88_Bangla.mp3,1
2414,Bangla,89_Bangla.mp3,0
2415,Bangla,90_Bangla.mp3,1
2416,Bangla,91_Bangla.mp3,1
2417,Bangla,92_Bangla.mp3,1
2418,Bangla,93_Bangla.mp3,1
2419,Bangla,94_Bangla.mp3,0
2420,Bangla,95_Bangla.mp3,0
2421,Bangla,96_Bangla.mp3,1
2422,Bangla,97_Bangla.mp3,0
2423,Bangla,98_Bangla.mp3,0
2424,Bangla,99_Bangla.mp3,0
2425,Bangla,100_Bangla.mp3,1
2426,Bangla,101_Bangla.mp3,0
2427,Bangla,102_Bangla.mp3,1
2428,Bangla,103_Bangla.mp3,0
2429,Bangla,104_Bangla.mp3,1
2430,Bangla,105_Bangla.mp3,0
2431,Bangla,106_Bangla.mp3,1
2432,Bangla,107_Bangla.mp3,1
2433,Bangla,108_Bangla.mp3,1
2434,Bangla,109_Bangla.mp3,0
2435,Bangla,110_Bangla.mp3,0
2436,Bangla,111_Bangla.mp3,1
2437,Bangla,112_Bangla.mp3,1
2438,Bangla,113_Bangla.mp3,0
2439,Bangla,114_Bangla.mp3,1
2440,Bangla,115_Bangla.mp3,0
2441,Bangla,116_Bangla.mp3,1
2442,Bangla,117_Bangla.mp3,0
2443,Bangla,118_Bangla.mp3,1
2444,Bangla,119_Bangla.mp3,0
2445,Bangla,120_Bangla.mp3,0
2446,Bangla,121_Bangla.mp3,1
2447,Bangla,122_Bangla.mp3,0
2448,Bangla,123_Bangla.mp3,0
2449,Bangla,124_Bangla.mp3,0
2450,Bangla,125_Bangla.mp3,1
2451,Bangla,126_Bangla.mp3,1
2452,Bangla,127_Bangla.mp3,1
2453,Bangla,128_Bangla.mp3,1
2454,Bangla,129_Bangla.mp3,1
2455,Bangla,130_Bangla.mp3,1
2456,Bangla,131_Bangla.mp3,1
2457,Bangla,132_Bangla.mp3,1
2458,Bangla,133_Bangla.mp3,0
2459,Bangla,134_Bangla.mp3,1
2460,Bangla,135_Bangla.mp3,1
2461,Bangla,136_Bangla.mp3,0
2462,Bangla,137_Bangla.mp3,1
2463,Bangla,138_Bangla.mp3,1
2464,Bangla,139_Bangla.mp3,1
2465,Bangla,140_Bangla.mp3,0
2466,Bangla,141_Bangla.mp3,1
2467,Bangla,142_Bangla.mp3,1
2468,Bangla,143_Bangla.mp3,0
2469,Bangla,144_Bangla.mp3,0
2470,Bangla,145_Bangla.mp3,1
2471,Bangla,146_Bangla.mp3,1
2472,Bangla,147_Bangla.mp3,0
2473,Bangla,148_Bangla.mp3,1
2474,Bangla,149_Bangla.mp3,1
2475,Bangla,150_Bangla.mp3,0
2476,Bangla,151_Bangla.mp3,0
2477,Bangla,152_Bangla.mp3,1
2478,Bangla,153_Bangla.mp3,1
2479,Bangla,154_Bangla.mp3,1
2480,Bangla,155_Bangla.mp3,0
2481,Bangla,156_Bangla.mp3,0
2482,Bangla,157_Bangla.mp3,1
2483,Bangla,158_Bangla.mp3,1
2484,Bangla,159_Bangla.mp3,0
2485,Bangla,160_Bangla.mp3,1
2486,Bangla,161_Bangla.mp3,1
2487,Bangla,162_Bangla.mp3,0
2488,Bangla,163_Bangla.mp3,0
2489,Bangla,164_Bangla.mp3,0
2490,Bangla,165_Bangla.mp3,0
2491,Bangla,166_Bangla.mp3,0
2492,Bangla,167_Bangla.mp3,0
2493,Bangla,168_Bangla.mp3,1
2494,Bangla,169_Bangla.mp3,0
2495,Bangla,170_Bangla.mp3,1
2496,Bangla,171_Bangla.mp3,1
2497,Bangla,172_Bangla.mp3,1
2498,Bangla,173_Bangla.mp3,1
2499,Bangla,174_Bangla.mp3,1
2500,Bangla,175_Bangla.mp3,0
2501,Bangla,176_Bangla.mp3,1
2502,Bangla,177_Bangla.mp3,0
2503,Bangla,178_Bangla.mp3,0
2504,Bangla,179_Bangla.mp3,1
2505,Bangla,180_Bangla.mp3,0
2506,Bangla,181_Bangla.mp3,1
2507,Bangla,182_Bangla.mp3,1
2508,Bangla,183_Bangla.mp3,0
2509,Bangla,184_Bangla.mp3,1
2510,Bangla,185_Bangla.mp3,1
2511,Bangla,186_Bangla.mp3,1
2512,Bangla,187_Bangla.mp3,1
2513,Bangla,188_Bangla.mp3,0
2514,Bangla,189_Bangla.mp3,1
2515,Bangla,190_Bangla.mp3,0
2516,Bangla,191_Bangla.mp3,1
2517,Bangla,192_Bangla.mp3,0
2518,Bangla,193_Bangla.mp3,0
2519,Bangla,194_Bangla.mp3,1
2520,Bangla,195_Bangla.mp3,1
2521,Bangla,196_Bangla.mp3,1
2522,Bangla,197_Bangla.mp3,0
2523,Bangla,198_Bangla.mp3,1
2524,Bangla,199_Bangla.mp3,0
2525,Bangla,200_Bangla.mp3,1
2526,Bangla,201_Bangla.mp3,0
2527,Bangla,202_Bangla.mp3,0
2528,Bangla,203_Bangla.mp3,0
2529,Bangla,204_Bangla.mp3,1
2530,Bangla,205_Bangla.mp3,1
2531,Bangla,206_Bangla.mp3,1
2532,Bangla,207_Bangla.mp3,1
2533,Bangla,208_Bangla.mp3,1
2534,Bangla,209_Bangla.mp3,1
2535,Bangla,210_Bangla.mp3,1
2536,Bangla,211_Bangla.mp3,0
2537,Bangla,212_Bangla.mp3,0
2538,Bangla,213_Bangla.mp3,0
2539,Bangla,214_Bangla.mp3,0
2540,Bangla,215_Bangla.mp3,0
2541,Bangla,216_Bangla.mp3,1
2542,Bangla,217_Bangla.mp3,1
2543,Bangla,218_Bangla.mp3,0
2544,Bangla,219_Bangla.mp3,1
2545,Bangla,220_Bangla.mp3,1
2546,Bangla,221_Bangla.mp3,1
2547,Bangla,222_Bangla.mp3,1
2548,Bangla,223_Bangla.mp3,1
2549,Bangla,224_Bangla.mp3,1
2550,Bangla,225_Bangla.mp3,1
2551,Bangla,226_Bangla.mp3,0
2552,Bangla,227_Bangla.mp3,1
2553,Bangla,228_Bangla.mp3,0
2554,Bangla,229_Bangla.mp3,1
2555,Bangla,230_Bangla.mp3,1
2556,Bangla,231_Bangla.mp3,1
2557,Bangla,232_Bangla.mp3,0
2558,Bangla,233_Bangla.mp3,1
2559,Bangla,234_Bangla.mp3,1
2560,Bangla,235_Bangla.mp3,1
2561,Bangla,236_Bangla.mp3,0
2562,Bangla,237_Bangla.mp3,1
2563,Bangla,238_Bangla.mp3,0
2564,Bangla,239_Bangla.mp3,0
2565,Bangla,240_Bangla.mp3,0
2566,Bangla,241_Bangla.mp3,1
2567,Bangla,242_Bangla.mp3,0
2568,Bangla,243_Bangla.mp3,1
2569,Bangla,244_Bangla.mp3,0
2570,Bangla,245_Bangla.mp3,1
2571,Bangla,246_Bangla.mp3,0
2572,Bangla,247_Bangla.mp3,0
2573,Bangla,248_Bangla.mp3,1
2574,Bangla,249_Bangla.mp3,1
2575,Bulgarian,1_Bulgarian.mp3,1
2576,Bulgarian,2_Bulgarian.mp3,1
2577,Bulgarian,3_Bulgarian.mp3,1
2578,Bulgarian,4_Bulgarian.mp3,1
2579,Bulgarian,5_Bulgarian.mp3,1
2580,Bulgarian,6_Bulgarian.mp3,1
2581,Bulgarian,7_Bulgarian.mp3,0
2582,Bulgarian,8_Bulgarian.mp3,0
2583,Bulgarian,9_Bulgarian.mp3,0
2584,Bulgarian,10_Bulgarian.mp3,1
2585,Bulgarian,11_Bulgarian.mp3,1
2586,Bulgarian,12_Bulgarian.mp3,1
2587,Bulgarian,13_Bulgarian.mp3,1
2588,Bulgarian,14_Bulgarian.mp3,0
2589,Bulgarian,15_Bulgarian.mp3,0
2590,Bulgarian,16_Bulgarian.mp3,1
2591,Bulgarian,17_Bulgarian.mp3,1
2592,Bulgarian,18_Bulgarian.mp3,0
2593,Bulgarian,19_Bulgarian.mp3,1
2594,Bulgarian,20_Bulgarian.mp3,1
2595,Bulgarian,21_Bulgarian.mp3,0
2596,Bulgarian,22_Bulgarian.mp3,0
2597,Bulgarian,23_Bulgarian.mp3,0
2598,Bulgarian,24_Bulgarian.mp3,1
2599,Bulgarian,25_Bulgarian.mp3,1
2600,Bulgarian,26_Bulgarian.mp3,0
2601,Bulgarian,27_Bulgarian.mp3,1
2602,Bulgarian,28_Bulgarian.mp3,1
2603,Bulgarian,29_Bulgarian.mp3,1
2604,Bulgarian,30_Bulgarian.mp3,1
2605,Bulgarian,31_Bulgarian.mp3,0
2606,Bulgarian,32_Bulgarian.mp3,1
2607,Bulgarian,33_Bulgarian.mp3,1
2608,Bulgarian,34_Bulgarian.mp3,1
2609,Bulgarian,35_Bulgarian.mp3,0
2610,Bulgarian,36_Bulgarian.mp3,1
2611,Bulgarian,37_Bulgarian.mp3,1
2612,Bulgarian,38_Bulgarian.mp3,0
2613,Bulgarian,39_Bulgarian.mp3,1
2614,Bulgarian,40_Bulgarian.mp3,1
2615,Bulgarian,41_Bulgarian.mp3,1
2616,Bulgarian,42_Bulgarian.mp3,1
2617,Bulgarian,43_Bulgarian.mp3,1
2618,Bulgarian,44_Bulgarian.mp3,1
2619,Bulgarian,45_Bulgarian.mp3,1
2620,Bulgarian,46_Bulgarian.mp3,1
2621,Bulgarian,47_Bulgarian.mp3,1
2622,Bulgarian,48_Bulgarian.mp3,0
2623,Bulgarian,49_Bulgarian.mp3,1
2624,Bulgarian,50_Bulgarian.mp3,1
2625,Bulgarian,51_Bulgarian.mp3,1
2626,Bulgarian,52_Bulgarian.mp3,1
2627,Bulgarian,53_Bulgarian.mp3,1
2628,Bulgarian,54_Bulgarian.mp3,0
2629,Bulgarian,55_Bulgarian.mp3,0
2630,Bulgarian,56_Bulgarian.mp3,0
2631,Bulgarian,57_Bulgarian.mp3,0
2632,Bulgarian,58_Bulgarian.mp3,0
2633,Bulgarian,59_Bulgarian.mp3,1
2634,Bulgarian,60_Bulgarian.mp3,1
2635,Bulgarian,61_Bulgarian.mp3,0
2636,Bulgarian,62_Bulgarian.mp3,0
2637,Bulgarian,63_Bulgarian.mp3,1
2638,Bulgarian,64_Bulgarian.mp3,0
2639,Bulgarian,65_Bulgarian.mp3,0
2640,Bulgarian,66_Bulgarian.mp3,0
2641,Bulgarian,67_Bulgarian.mp3,1
2642,Bulgarian,68_Bulgarian.mp3,1
2643,Bulgarian,69_Bulgarian.mp3,1
2644,Bulgarian,70_Bulgarian.mp3,0
2645,Bulgarian,71_Bulgarian.mp3,0
2646,Bulgarian,72_Bulgarian.mp3,0
2647,Bulgarian,73_Bulgarian.mp3,1
2648,Bulgarian,74_Bulgarian.mp3,0
2649,Bulgarian,75_Bulgarian.mp3,1
2650,Bulgarian,76_Bulgarian.mp3,1
2651,Bulgarian,77_Bulgarian.mp3,1
2652,Bulgarian,78_Bulgarian.mp3,1
2653,Bulgarian,79_Bulgarian.mp3,0
2654,Bulgarian,80_Bulgarian.mp3,1
2655,Bulgarian,81_Bulgarian.mp3,0
2656,Bulgarian,82_Bulgarian.mp3,1
2657,Bulgarian,83_Bulgarian.mp3,1
2658,Bulgarian,84_Bulgarian.mp3,0
2659,Bulgarian,85_Bulgarian.mp3,1
2660,Bulgarian,86_Bulgarian.mp3,1
2661,Bulgarian,87_Bulgarian.mp3,1
2662,Bulgarian,88_Bulgarian.mp3,1
2663,Bulgarian,89_Bulgarian.mp3,1
2664,Bulgarian,90_Bulgarian.mp3,1
2665,Bulgarian,91_Bulgarian.mp3,1
2666,Bulgarian,92_Bulgarian.mp3,1
2667,Bulgarian,93_Bulgarian.mp3,0
2668,Bulgarian,94_Bulgarian.mp3,0
2669,Bulgarian,95_Bulgarian.mp3,1
2670,Bulgarian,96_Bulgarian.mp3,0
2671,Bulgarian,97_Bulgarian.mp3,0
2672,Bulgarian,98_Bulgarian.mp3,0
2673,Bulgarian,99_Bulgarian.mp3,1
2674,Bulgarian,100_Bulgarian.mp3,1
2675,Bulgarian,101_Bulgarian.mp3,1
2676,Bulgarian,102_Bulgarian.mp3,1
2677,Bulgarian,103_Bulgarian.mp3,0
2678,Bulgarian,104_Bulgarian.mp3,1
2679,Bulgarian,105_Bulgarian.mp3,1
2680,Bulgarian,106_Bulgarian.mp3,0
2681,Bulgarian,107_Bulgarian.mp3,1
2682,Bulgarian,108_Bulgarian.mp3,1
2683,Bulgarian,109_Bulgarian.mp3,1
2684,Bulgarian,110_Bulgarian.mp3,0
2685,Bulgarian,111_Bulgarian.mp3,0
2686,Bulgarian,112_Bulgarian.mp3,1
2687,Bulgarian,113_Bulgarian.mp3,1
2688,Bulgarian,114_Bulgarian.mp3,0
2689,Bulgarian,115_Bulgarian.mp3,1
2690,Bulgarian,116_Bulgarian.mp3,0
2691,Bulgarian,117_Bulgarian.mp3,0
2692,Bulgarian,118_Bulgarian.mp3,1
2693,Bulgarian,119_Bulgarian.mp3,1
2694,Bulgarian,120_Bulgarian.mp3,0
2695,Bulgarian,121_Bulgarian.mp3,0
2696,Bulgarian,122_Bulgarian.mp3,1
2697,Bulgarian,123_Bulgarian.mp3,1
2698,Bulgarian,124_Bulgarian.mp3,0
2699,Bulgarian,125_Bulgarian.mp3,1
2700,Bulgarian,126_Bulgarian.mp3,1
2701,Bulgarian,127_Bulgarian.mp3,0
2702,Bulgarian,128_Bulgarian.mp3,0
2703,Bulgarian,129_Bulgarian.mp3,1
2704,Bulgarian,130_Bulgarian.mp3,1
2705,Bulgarian,131_Bulgarian.mp3,0
2706,Bulgarian,132_Bulgarian.mp3,1
2707,Bulgarian,133_Bulgarian.mp3,1
2708,Bulgarian,134_Bulgarian.mp3,0
2709,Bulgarian,135_Bulgarian.mp3,1
2710,Bulgarian,136_Bulgarian.mp3,0
2711,Bulgarian,137_Bulgarian.mp3,0
2712,Bulgarian,138_Bulgarian.mp3,0
2713,Bulgarian,139_Bulgarian.mp3,1
2714,Bulgarian,140_Bulgarian.mp3,0
2715,Bulgarian,141_Bulgarian.mp3,1
2716,Bulgarian,142_Bulgarian.mp3,1
2717,Bulgarian,143_Bulgarian.mp3,1
2718,Bulgarian,144_Bulgarian.mp3,0
2719,Bulgarian,145_Bulgarian.mp3,1
2720,Bulgarian,146_Bulgarian.mp3,1
2721,Bulgarian,147_Bulgarian.mp3,1
2722,Bulgarian,148_Bulgarian.mp3,0
2723,Bulgarian,149_Bulgarian.mp3,1
2724,Bulgarian,150_Bulgarian.mp3,1
2725,Bulgarian,151_Bulgarian.mp3,1
2726,Bulgarian,152_Bulgarian.mp3,0
2727,Bulgarian,153_Bulgarian.mp3,0
2728,Bulgarian,154_Bulgarian.mp3,0
2729,Bulgarian,155_Bulgarian.mp3,1
2730,Bulgarian,156_Bulgarian.mp3,0
2731,Bulgarian,157_Bulgarian.mp3,1
2732,Bulgarian,158_Bulgarian.mp3,1
2733,Bulgarian,159_Bulgarian.mp3,1
2734,Bulgarian,160_Bulgarian.mp3,0
2735,Bulgarian,161_Bulgarian.mp3,1
2736,Bulgarian,162_Bulgarian.mp3,1
2737,Bulgarian,163_Bulgarian.mp3,1
2738,Bulgarian,164_Bulgarian.mp3,1
2739,Bulgarian,165_Bulgarian.mp3,1
2740,Bulgarian,166_Bulgarian.mp3,0
2741,Bulgarian,167_Bulgarian.mp3,0
2742,Bulgarian,168_Bulgarian.mp3,0
2743,Bulgarian,169_Bulgarian.mp3,0
2744,Bulgarian,170_Bulgarian.mp3,1
2745,Bulgarian,171_Bulgarian.mp3,0
2746,Bulgarian,172_Bulgarian.mp3,1
2747,Bulgarian,173_Bulgarian.mp3,1
2748,Bulgarian,174_Bulgarian.mp3,0
2749,Bulgarian,175_Bulgarian.mp3,1
2750,Bulgarian,176_Bulgarian.mp3,1
2751,Bulgarian,177_Bulgarian.mp3,1
2752,Bulgarian,178_Bulgarian.mp3,1
2753,Bulgarian,179_Bulgarian.mp3,0
2754,Bulgarian,180_Bulgarian.mp3,0
2755,Bulgarian,181_Bulgarian.mp3,1
2756,Bulgarian,182_Bulgarian.mp3,1
2757,Bulgarian,183_Bulgarian.mp3,0
2758,Bulgarian,184_Bulgarian.mp3,1
2759,Bulgarian,185_Bulgarian.mp3,1
2760,Bulgarian,186_Bulgarian.mp3,1
2761,Bulgarian,187_Bulgarian.mp3,1
2762,Bulgarian,188_Bulgarian.mp3,0
2763,Bulgarian,189_Bulgarian.mp3,0
2764,Bulgarian,190_Bulgarian.mp3,0
2765,Bulgarian,191_Bulgarian.mp3,1
2766,Bulgarian,192_Bulgarian.mp3,1
2767,Bulgarian,193_Bulgarian.mp3,1
2768,Bulgarian,194_Bulgarian.mp3,0
2769,Bulgarian,195_Bulgarian.mp3,1
2770,Bulgarian,196_Bulgarian.mp3,0
2771,Bulgarian,197_Bulgarian.mp3,1
2772,Bulgarian,198_Bulgarian.mp3,0
2773,Bulgarian,199_Bulgarian.mp3,1
2774,Bulgarian,200_Bulgarian.mp3,1
2775,Bulgarian,201_Bulgarian.mp3,0
2776,Bulgarian,202_Bulgarian.mp3,1
2777,Bulgarian,203_Bulgarian.mp3,1
2778,Bulgarian,204_Bulgarian.mp3,0
2779,Bulgarian,205_Bulgarian.mp3,1
2780,Bulgarian,206_Bulgarian.mp3,1
2781,Bulgarian,207_Bulgarian.mp3,0
2782,Bulgarian,208_Bulgarian.mp3,0
2783,Bulgarian,209_Bulgarian.mp3,1
2784,Bulgarian,210_Bulgarian.mp3,1
2785,Bulgarian,211_Bulgarian.mp3,0
2786,Bulgarian,212_Bulgarian.mp3,1
2787,Bulgarian,213_Bulgarian.mp3,0
2788,Bulgarian,214_Bulgarian.mp3,0
2789,Bulgarian,215_Bulgarian.mp3,1
2790,Bulgarian,216_Bulgarian.mp3,1
2791,Bulgarian,217_Bulgarian.mp3,1
2792,Bulgarian,218_Bulgarian.mp3,1
2793,Bulgarian,219_Bulgarian.mp3,1
2794,Bulgarian,220_Bulgarian.mp3,0
2795,Bulgarian,221_Bulgarian.mp3,0
2796,Bulgarian,222_Bulgarian.mp3,0
2797,Bulgarian,223_Bulgarian.mp3,0
2798,Bulgarian,224_Bulgarian.mp3,1
2799,Bulgarian,225_Bulgarian.mp3,1
2800,Bulgarian,226_Bulgarian.mp3,0
2801,Bulgarian,227_Bulgarian.mp3,1
2802,Bulgarian,228_Bulgarian.mp3,0
2803,Bulgarian,229_Bulgarian.mp3,1
2804,Bulgarian,230_Bulgarian.mp3,1
2805,Bulgarian,231_Bulgarian.mp3,1
2806,Bulgarian,232_Bulgarian.mp3,1
2807,Bulgarian,233_Bulgarian.mp3,0
2808,Bulgarian,234_Bulgarian.mp3,1
2809,Bulgarian,235_Bulgarian.mp3,1
2810,Bulgarian,236_Bulgarian.mp3,0
2811,Bulgarian,237_Bulgarian.mp3,1
2812,Bulgarian,238_Bulgarian.mp3,1
2813,Bulgarian,239_Bulgarian.mp3,0
2814,Bulgarian,240_Bulgarian.mp3,1
2815,Bulgarian,241_Bulgarian.mp3,0
2816,Bulgarian,242_Bulgarian.mp3,1
2817,Bulgarian,243_Bulgarian.mp3,1
2818,Bulgarian,244_Bulgarian.mp3,0
2819,Bulgarian,245_Bulgarian.mp3,0
2820,Bulgarian,246_Bulgarian.mp3,0
2821,Bulgarian,247_Bulgarian.mp3,0
2822,Bulgarian,248_Bulgarian.mp3,1
2823,Bulgarian,249_Bulgarian.mp3,1
2824,Bulgarian,250_Bulgarian.mp3,0
2825,Bulgarian,251_Bulgarian.mp3,0
2826,Bulgarian,252_Bulgarian.mp3,1
2827,Bulgarian,253_Bulgarian.mp3,0
2828,Bulgarian,254_Bulgarian.mp3,1
2829,Bulgarian,255_Bulgarian.mp3,1
2830,Bulgarian,256_Bulgarian.mp3,1
2831,Bulgarian,257_Bulgarian.mp3,1
2832,Bulgarian,258_Bulgarian.mp3,0
2833,Bulgarian,259_Bulgarian.mp3,0
2834,Bulgarian,260_Bulgarian.mp3,1
2835,Bulgarian,261_Bulgarian.mp3,1
2836,Bulgarian,262_Bulgarian.mp3,0
2837,Bulgarian,263_Bulgarian.mp3,0
2838,Bulgarian,264_Bulgarian.mp3,0
2839,Bulgarian,265_Bulgarian.mp3,0
2840,Bulgarian,266_Bulgarian.mp3,0
2841,Bulgarian,267_Bulgarian.mp3,1
2842,Bulgarian,268_Bulgarian.mp3,0
2843,Bulgarian,269_Bulgarian.mp3,1
2844,Bulgarian,270_Bulgarian.mp3,1
2845,Bulgarian,271_Bulgarian.mp3,1
2846,Bulgarian,272_Bulgarian.mp3,1
2847,Bulgarian,273_Bulgarian.mp3,0
2848,Bulgarian,274_Bulgarian.mp3,0
2849,Bulgarian,275_Bulgarian.mp3,0
2850,Bulgarian,276_Bulgarian.mp3,1
2851,Bulgarian,277_Bulgarian.mp3,1
2852,Bulgarian,278_Bulgarian.mp3,0
2853,Bulgarian,279_Bulgarian.mp3,1
2854,Bulgarian,280_Bulgarian.mp3,1
2855,Burmese,1_Burmese.mp3,1
2856,Burmese,2_Burmese.mp3,1
2857,Burmese,3_Burmese.mp3,1
2858,Burmese,4_Burmese.mp3,1
2859,Burmese,5_Burmese.mp3,1
2860,Burmese,6_Burmese.mp3,1
2861,Burmese,7_Burmese.mp3,1
2862,Burmese,8_Burmese.mp3,1
2863,Burmese,9_Burmese.mp3,0
2864,Burmese,10_Burmese.mp3,0
2865,Burmese,11_Burmese.mp3,1
2866,Burmese,12_Burmese.mp3,1
2867,Burmese,13_Burmese.mp3,0
2868,Burmese,14_Burmese.mp3,0
2869,Burmese,15_Burmese.mp3,1
2870,Burmese,16_Burmese.mp3,0
2871,Burmese,17_Burmese.mp3,0
2872,Burmese,18_Burmese.mp3,1
2873,Burmese,19_Burmese.mp3,0
2874,Burmese,20_Burmese.mp3,1
2875,Burmese,21_Burmese.mp3,1
2876,Burmese,22_Burmese.mp3,1
2877,Burmese,23_Burmese.mp3,1
2878,Burmese,24_Burmese.mp3,0
2879,Burmese,25_Burmese.mp3,1
2880,Burmese,26_Burmese.mp3,1
2881,Burmese,27_Burmese.mp3,1
2882,Burmese,28_Burmese.mp3,1
2883,Burmese,29_Burmese.mp3,0
2884,Burmese,30_Burmese.mp3,1
2885,Burmese,31_Burmese.mp3,0
2886,Burmese,32_Burmese.mp3,1
2887,Burmese,33_Burmese.mp3,1
2888,Burmese,34_Burmese.mp3,1
2889,Burmese,35_Burmese.mp3,0
2890,Burmese,36_Burmese.mp3,1
2891,Burmese,37_Burmese.mp3,1
2892,Burmese,38_Burmese.mp3,1
2893,Burmese,39_Burmese.mp3,1
2894,Burmese,40_Burmese.mp3,1
2895,Burmese,41_Burmese.mp3,0
2896,Burmese,42_Burmese.mp3,1
2897,Burmese,43_Burmese.mp3,0
2898,Burmese,44_Burmese.mp3,1
2899,Burmese,45_Burmese.mp3,0
2900,Burmese,46_Burmese.mp3,0
2901,Burmese,47_Burmese.mp3,1
2902,Burmese,48_Burmese.mp3,0
2903,Burmese,49_Burmese.mp3,1
2904,Burmese,50_Burmese.mp3,0
2905,Burmese,51_Burmese.mp3,1
2906,Burmese,52_Burmese.mp3,0
2907,Burmese,53_Burmese.mp3,0
2908,Burmese,54_Burmese.mp3,1
2909,Burmese,55_Burmese.mp3,0
2910,Burmese,56_Burmese.mp3,0
2911,Burmese,57_Burmese.mp3,0
2912,Burmese,58_Burmese.mp3,0
2913,Burmese,59_Burmese.mp3,1
2914,Burmese,60_Burmese.mp3,1
2915,Burmese,61_Burmese.mp3,0
2916,Burmese,62_Burmese.mp3,1
2917,Burmese,63_Burmese.mp3,0
2918,Burmese,64_Burmese.mp3,1
2919,Burmese,65_Burmese.mp3,0
2920,Burmese,66_Burmese.mp3,0
2921,Burmese,67_Burmese.mp3,1
2922,Burmese,68_Burmese.mp3,1
2923,Burmese,69_Burmese.mp3,1
2924,Burmese,70_Burmese.mp3,0
2925,Burmese,71_Burmese.mp3,1
2926,Burmese,72_Burmese.mp3,0
2927,Burmese,73_Burmese.mp3,1
2928,Burmese,74_Burmese.mp3,1
2929,Burmese,75_Burmese.mp3,0
2930,Burmese,76_Burmese.mp3,1
2931,Burmese,77_Burmese.mp3,0
2932,Burmese,78_Burmese.mp3,1
2933,Burmese,79_Burmese.mp3,0
2934,Burmese,80_Burmese.mp3,1
2935,Burmese,81_Burmese.mp3,1
2936,Burmese,82_Burmese.mp3,0
2937,Burmese,83_Burmese.mp3,1
2938,Burmese,84_Burmese.mp3,0
2939,Burmese,85_Burmese.mp3,0
2940,Burmese,86_Burmese.mp3,1
2941,Burmese,87_Burmese.mp3,0
2942,Burmese,88_Burmese.mp3,0
2943,Burmese,89_Burmese.mp3,0
2944,Burmese,90_Burmese.mp3,1
2945,Burmese,91_Burmese.mp3,0
2946,Burmese,92_Burmese.mp3,1
2947,Burmese,93_Burmese.mp3,0
2948,Burmese,94_Burmese.mp3,1
2949,Burmese,95_Burmese.mp3,0
2950,Burmese,96_Burmese.mp3,1
2951,Burmese,97_Burmese.mp3,1
2952,Burmese,98_Burmese.mp3,1
2953,Burmese,99_Burmese.mp3,1
2954,Burmese,100_Burmese.mp3,0
2955,Burmese,101_Burmese.mp3,0
2956,Burmese,102_Burmese.mp3,0
2957,Burmese,103_Burmese.mp3,1
2958,Burmese,104_Burmese.mp3,0
2959,Burmese,105_Burmese.mp3,0
2960,Burmese,106_Burmese.mp3,1
2961,Burmese,107_Burmese.mp3,0
2962,Burmese,108_Burmese.mp3,1
2963,Burmese,109_Burmese.mp3,1
2964,Burmese,110_Burmese.mp3,1
2965,Burmese,111_Burmese.mp3,0
2966,Burmese,112_Burmese.mp3,1
2967,Burmese,113_Burmese.mp3,1
2968,Burmese,114_Burmese.mp3,1
2969,Burmese,115_Burmese.mp3,1
2970,Burmese,116_Burmese.mp3,0
2971,Burmese,117_Burmese.mp3,0
2972,Burmese,118_Burmese.mp3,1
2973,Burmese,119_Burmese.mp3,0
2974,Burmese,120_Burmese.mp3,0
2975,Burmese,121_Burmese.mp3,1
2976,Burmese,122_Burmese.mp3,1
2977,Burmese,123_Burmese.mp3,1
2978,Burmese,124_Burmese.mp3,1
2979,Burmese,125_Burmese.mp3,0
2980,Burmese,126_Burmese.mp3,1
2981,Burmese,127_Burmese.mp3,1
2982,Burmese,128_Burmese.mp3,1
2983,Burmese,129_Burmese.mp3,1
2984,Burmese,130_Burmese.mp3,1
2985,Burmese,131_Burmese.mp3,0
2986,Burmese,132_Burmese.mp3,0
2987,Burmese,133_Burmese.mp3,1
2988,Burmese,134_Burmese.mp3,0
2989,Burmese,135_Burmese.mp3,1
2990,Burmese,136_Burmese.mp3,1
2991,Burmese,137_Burmese.mp3,0
2992,Burmese,138_Burmese.mp3,0
2993,Burmese,139_Burmese.mp3,1
2994,Burmese,140_Burmese.mp3,1
2995,Burmese,141_Burmese.mp3,0
2996,Burmese,142_Burmese.mp3,0
2997,Burmese,143_Burmese.mp3,1
2998,Burmese,144_Burmese.mp3,1
2999,Burmese,145_Burmese.mp3,0
3000,Burmese,146_Burmese.mp3,1
3001,Burmese,147_Burmese.mp3,1
3002,Burmese,148_Burmese.mp3,0
3003,Burmese,149_Burmese.mp3,0
3004,Burmese,150_Burmese.mp3,1
3005,Burmese,151_Burmese.mp3,1
3006,Burmese,152_Burmese.mp3,0
3007,Burmese,153_Burmese.mp3,1
3008,Burmese,154_Burmese.mp3,1
3009,Burmese,155_Burmese.mp3,0
3010,Burmese,156_Burmese.mp3,1
3011,Burmese,157_Burmese.mp3,0
3012,Burmese,158_Burmese.mp3,1
3013,Burmese,159_Burmese.mp3,1
3014,Burmese,160_Burmese.mp3,0
3015,Burmese,161_Burmese.mp3,0
3016,Burmese,162_Burmese.mp3,1
3017,Burmese,163_Burmese.mp3,0
3018,Burmese,164_Burmese.mp3,0
3019,Burmese,165_Burmese.mp3,1
3020,Burmese,166_Burmese.mp3,1
3021,Burmese,167_Burmese.mp3,0
3022,Burmese,168_Burmese.mp3,0
3023,Burmese,169_Burmese.mp3,0
3024,Burmese,170_Burmese.mp3,1
3025,Burmese,171_Burmese.mp3,0
3026,Burmese,172_Burmese.mp3,1
3027,Burmese,173_Burmese.mp3,0
3028,Burmese,174_Burmese.mp3,1
3029,Burmese,175_Burmese.mp3,1
3030,Burmese,176_Burmese.mp3,0
3031,Burmese,177_Burmese.mp3,1
3032,Burmese,178_Burmese.mp3,0
3033,Burmese,179_Burmese.mp3,1
3034,Burmese,180_Burmese.mp3,1
3035,Burmese,181_Burmese.mp3,1
3036,Burmese,182_Burmese.mp3,1
3037,Burmese,183_Burmese.mp3,1
3038,Burmese,184_Burmese.mp3,1
3039,Burmese,185_Burmese.mp3,1
3040,Burmese,186_Burmese.mp3,1
3041,Burmese,187_Burmese.mp3,1
3042,Burmese,188_Burmese.mp3,1
3043,Burmese,189_Burmese.mp3,1
3044,Burmese,190_Burmese.mp3,1
3045,Burmese,191_Burmese.mp3,1
3046,Burmese,192_Burmese.mp3,0
3047,Burmese,193_Burmese.mp3,1
3048,Burmese,194_Burmese.mp3,0
3049,Burmese,195_Burmese.mp3,1
3050,Burmese,196_Burmese.mp3,0
3051,Burmese,197_Burmese.mp3,0
3052,Burmese,198_Burmese.mp3,0
3053,Burmese,199_Burmese.mp3,1
3054,Burmese,200_Burmese.mp3,1
3055,Burmese,201_Burmese.mp3,0
3056,Burmese,202_Burmese.mp3,1
3057,Burmese,203_Burmese.mp3,1
3058,Burmese,204_Burmese.mp3,0
3059,Burmese,205_Burmese.mp3,1
3060,Burmese,206_Burmese.mp3,1
3061,Burmese,207_Burmese.mp3,0
3062,Burmese,208_Burmese.mp3,0
3063,Burmese,209_Burmese.mp3,1
3064,Burmese,210_Burmese.mp3,0
3065,Burmese,211_Burmese.mp3,0
3066,Burmese,212_Burmese.mp3,0
3067,Burmese,213_Burmese.mp3,1
3068,Burmese,214_Burmese.mp3,1
3069,Burmese,215_Burmese.mp3,0
3070,Burmese,216_Burmese.mp3,1
3071,Burmese,217_Burmese.mp3,0
3072,Burmese,218_Burmese.mp3,0
3073,Burmese,219_Burmese.mp3,0
3074,Burmese,220_Burmese.mp3,1
3075,Burmese,221_Burmese.mp3,0
3076,Burmese,222_Burmese.mp3,0
3077,Burmese,223_Burmese.mp3,0
3078,Burmese,224_Burmese.mp3,1
3079,Burmese,225_Burmese.mp3,1
3080,Burmese,226_Burmese.mp3,0
3081,Burmese,227_Burmese.mp3,0
3082,Burmese,228_Burmese.mp3,0
3083,Burmese,229_Burmese.mp3,1
3084,Burmese,230_Burmese.mp3,0
3085,Burmese,231_Burmese.mp3,1
3086,Burmese,232_Burmese.mp3,1
3087,Burmese,233_Burmese.mp3,1
3088,Burmese,234_Burmese.mp3,1
3089,Burmese,235_Burmese.mp3,1
3090,Burmese,236_Burmese.mp3,1
3091,Burmese,237_Burmese.mp3,0
3092,Burmese,238_Burmese.mp3,1
3093,Burmese,239_Burmese.mp3,0
3094,Burmese,240_Burmese.mp3,0
3095,Burmese,241_Burmese.mp3,1
3096,Burmese,242_Burmese.mp3,0
3097,Burmese,243_Burmese.mp3,1
3098,Burmese,244_Burmese.mp3,1
3099,Burmese,245_Burmese.mp3,0
3100,Burmese,246_Burmese.mp3,1
3101,Burmese,247_Burmese.mp3,1
3102,Burmese,248_Burmese.mp3,0
3103,Burmese,249_Burmese.mp3,1
3104,Burmese,250_Burmese.mp3,0
3105,Burmese,251_Burmese.mp3,0
3106,Burmese,252_Burmese.mp3,1
3107,Burmese,253_Burmese.mp3,1
3108,Burmese,254_Burmese.mp3,0
3109,Burmese,255_Burmese.mp3,1
3110,Burmese,256_Burmese.mp3,1
3111,Catalan,1_Catalan.mp3,1
3112,Catalan,2_Catalan.mp3,0
3113,Catalan,3_Catalan.mp3,1
3114,Catalan,4_Catalan.mp3,0
3115,Catalan,5_Catalan.mp3,0
3116,Catalan,6_Catalan.mp3,1
3117,Catalan,7_Catalan.mp3,0
3118,Catalan,8_Catalan.mp3,1
3119,Catalan,9_Catalan.mp3,0
3120,Catalan,10_Catalan.mp3,1
3121,Catalan,11_Catalan.mp3,0
3122,Catalan,12_Catalan.mp3,1
3123,Catalan,13_Catalan.mp3,0
3124,Catalan,14_Catalan.mp3,1
3125,Catalan,15_Catalan.mp3,0
3126,Catalan,16_Catalan.mp3,1
3127,Catalan,17_Catalan.mp3,1
3128,Catalan,18_Catalan.mp3,0
3129,Catalan,19_Catalan.mp3,0
3130,Catalan,20_Catalan.mp3,1
3131,Catalan,21_Catalan.mp3,0
3132,Catalan,22_Catalan.mp3,0
3133,Catalan,23_Catalan.mp3,1
3134,Catalan,24_Catalan.mp3,0
3135,Catalan,25_Catalan.mp3,1
3136,Catalan,26_Catalan.mp3,1
3137,Catalan,27_Catalan.mp3,1
3138,Catalan,28_Catalan.mp3,1
3139,Catalan,29_Catalan.mp3,1
3140,Catalan,30_Catalan.mp3,0
3141,Catalan,31_Catalan.mp3,0
3142,Catalan,32_Catalan.mp3,1
3143,Catalan,33_Catalan.mp3,0
3144,Catalan,34_Catalan.mp3,0
3145,Catalan,35_Catalan.mp3,1
3146,Catalan,36_Catalan.mp3,1
3147,Catalan,37_Catalan.mp3,1
3148,Catalan,38_Catalan.mp3,1
3149,Catalan,39_Catalan.mp3,0
3150,Catalan,40_Catalan.mp3,0
3151,Catalan,41_Catalan.mp3,1
3152,Catalan,42_Catalan.mp3,1
3153,Catalan,43_Catalan.mp3,1
3154,Catalan,44_Catalan.mp3,0
3155,Catalan,45_Catalan.mp3,0
3156,Catalan,46_Catalan.mp3,1
3157,Catalan,47_Catalan.mp3,0
3158,Catalan,48_Catalan.mp3,1
3159,Catalan,49_Catalan.mp3,0
3160,Catalan,50_Catalan.mp3,0
3161,Catalan,51_Catalan.mp3,0
3162,Catalan,52_Catalan.mp3,1
3163,Catalan,53_Catalan.mp3,0
3164,Catalan,54_Catalan.mp3,0
3165,Catalan,55_Catalan.mp3,1
3166,Catalan,56_Catalan.mp3,0
3167,Catalan,57_Catalan.mp3,0
3168,Catalan,58_Catalan.mp3,0
3169,Catalan,59_Catalan.mp3,1
3170,Catalan,60_Catalan.mp3,1
3171,Catalan,61_Catalan.mp3,0
3172,Catalan,62_Catalan.mp3,0
3173,Catalan,63_Catalan.mp3,1
3174,Catalan,64_Catalan.mp3,0
3175,Catalan,65_Catalan.mp3,0
3176,Catalan,66_Catalan.mp3,1
3177,Catalan,67_Catalan.mp3,1
3178,Catalan,68_Catalan.mp3,1
3179,Catalan,69_Catalan.mp3,1
3180,Catalan,70_Catalan.mp3,0
3181,Catalan,71_Catalan.mp3,1
3182,Catalan,72_Catalan.mp3,0
3183,Catalan,73_Catalan.mp3,1
3184,Catalan,74_Catalan.mp3,1
3185,Catalan,75_Catalan.mp3,1
3186,Catalan,76_Catalan.mp3,1
3187,Catalan,77_Catalan.mp3,1
3188,Catalan,78_Catalan.mp3,1
3189,Catalan,79_Catalan.mp3,0
3190,Catalan,80_Catalan.mp3,1
3191,Catalan,81_Catalan.mp3,1
3192,Catalan,82_Catalan.mp3,1
3193,Catalan,83_Catalan.mp3,0
3194,Catalan,84_Catalan.mp3,1
3195,Catalan,85_Catalan.mp3,0
3196,Catalan,86_Catalan.mp3,1
3197,Catalan,87_Catalan.mp3,1
3198,Catalan,88_Catalan.mp3,0
3199,Catalan,89_Catalan.mp3,1
3200,Catalan,90_Catalan.mp3,0
3201,Catalan,91_Catalan.mp3,1
3202,Catalan,92_Catalan.mp3,1
3203,Catalan,93_Catalan.mp3,1
3204,Catalan,94_Catalan.mp3,1
3205,Catalan,95_Catalan.mp3,0
3206,Catalan,96_Catalan.mp3,0
3207,Catalan,97_Catalan.mp3,1
3208,Catalan,98_Catalan.mp3,1
3209,Catalan,99_Catalan.mp3,0
3210,Catalan,100_Catalan.mp3,1
3211,Catalan,101_Catalan.mp3,0
3212,Catalan,102_Catalan.mp3,1
3213,Catalan,103_Catalan.mp3,0
3214,Catalan,104_Catalan.mp3,0
3215,Catalan,105_Catalan.mp3,1
3216,Catalan,106_Catalan.mp3,1
3217,Catalan,107_Catalan.mp3,0
3218,Catalan,108_Catalan.mp3,0
3219,Catalan,109_Catalan.mp3,1
3220,Catalan,110_Catalan.mp3,1
3221,Catalan,111_Catalan.mp3,0
3222,Catalan,112_Catalan.mp3,0
3223,Catalan,113_Catalan.mp3,0
3224,Catalan,114_Catalan.mp3,0
3225,Catalan,115_Catalan.mp3,0
3226,Catalan,116_Catalan.mp3,1
3227,Catalan,117_Catalan.mp3,1
3228,Catalan,118_Catalan.mp3,1
3229,Catalan,119_Catalan.mp3,1
3230,Catalan,120_Catalan.mp3,0
3231,Catalan,121_Catalan.mp3,0
3232,Catalan,122_Catalan.mp3,1
3233,Catalan,123_Catalan.mp3,0
3234,Catalan,124_Catalan.mp3,1
3235,Catalan,125_Catalan.mp3,1
3236,Catalan,126_Catalan.mp3,0
3237,Catalan,127_Catalan.mp3,1
3238,Catalan,128_Catalan.mp3,1
3239,Catalan,129_Catalan.mp3,1
3240,Catalan,130_Catalan.mp3,1
3241,Catalan,131_Catalan.mp3,1
3242,Catalan,132_Catalan.mp3,1
3243,Catalan,133_Catalan.mp3,1
3244,Catalan,134_Catalan.mp3,1
3245,Catalan,135_Catalan.mp3,1
3246,Catalan,136_Catalan.mp3,1
3247,Catalan,137_Catalan.mp3,1
3248,Catalan,138_Catalan.mp3,0
3249,Catalan,139_Catalan.mp3,1
3250,Catalan,140_Catalan.mp3,1
3251,Catalan,141_Catalan.mp3,1
3252,Catalan,142_Catalan.mp3,1
3253,Catalan,143_Catalan.mp3,0
3254,Catalan,144_Catalan.mp3,1
3255,Catalan,145_Catalan.mp3,0
3256,Catalan,146_Catalan.mp3,1
3257,Catalan,147_Catalan.mp3,1
3258,Catalan,148_Catalan.mp3,1
3259,Catalan,149_Catalan.mp3,1
3260,Catalan,150_Catalan.mp3,1
3261,Catalan,151_Catalan.mp3,0
3262,Catalan,152_Catalan.mp3,1
3263,Catalan,153_Catalan.mp3,0
3264,Catalan,154_Catalan.mp3,1
3265,Catalan,155_Catalan.mp3,1
3266,Catalan,156_Catalan.mp3,1
3267,Catalan,157_Catalan.mp3,0
3268,Catalan,158_Catalan.mp3,1
3269,Catalan,159_Catalan.mp3,0
3270,Catalan,160_Catalan.mp3,1
3271,Catalan,161_Catalan.mp3,1
3272,Catalan,162_Catalan.mp3,1
3273,Catalan,163_Catalan.mp3,1
3274,Catalan,164_Catalan.mp3,0
3275,Catalan,165_Catalan.mp3,0
3276,Catalan,166_Catalan.mp3,0
3277,Catalan,167_Catalan.mp3,1
3278,Catalan,168_Catalan.mp3,1
3279,Catalan,169_Catalan.mp3,1
3280,Catalan,170_Catalan.mp3,1
3281,Catalan,171_Catalan.mp3,0
3282,Catalan,172_Catalan.mp3,0
3283,Catalan,173_Catalan.mp3,0
3284,Catalan,174_Catalan.mp3,0
3285,Catalan,175_Catalan.mp3,0
3286,Catalan,176_Catalan.mp3,1
3287,Catalan,177_Catalan.mp3,1
3288,Catalan,178_Catalan.mp3,1
3289,Catalan,179_Catalan.mp3,1
3290,Catalan,180_Catalan.mp3,0
3291,Catalan,181_Catalan.mp3,0
3292,Catalan,182_Catalan.mp3,0
3293,Catalan,183_Catalan.mp3,0
3294,Catalan,184_Catalan.mp3,0
3295,Catalan,185_Catalan.mp3,0
3296,Catalan,186_Catalan.mp3,0
3297,Catalan,187_Catalan.mp3,0
3298,Catalan,188_Catalan.mp3,0
3299,Catalan,189_Catalan.mp3,1
3300,Catalan,190_Catalan.mp3,0
3301,Catalan,191_Catalan.mp3,0
3302,Catalan,192_Catalan.mp3,0
3303,Catalan,193_Catalan.mp3,0
3304,Catalan,194_Catalan.mp3,0
3305,Catalan,195_Catalan.mp3,1
3306,Catalan,196_Catalan.mp3,0
3307,Catalan,197_Catalan.mp3,1
3308,Catalan,198_Catalan.mp3,1
3309,Catalan,199_Catalan.mp3,0
3310,Catalan,200_Catalan.mp3,1
3311,Catalan,201_Catalan.mp3,1
3312,Catalan,202_Catalan.mp3,1
3313,Catalan,203_Catalan.mp3,1
3314,Catalan,204_Catalan.mp3,0
3315,Catalan,205_Catalan.mp3,0
3316,Catalan,206_Catalan.mp3,1
3317,Catalan,207_Catalan.mp3,1
3318,Catalan,208_Catalan.mp3,1
3319,Catalan,209_Catalan.mp3,1
3320,Catalan,210_Catalan.mp3,0
3321,Catalan,211_Catalan.mp3,0
3322,Catalan,212_Catalan.mp3,1
3323,Catalan,213_Catalan.mp3,0
3324,Catalan,214_Catalan.mp3,0
3325,Catalan,215_Catalan.mp3,0
3326,Catalan,216_Catalan.mp3,1
3327,Catalan,217_Catalan.mp3,1
3328,Catalan,218_Catalan.mp3,1
3329,Catalan,219_Catalan.mp3,1
3330,Catalan,220_Catalan.mp3,0
3331,Catalan,221_Catalan.mp3,0
3332,Catalan,222_Catalan.mp3,1
3333,Catalan,223_Catalan.mp3,1
3334,Catalan,224_Catalan.mp3,1
3335,Catalan,225_Catalan.mp3,1
3336,Catalan,226_Catalan.mp3,0
3337,Catalan,227_Catalan.mp3,0
3338,Catalan,228_Catalan.mp3,0
3339,Catalan,229_Catalan.mp3,0
3340,Catalan,230_Catalan.mp3,0
3341,Catalan,231_Catalan.mp3,1
3342,Catalan,232_Catalan.mp3,1
3343,Catalan,233_Catalan.mp3,0
3344,Catalan,234_Catalan.mp3,1
3345,Catalan,235_Catalan.mp3,0
3346,Catalan,236_Catalan.mp3,1
3347,Catalan,237_Catalan.mp3,1
3348,Catalan,238_Catalan.mp3,1
3349,Catalan,239_Catalan.mp3,0
3350,Catalan,240_Catalan.mp3,0
3351,Catalan,241_Catalan.mp3,1
3352,Catalan,242_Catalan.mp3,0
3353,Catalan,243_Catalan.mp3,1
3354,Catalan,244_Catalan.mp3,1
3355,Catalan,245_Catalan.mp3,0
3356,Catalan,246_Catalan.mp3,0
3357,Catalan,247_Catalan.mp3,0
3358,Catalan,248_Catalan.mp3,1
3359,Catalan,249_Catalan.mp3,1
3360,Catalan,250_Catalan.mp3,0
3361,Catalan,251_Catalan.mp3,0
3362,Catalan,252_Catalan.mp3,1
3363,Catalan,253_Catalan.mp3,1
3364,Catalan,254_Catalan.mp3,0
3365,Catalan,255_Catalan.mp3,0
3366,Chinese(Cantonese),1_Chinese(Cantonese).mp3,0
3367,Chinese(Cantonese),2_Chinese(Cantonese).mp3,1
3368,Chinese(Cantonese),3_Chinese(Cantonese).mp3,1
3369,Chinese(Cantonese),4_Chinese(Cantonese).mp3,0
3370,Chinese(Cantonese),5_Chinese(Cantonese).mp3,0
3371,Chinese(Cantonese),6_Chinese(Cantonese).mp3,0
3372,Chinese(Cantonese),7_Chinese(Cantonese).mp3,0
3373,Chinese(Cantonese),8_Chinese(Cantonese).mp3,1
3374,Chinese(Cantonese),9_Chinese(Cantonese).mp3,0
3375,Chinese(Cantonese),10_Chinese(Cantonese).mp3,0
3376,Chinese(Cantonese),11_Chinese(Cantonese).mp3,0
3377,Chinese(Cantonese),12_Chinese(Cantonese).mp3,1
3378,Chinese(Cantonese),13_Chinese(Cantonese).mp3,1
3379,Chinese(Cantonese),14_Chinese(Cantonese).mp3,1
3380,Chinese(Cantonese),15_Chinese(Cantonese).mp3,0
3381,Chinese(Cantonese),16_Chinese(Cantonese).mp3,0
3382,Chinese(Cantonese),17_Chinese(Cantonese).mp3,1
3383,Chinese(Cantonese),18_Chinese(Cantonese).mp3,1
3384,Chinese(Cantonese),19_Chinese(Cantonese).mp3,0
3385,Chinese(Cantonese),20_Chinese(Cantonese).mp3,1
3386,Chinese(Cantonese),21_Chinese(Cantonese).mp3,1
3387,Chinese(Cantonese),22_Chinese(Cantonese).mp3,0
3388,Chinese(Cantonese),23_Chinese(Cantonese).mp3,1
3389,Chinese(Cantonese),24_Chinese(Cantonese).mp3,1
3390,Chinese(Cantonese),25_Chinese(Cantonese).mp3,1
3391,Chinese(Cantonese),26_Chinese(Cantonese).mp3,0
3392,Chinese(Cantonese),27_Chinese(Cantonese).mp3,0
3393,Chinese(Cantonese),28_Chinese(Cantonese).mp3,0
3394,Chinese(Cantonese),29_Chinese(Cantonese).mp3,0
3395,Chinese(Cantonese),30_Chinese(Cantonese).mp3,1
3396,Chinese(Cantonese),31_Chinese(Cantonese).mp3,0
3397,Chinese(Cantonese),32_Chinese(Cantonese).mp3,0
3398,Chinese(Cantonese),33_Chinese(Cantonese).mp3,1
3399,Chinese(Cantonese),34_Chinese(Cantonese).mp3,0
3400,Chinese(Cantonese),35_Chinese(Cantonese).mp3,0
3401,Chinese(Cantonese),36_Chinese(Cantonese).mp3,1
3402,Chinese(Cantonese),37_Chinese(Cantonese).mp3,0
3403,Chinese(Cantonese),38_Chinese(Cantonese).mp3,0
3404,Chinese(Cantonese),39_Chinese(Cantonese).mp3,0
3405,Chinese(Cantonese),40_Chinese(Cantonese).mp3,1
3406,Chinese(Cantonese),41_Chinese(Cantonese).mp3,1
3407,Chinese(Cantonese),42_Chinese(Cantonese).mp3,1
3408,Chinese(Cantonese),43_Chinese(Cantonese).mp3,0
3409,Chinese(Cantonese),44_Chinese(Cantonese).mp3,0
3410,Chinese(Cantonese),45_Chinese(Cantonese).mp3,1
3411,Chinese(Cantonese),46_Chinese(Cantonese).mp3,0
3412,Chinese(Cantonese),47_Chinese(Cantonese).mp3,0
3413,Chinese(Cantonese),48_Chinese(Cantonese).mp3,0
3414,Chinese(Cantonese),49_Chinese(Cantonese).mp3,1
3415,Chinese(Cantonese),50_Chinese(Cantonese).mp3,1
3416,Chinese(Cantonese),51_Chinese(Cantonese).mp3,0
3417,Chinese(Cantonese),52_Chinese(Cantonese).mp3,0
3418,Chinese(Cantonese),53_Chinese(Cantonese).mp3,0
3419,Chinese(Cantonese),54_Chinese(Cantonese).mp3,0
3420,Chinese(Cantonese),55_Chinese(Cantonese).mp3,0
3421,Chinese(Cantonese),56_Chinese(Cantonese).mp3,1
3422,Chinese(Cantonese),57_Chinese(Cantonese).mp3,0
3423,Chinese(Cantonese),58_Chinese(Cantonese).mp3,0
3424,Chinese(Cantonese),59_Chinese(Cantonese).mp3,0
3425,Chinese(Cantonese),60_Chinese(Cantonese).mp3,0
3426,Chinese(Cantonese),61_Chinese(Cantonese).mp3,0
3427,Chinese(Cantonese),62_Chinese(Cantonese).mp3,1
3428,Chinese(Cantonese),63_Chinese(Cantonese).mp3,1
3429,Chinese(Cantonese),64_Chinese(Cantonese).mp3,0
3430,Chinese(Cantonese),65_Chinese(Cantonese).mp3,0
3431,Chinese(Cantonese),66_Chinese(Cantonese).mp3,0
3432,Chinese(Cantonese),67_Chinese(Cantonese).mp3,0
3433,Chinese(Cantonese),68_Chinese(Cantonese).mp3,1
3434,Chinese(Cantonese),69_Chinese(Cantonese).mp3,0
3435,Chinese(Cantonese),70_Chinese(Cantonese).mp3,0
3436,Chinese(Cantonese),71_Chinese(Cantonese).mp3,0
3437,Chinese(Cantonese),72_Chinese(Cantonese).mp3,1
3438,Chinese(Cantonese),73_Chinese(Cantonese).mp3,0
3439,Chinese(Cantonese),74_Chinese(Cantonese).mp3,0
3440,Chinese(Cantonese),75_Chinese(Cantonese).mp3,0
3441,Chinese(Cantonese),76_Chinese(Cantonese).mp3,1
3442,Chinese(Cantonese),77_Chinese(Cantonese).mp3,0
3443,Chinese(Cantonese),78_Chinese(Cantonese).mp3,0
3444,Chinese(Cantonese),79_Chinese(Cantonese).mp3,1
3445,Chinese(Cantonese),80_Chinese(Cantonese).mp3,1
3446,Chinese(Cantonese),81_Chinese(Cantonese).mp3,0
3447,Chinese(Cantonese),82_Chinese(Cantonese).mp3,1
3448,Chinese(Cantonese),83_Chinese(Cantonese).mp3,1
3449,Chinese(Cantonese),84_Chinese(Cantonese).mp3,0
3450,Chinese(Cantonese),85_Chinese(Cantonese).mp3,1
3451,Chinese(Cantonese),86_Chinese(Cantonese).mp3,1
3452,Chinese(Cantonese),87_Chinese(Cantonese).mp3,0
3453,Chinese(Cantonese),88_Chinese(Cantonese).mp3,0
3454,Chinese(Cantonese),89_Chinese(Cantonese).mp3,0
3455,Chinese(Cantonese),90_Chinese(Cantonese).mp3,0
3456,Chinese(Cantonese),91_Chinese(Cantonese).mp3,1
3457,Chinese(Cantonese),92_Chinese(Cantonese).mp3,0
3458,Chinese(Cantonese),93_Chinese(Cantonese).mp3,1
3459,Chinese(Cantonese),94_Chinese(Cantonese).mp3,1
3460,Chinese(Cantonese),95_Chinese(Cantonese).mp3,1
3461,Chinese(Cantonese),96_Chinese(Cantonese).mp3,0
3462,Chinese(Cantonese),97_Chinese(Cantonese).mp3,1
3463,Chinese(Cantonese),98_Chinese(Cantonese).mp3,0
3464,Chinese(Cantonese),99_Chinese(Cantonese).mp3,0
3465,Chinese(Cantonese),100_Chinese(Cantonese).mp3,0
3466,Chinese(Cantonese),101_Chinese(Cantonese).mp3,1
3467,Chinese(Cantonese),102_Chinese(Cantonese).mp3,0
3468,Chinese(Cantonese),103_Chinese(Cantonese).mp3,1
3469,Chinese(Cantonese),104_Chinese(Cantonese).mp3,0
3470,Chinese(Cantonese),105_Chinese(Cantonese).mp3,1
3471,Chinese(Cantonese),106_Chinese(Cantonese).mp3,0
3472,Chinese(Cantonese),107_Chinese(Cantonese).mp3,1
3473,Chinese(Cantonese),108_Chinese(Cantonese).mp3,0
3474,Chinese(Cantonese),109_Chinese(Cantonese).mp3,1
3475,Chinese(Cantonese),110_Chinese(Cantonese).mp3,1
3476,Chinese(Cantonese),111_Chinese(Cantonese).mp3,0
3477,Chinese(Cantonese),112_Chinese(Cantonese).mp3,1
3478,Chinese(Cantonese),113_Chinese(Cantonese).mp3,0
3479,Chinese(Cantonese),114_Chinese(Cantonese).mp3,0
3480,Chinese(Cantonese),115_Chinese(Cantonese).mp3,0
3481,Chinese(Cantonese),116_Chinese(Cantonese).mp3,1
3482,Chinese(Cantonese),117_Chinese(Cantonese).mp3,1
3483,Chinese(Cantonese),118_Chinese(Cantonese).mp3,0
3484,Chinese(Cantonese),119_Chinese(Cantonese).mp3,1
3485,Chinese(Cantonese),120_Chinese(Cantonese).mp3,1
3486,Chinese(Cantonese),121_Chinese(Cantonese).mp3,0
3487,Chinese(Cantonese),122_Chinese(Cantonese).mp3,1
3488,Chinese(Cantonese),123_Chinese(Cantonese).mp3,1
3489,Chinese(Cantonese),124_Chinese(Cantonese).mp3,1
3490,Chinese(Cantonese),125_Chinese(Cantonese).mp3,0
3491,Chinese(Cantonese),126_Chinese(Cantonese).mp3,0
3492,Chinese(Cantonese),127_Chinese(Cantonese).mp3,1
3493,Chinese(Cantonese),128_Chinese(Cantonese).mp3,0
3494,Chinese(Cantonese),129_Chinese(Cantonese).mp3,0
3495,Chinese(Cantonese),130_Chinese(Cantonese).mp3,1
3496,Chinese(Cantonese),131_Chinese(Cantonese).mp3,1
3497,Chinese(Cantonese),132_Chinese(Cantonese).mp3,1
3498,Chinese(Cantonese),133_Chinese(Cantonese).mp3,1
3499,Chinese(Cantonese),134_Chinese(Cantonese).mp3,0
3500,Chinese(Cantonese),135_Chinese(Cantonese).mp3,1
3501,Chinese(Cantonese),136_Chinese(Cantonese).mp3,1
3502,Chinese(Cantonese),137_Chinese(Cantonese).mp3,1
3503,Chinese(Cantonese),138_Chinese(Cantonese).mp3,1
3504,Chinese(Cantonese),139_Chinese(Cantonese).mp3,0
3505,Chinese(Cantonese),140_Chinese(Cantonese).mp3,1
3506,Chinese(Cantonese),141_Chinese(Cantonese).mp3,1
3507,Chinese(Cantonese),142_Chinese(Cantonese).mp3,0
3508,Chinese(Cantonese),143_Chinese(Cantonese).mp3,1
3509,Chinese(Cantonese),144_Chinese(Cantonese).mp3,0
3510,Chinese(Cantonese),145_Chinese(Cantonese).mp3,1
3511,Chinese(Cantonese),146_Chinese(Cantonese).mp3,0
3512,Chinese(Cantonese),147_Chinese(Cantonese).mp3,1
3513,Chinese(Cantonese),148_Chinese(Cantonese).mp3,1
3514,Chinese(Cantonese),149_Chinese(Cantonese).mp3,1
3515,Chinese(Cantonese),150_Chinese(Cantonese).mp3,1
3516,Chinese(Cantonese),151_Chinese(Cantonese).mp3,1
3517,Chinese(Cantonese),152_Chinese(Cantonese).mp3,1
3518,Chinese(Cantonese),153_Chinese(Cantonese).mp3,1
3519,Chinese(Cantonese),154_Chinese(Cantonese).mp3,1
3520,Chinese(Cantonese),155_Chinese(Cantonese).mp3,1
3521,Chinese(Cantonese),156_Chinese(Cantonese).mp3,1
3522,Chinese(Cantonese),157_Chinese(Cantonese).mp3,1
3523,Chinese(Cantonese),158_Chinese(Cantonese).mp3,1
3524,Chinese(Cantonese),159_Chinese(Cantonese).mp3,1
3525,Chinese(Cantonese),160_Chinese(Cantonese).mp3,1
3526,Chinese(Cantonese),161_Chinese(Cantonese).mp3,1
3527,Chinese(Cantonese),162_Chinese(Cantonese).mp3,1
3528,Chinese(Cantonese),163_Chinese(Cantonese).mp3,1
3529,Chinese(Cantonese),164_Chinese(Cantonese).mp3,1
3530,Chinese(Cantonese),165_Chinese(Cantonese).mp3,0
3531,Chinese(Cantonese),166_Chinese(Cantonese).mp3,1
3532,Chinese(Cantonese),167_Chinese(Cantonese).mp3,0
3533,Chinese(Cantonese),168_Chinese(Cantonese).mp3,1
3534,Chinese(Cantonese),169_Chinese(Cantonese).mp3,0
3535,Chinese(Cantonese),170_Chinese(Cantonese).mp3,0
3536,Chinese(Cantonese),171_Chinese(Cantonese).mp3,1
3537,Chinese(Cantonese),172_Chinese(Cantonese).mp3,0
3538,Chinese(Cantonese),173_Chinese(Cantonese).mp3,1
3539,Chinese(Cantonese),174_Chinese(Cantonese).mp3,0
3540,Chinese(Cantonese),175_Chinese(Cantonese).mp3,1
3541,Chinese(Cantonese),176_Chinese(Cantonese).mp3,1
3542,Chinese(Cantonese),177_Chinese(Cantonese).mp3,0
3543,Chinese(Cantonese),178_Chinese(Cantonese).mp3,1
3544,Chinese(Cantonese),179_Chinese(Cantonese).mp3,0
3545,Chinese(Cantonese),180_Chinese(Cantonese).mp3,1
3546,Chinese(Cantonese),181_Chinese(Cantonese).mp3,1
3547,Chinese(Cantonese),182_Chinese(Cantonese).mp3,0
3548,Chinese(Cantonese),183_Chinese(Cantonese).mp3,0
3549,Chinese(Cantonese),184_Chinese(Cantonese).mp3,1
3550,Chinese(Cantonese),185_Chinese(Cantonese).mp3,1
3551,Chinese(Cantonese),186_Chinese(Cantonese).mp3,1
3552,Chinese(Cantonese),187_Chinese(Cantonese).mp3,1
3553,Chinese(Cantonese),188_Chinese(Cantonese).mp3,0
3554,Chinese(Cantonese),189_Chinese(Cantonese).mp3,0
3555,Chinese(Cantonese),190_Chinese(Cantonese).mp3,1
3556,Chinese(Cantonese),191_Chinese(Cantonese).mp3,1
3557,Chinese(Cantonese),192_Chinese(Cantonese).mp3,0
3558,Chinese(Cantonese),193_Chinese(Cantonese).mp3,0
3559,Chinese(Cantonese),194_Chinese(Cantonese).mp3,0
3560,Chinese(Cantonese),195_Chinese(Cantonese).mp3,0
3561,Chinese(Mainland),1_Chinese(Mainland).mp3,0
3562,Chinese(Mainland),2_Chinese(Mainland).mp3,0
3563,Chinese(Mainland),3_Chinese(Mainland).mp3,0
3564,Chinese(Mainland),4_Chinese(Mainland).mp3,1
3565,Chinese(Mainland),5_Chinese(Mainland).mp3,1
3566,Chinese(Mainland),6_Chinese(Mainland).mp3,1
3567,Chinese(Mainland),7_Chinese(Mainland).mp3,1
3568,Chinese(Mainland),8_Chinese(Mainland).mp3,0
3569,Chinese(Mainland),9_Chinese(Mainland).mp3,1
3570,Chinese(Mainland),10_Chinese(Mainland).mp3,0
3571,Chinese(Mainland),11_Chinese(Mainland).mp3,0
3572,Chinese(Mainland),12_Chinese(Mainland).mp3,0
3573,Chinese(Mainland),13_Chinese(Mainland).mp3,1
3574,Chinese(Mainland),14_Chinese(Mainland).mp3,1
3575,Chinese(Mainland),15_Chinese(Mainland).mp3,1
3576,Chinese(Mainland),16_Chinese(Mainland).mp3,0
3577,Chinese(Mainland),17_Chinese(Mainland).mp3,0
3578,Chinese(Mainland),18_Chinese(Mainland).mp3,1
3579,Chinese(Mainland),19_Chinese(Mainland).mp3,1
3580,Chinese(Mainland),20_Chinese(Mainland).mp3,0
3581,Chinese(Mainland),21_Chinese(Mainland).mp3,1
3582,Chinese(Mainland),22_Chinese(Mainland).mp3,1
3583,Chinese(Mainland),23_Chinese(Mainland).mp3,1
3584,Chinese(Mainland),24_Chinese(Mainland).mp3,1
3585,Chinese(Mainland),25_Chinese(Mainland).mp3,1
3586,Chinese(Mainland),26_Chinese(Mainland).mp3,0
3587,Chinese(Mainland),27_Chinese(Mainland).mp3,1
3588,Chinese(Mainland),28_Chinese(Mainland).mp3,1
3589,Chinese(Mainland),29_Chinese(Mainland).mp3,1
3590,Chinese(Mainland),30_Chinese(Mainland).mp3,0
3591,Chinese(Mainland),31_Chinese(Mainland).mp3,1
3592,Chinese(Mainland),32_Chinese(Mainland).mp3,0
3593,Chinese(Mainland),33_Chinese(Mainland).mp3,1
3594,Chinese(Mainland),34_Chinese(Mainland).mp3,0
3595,Chinese(Mainland),35_Chinese(Mainland).mp3,0
3596,Chinese(Mainland),36_Chinese(Mainland).mp3,0
3597,Chinese(Mainland),37_Chinese(Mainland).mp3,1
3598,Chinese(Mainland),38_Chinese(Mainland).mp3,1
3599,Chinese(Mainland),39_Chinese(Mainland).mp3,1
3600,Chinese(Mainland),40_Chinese(Mainland).mp3,1
3601,Chinese(Mainland),41_Chinese(Mainland).mp3,1
3602,Chinese(Mainland),42_Chinese(Mainland).mp3,0
3603,Chinese(Mainland),43_Chinese(Mainland).mp3,1
3604,Chinese(Mainland),44_Chinese(Mainland).mp3,1
3605,Chinese(Mainland),45_Chinese(Mainland).mp3,0
3606,Chinese(Mainland),46_Chinese(Mainland).mp3,0
3607,Chinese(Mainland),47_Chinese(Mainland).mp3,0
3608,Chinese(Mainland),48_Chinese(Mainland).mp3,0
3609,Chinese(Mainland),49_Chinese(Mainland).mp3,0
3610,Chinese(Mainland),50_Chinese(Mainland).mp3,0
3611,Chinese(Mainland),51_Chinese(Mainland).mp3,0
3612,Chinese(Mainland),52_Chinese(Mainland).mp3,1
3613,Chinese(Mainland),53_Chinese(Mainland).mp3,0
3614,Chinese(Mainland),54_Chinese(Mainland).mp3,1
3615,Chinese(Mainland),55_Chinese(Mainland).mp3,1
3616,Chinese(Mainland),56_Chinese(Mainland).mp3,1
3617,Chinese(Mainland),57_Chinese(Mainland).mp3,0
3618,Chinese(Mainland),58_Chinese(Mainland).mp3,0
3619,Chinese(Mainland),59_Chinese(Mainland).mp3,1
3620,Chinese(Mainland),60_Chinese(Mainland).mp3,0
3621,Chinese(Mainland),61_Chinese(Mainland).mp3,1
3622,Chinese(Mainland),62_Chinese(Mainland).mp3,1
3623,Chinese(Mainland),63_Chinese(Mainland).mp3,0
3624,Chinese(Mainland),64_Chinese(Mainland).mp3,0
3625,Chinese(Mainland),65_Chinese(Mainland).mp3,0
3626,Chinese(Mainland),66_Chinese(Mainland).mp3,1
3627,Chinese(Mainland),67_Chinese(Mainland).mp3,1
3628,Chinese(Mainland),68_Chinese(Mainland).mp3,0
3629,Chinese(Mainland),69_Chinese(Mainland).mp3,1
3630,Chinese(Mainland),70_Chinese(Mainland).mp3,0
3631,Chinese(Mainland),71_Chinese(Mainland).mp3,1
3632,Chinese(Mainland),72_Chinese(Mainland).mp3,1
3633,Chinese(Mainland),73_Chinese(Mainland).mp3,1
3634,Chinese(Mainland),74_Chinese(Mainland).mp3,1
3635,Chinese(Mainland),75_Chinese(Mainland).mp3,0
3636,Chinese(Mainland),76_Chinese(Mainland).mp3,0
3637,Chinese(Mainland),77_Chinese(Mainland).mp3,1
3638,Chinese(Mainland),78_Chinese(Mainland).mp3,1
3639,Chinese(Mainland),79_Chinese(Mainland).mp3,0
3640,Chinese(Mainland),80_Chinese(Mainland).mp3,1
3641,Chinese(Mainland),81_Chinese(Mainland).mp3,1
3642,Chinese(Mainland),82_Chinese(Mainland).mp3,1
3643,Chinese(Mainland),83_Chinese(Mainland).mp3,1
3644,Chinese(Mainland),84_Chinese(Mainland).mp3,0
3645,Chinese(Mainland),85_Chinese(Mainland).mp3,1
3646,Chinese(Mainland),86_Chinese(Mainland).mp3,1
3647,Chinese(Mainland),87_Chinese(Mainland).mp3,0
3648,Chinese(Mainland),88_Chinese(Mainland).mp3,0
3649,Chinese(Mainland),89_Chinese(Mainland).mp3,0
3650,Chinese(Mainland),90_Chinese(Mainland).mp3,1
3651,Chinese(Mainland),91_Chinese(Mainland).mp3,1
3652,Chinese(Mainland),92_Chinese(Mainland).mp3,1
3653,Chinese(Mainland),93_Chinese(Mainland).mp3,0
3654,Chinese(Mainland),94_Chinese(Mainland).mp3,0
3655,Chinese(Mainland),95_Chinese(Mainland).mp3,1
3656,Chinese(Mainland),96_Chinese(Mainland).mp3,0
3657,Chinese(Mainland),97_Chinese(Mainland).mp3,0
3658,Chinese(Mainland),98_Chinese(Mainland).mp3,1
3659,Chinese(Mainland),99_Chinese(Mainland).mp3,1
3660,Chinese(Mainland),100_Chinese(Mainland).mp3,1
3661,Chinese(Mainland),101_Chinese(Mainland).mp3,0
3662,Chinese(Mainland),102_Chinese(Mainland).mp3,0
3663,Chinese(Mainland),103_Chinese(Mainland).mp3,1
3664,Chinese(Mainland),104_Chinese(Mainland).mp3,1
3665,Chinese(Mainland),105_Chinese(Mainland).mp3,1
3666,Chinese(Mainland),106_Chinese(Mainland).mp3,1
3667,Chinese(Mainland),107_Chinese(Mainland).mp3,1
3668,Chinese(Mainland),108_Chinese(Mainland).mp3,0
3669,Chinese(Mainland),109_Chinese(Mainland).mp3,1
3670,Chinese(Mainland),110_Chinese(Mainland).mp3,1
3671,Chinese(Mainland),111_Chinese(Mainland).mp3,0
3672,Chinese(Mainland),112_Chinese(Mainland).mp3,0
3673,Chinese(Mainland),113_Chinese(Mainland).mp3,1
3674,Chinese(Mainland),114_Chinese(Mainland).mp3,1
3675,Chinese(Mainland),115_Chinese(Mainland).mp3,1
3676,Chinese(Mainland),116_Chinese(Mainland).mp3,0
3677,Chinese(Mainland),117_Chinese(Mainland).mp3,1
3678,Chinese(Mainland),118_Chinese(Mainland).mp3,1
3679,Chinese(Mainland),119_Chinese(Mainland).mp3,1
3680,Chinese(Mainland),120_Chinese(Mainland).mp3,0
3681,Chinese(Mainland),121_Chinese(Mainland).mp3,0
3682,Chinese(Mainland),122_Chinese(Mainland).mp3,1
3683,Chinese(Mainland),123_Chinese(Mainland).mp3,1
3684,Chinese(Mainland),124_Chinese(Mainland).mp3,0
3685,Chinese(Mainland),125_Chinese(Mainland).mp3,1
3686,Chinese(Mainland),126_Chinese(Mainland).mp3,1
3687,Chinese(Mainland),127_Chinese(Mainland).mp3,0
3688,Chinese(Mainland),128_Chinese(Mainland).mp3,0
3689,Chinese(Mainland),129_Chinese(Mainland).mp3,0
3690,Chinese(Mainland),130_Chinese(Mainland).mp3,1
3691,Chinese(Mainland),131_Chinese(Mainland).mp3,1
3692,Chinese(Mainland),132_Chinese(Mainland).mp3,0
3693,Chinese(Mainland),133_Chinese(Mainland).mp3,1
3694,Chinese(Mainland),134_Chinese(Mainland).mp3,0
3695,Chinese(Mainland),135_Chinese(Mainland).mp3,0
3696,Chinese(Mainland),136_Chinese(Mainland).mp3,0
3697,Chinese(Mainland),137_Chinese(Mainland).mp3,1
3698,Chinese(Mainland),138_Chinese(Mainland).mp3,1
3699,Chinese(Mainland),139_Chinese(Mainland).mp3,1
3700,Chinese(Mainland),140_Chinese(Mainland).mp3,1
3701,Chinese(Mainland),141_Chinese(Mainland).mp3,0
3702,Chinese(Mainland),142_Chinese(Mainland).mp3,0
3703,Chinese(Mainland),143_Chinese(Mainland).mp3,1
3704,Chinese(Mainland),144_Chinese(Mainland).mp3,1
3705,Chinese(Mainland),145_Chinese(Mainland).mp3,1
3706,Chinese(Mainland),146_Chinese(Mainland).mp3,1
3707,Chinese(Mainland),147_Chinese(Mainland).mp3,0
3708,Chinese(Mainland),148_Chinese(Mainland).mp3,1
3709,Chinese(Mainland),149_Chinese(Mainland).mp3,1
3710,Chinese(Mainland),150_Chinese(Mainland).mp3,0
3711,Chinese(Mainland),151_Chinese(Mainland).mp3,0
3712,Chinese(Mainland),152_Chinese(Mainland).mp3,0
3713,Chinese(Mainland),153_Chinese(Mainland).mp3,1
3714,Chinese(Mainland),154_Chinese(Mainland).mp3,0
3715,Chinese(Mainland),155_Chinese(Mainland).mp3,1
3716,Chinese(Mainland),156_Chinese(Mainland).mp3,1
3717,Chinese(Mainland),157_Chinese(Mainland).mp3,0
3718,Chinese(Mainland),158_Chinese(Mainland).mp3,0
3719,Chinese(Mainland),159_Chinese(Mainland).mp3,1
3720,Chinese(Mainland),160_Chinese(Mainland).mp3,0
3721,Chinese(Mainland),161_Chinese(Mainland).mp3,0
3722,Chinese(Mainland),162_Chinese(Mainland).mp3,1
3723,Chinese(Mainland),163_Chinese(Mainland).mp3,1
3724,Chinese(Mainland),164_Chinese(Mainland).mp3,0
3725,Chinese(Mainland),165_Chinese(Mainland).mp3,0
3726,Chinese(Mainland),166_Chinese(Mainland).mp3,1
3727,Chinese(Mainland),167_Chinese(Mainland).mp3,1
3728,Chinese(Mainland),168_Chinese(Mainland).mp3,0
3729,Chinese(Mainland),169_Chinese(Mainland).mp3,0
3730,Chinese(Mainland),170_Chinese(Mainland).mp3,0
3731,Chinese(Mainland),171_Chinese(Mainland).mp3,0
3732,Chinese(Mainland),172_Chinese(Mainland).mp3,1
3733,Chinese(Mainland),173_Chinese(Mainland).mp3,1
3734,Chinese(Mainland),174_Chinese(Mainland).mp3,0
3735,Chinese(Mainland),175_Chinese(Mainland).mp3,1
3736,Chinese(Mainland),176_Chinese(Mainland).mp3,1
3737,Chinese(Mainland),177_Chinese(Mainland).mp3,0
3738,Chinese(Mainland),178_Chinese(Mainland).mp3,1
3739,Chinese(Mainland),179_Chinese(Mainland).mp3,1
3740,Chinese(Mainland),180_Chinese(Mainland).mp3,1
3741,Chinese(Mainland),181_Chinese(Mainland).mp3,1
3742,Chinese(Mainland),182_Chinese(Mainland).mp3,0
3743,Chinese(Mainland),183_Chinese(Mainland).mp3,1
3744,Chinese(Mainland),184_Chinese(Mainland).mp3,1
3745,Chinese(Mainland),185_Chinese(Mainland).mp3,1
3746,Chinese(Mainland),186_Chinese(Mainland).mp3,1
3747,Chinese(Mainland),187_Chinese(Mainland).mp3,1
3748,Chinese(Mainland),188_Chinese(Mainland).mp3,1
3749,Chinese(Mainland),189_Chinese(Mainland).mp3,1
3750,Chinese(Mainland),190_Chinese(Mainland).mp3,0
3751,Chinese(Mainland),191_Chinese(Mainland).mp3,1
3752,Chinese(Mainland),192_Chinese(Mainland).mp3,0
3753,Chinese(Mainland),193_Chinese(Mainland).mp3,0
3754,Chinese(Mainland),194_Chinese(Mainland).mp3,1
3755,Chinese(Mainland),195_Chinese(Mainland).mp3,0
3756,Chinese(Mainland),196_Chinese(Mainland).mp3,0
3757,Chinese(Mainland),197_Chinese(Mainland).mp3,1
3758,Chinese(Mainland),198_Chinese(Mainland).mp3,1
3759,Chinese(Mainland),199_Chinese(Mainland).mp3,1
3760,Chinese(Mainland),200_Chinese(Mainland).mp3,1
3761,Chinese(Mainland),201_Chinese(Mainland).mp3,1
3762,Chinese(Mainland),202_Chinese(Mainland).mp3,1
3763,Chinese(Mainland),203_Chinese(Mainland).mp3,1
3764,Chinese(Mainland),204_Chinese(Mainland).mp3,0
3765,Chinese(Mainland),205_Chinese(Mainland).mp3,1
3766,Chinese(Mainland),206_Chinese(Mainland).mp3,0
3767,Chinese(Mainland),207_Chinese(Mainland).mp3,1
3768,Chinese(Mainland),208_Chinese(Mainland).mp3,1
3769,Chinese(Mainland),209_Chinese(Mainland).mp3,0
3770,Chinese(Mainland),210_Chinese(Mainland).mp3,1
3771,Chinese(Mainland),211_Chinese(Mainland).mp3,1
3772,Chinese(Mainland),212_Chinese(Mainland).mp3,1
3773,Chinese(Mainland),213_Chinese(Mainland).mp3,0
3774,Chinese(Mainland),214_Chinese(Mainland).mp3,0
3775,Chinese(Mainland),215_Chinese(Mainland).mp3,0
3776,Chinese(Mainland),216_Chinese(Mainland).mp3,0
3777,Chinese(Mainland),217_Chinese(Mainland).mp3,1
3778,Chinese(Taiwan),1_Chinese(Taiwan).mp3,1
3779,Chinese(Taiwan),2_Chinese(Taiwan).mp3,0
3780,Chinese(Taiwan),3_Chinese(Taiwan).mp3,0
3781,Chinese(Taiwan),4_Chinese(Taiwan).mp3,1
3782,Chinese(Taiwan),5_Chinese(Taiwan).mp3,0
3783,Chinese(Taiwan),6_Chinese(Taiwan).mp3,0
3784,Chinese(Taiwan),7_Chinese(Taiwan).mp3,0
3785,Chinese(Taiwan),8_Chinese(Taiwan).mp3,1
3786,Chinese(Taiwan),9_Chinese(Taiwan).mp3,0
3787,Chinese(Taiwan),10_Chinese(Taiwan).mp3,0
3788,Chinese(Taiwan),11_Chinese(Taiwan).mp3,1
3789,Chinese(Taiwan),12_Chinese(Taiwan).mp3,1
3790,Chinese(Taiwan),13_Chinese(Taiwan).mp3,0
3791,Chinese(Taiwan),14_Chinese(Taiwan).mp3,0
3792,Chinese(Taiwan),15_Chinese(Taiwan).mp3,1
3793,Chinese(Taiwan),16_Chinese(Taiwan).mp3,1
3794,Chinese(Taiwan),17_Chinese(Taiwan).mp3,0
3795,Chinese(Taiwan),18_Chinese(Taiwan).mp3,0
3796,Chinese(Taiwan),19_Chinese(Taiwan).mp3,1
3797,Chinese(Taiwan),20_Chinese(Taiwan).mp3,1
3798,Chinese(Taiwan),21_Chinese(Taiwan).mp3,1
3799,Chinese(Taiwan),22_Chinese(Taiwan).mp3,1
3800,Chinese(Taiwan),23_Chinese(Taiwan).mp3,0
3801,Chinese(Taiwan),24_Chinese(Taiwan).mp3,1
3802,Chinese(Taiwan),25_Chinese(Taiwan).mp3,0
3803,Chinese(Taiwan),26_Chinese(Taiwan).mp3,0
3804,Chinese(Taiwan),27_Chinese(Taiwan).mp3,1
3805,Chinese(Taiwan),28_Chinese(Taiwan).mp3,1
3806,Chinese(Taiwan),29_Chinese(Taiwan).mp3,1
3807,Chinese(Taiwan),30_Chinese(Taiwan).mp3,0
3808,Chinese(Taiwan),31_Chinese(Taiwan).mp3,0
3809,Chinese(Taiwan),32_Chinese(Taiwan).mp3,1
3810,Chinese(Taiwan),33_Chinese(Taiwan).mp3,0
3811,Chinese(Taiwan),34_Chinese(Taiwan).mp3,1
3812,Chinese(Taiwan),35_Chinese(Taiwan).mp3,0
3813,Chinese(Taiwan),36_Chinese(Taiwan).mp3,0
3814,Chinese(Taiwan),37_Chinese(Taiwan).mp3,1
3815,Chinese(Taiwan),38_Chinese(Taiwan).mp3,0
3816,Chinese(Taiwan),39_Chinese(Taiwan).mp3,1
3817,Chinese(Taiwan),40_Chinese(Taiwan).mp3,1
3818,Chinese(Taiwan),41_Chinese(Taiwan).mp3,1
3819,Chinese(Taiwan),42_Chinese(Taiwan).mp3,0
3820,Chinese(Taiwan),43_Chinese(Taiwan).mp3,0
3821,Chinese(Taiwan),44_Chinese(Taiwan).mp3,0
3822,Chinese(Taiwan),45_Chinese(Taiwan).mp3,1
3823,Chinese(Taiwan),46_Chinese(Taiwan).mp3,0
3824,Chinese(Taiwan),47_Chinese(Taiwan).mp3,0
3825,Chinese(Taiwan),48_Chinese(Taiwan).mp3,1
3826,Chinese(Taiwan),49_Chinese(Taiwan).mp3,0
3827,Chinese(Taiwan),50_Chinese(Taiwan).mp3,1
3828,Chinese(Taiwan),51_Chinese(Taiwan).mp3,0
3829,Chinese(Taiwan),52_Chinese(Taiwan).mp3,0
3830,Chinese(Taiwan),53_Chinese(Taiwan).mp3,0
3831,Chinese(Taiwan),54_Chinese(Taiwan).mp3,0
3832,Chinese(Taiwan),55_Chinese(Taiwan).mp3,0
3833,Chinese(Taiwan),56_Chinese(Taiwan).mp3,0
3834,Chinese(Taiwan),57_Chinese(Taiwan).mp3,0
3835,Chinese(Taiwan),58_Chinese(Taiwan).mp3,0
3836,Chinese(Taiwan),59_Chinese(Taiwan).mp3,0
3837,Chinese(Taiwan),60_Chinese(Taiwan).mp3,1
3838,Chinese(Taiwan),61_Chinese(Taiwan).mp3,1
3839,Chinese(Taiwan),62_Chinese(Taiwan).mp3,0
3840,Chinese(Taiwan),63_Chinese(Taiwan).mp3,1
3841,Chinese(Taiwan),64_Chinese(Taiwan).mp3,1
3842,Chinese(Taiwan),65_Chinese(Taiwan).mp3,1
3843,Chinese(Taiwan),66_Chinese(Taiwan).mp3,1
3844,Chinese(Taiwan),67_Chinese(Taiwan).mp3,0
3845,Chinese(Taiwan),68_Chinese(Taiwan).mp3,1
3846,Chinese(Taiwan),69_Chinese(Taiwan).mp3,1
3847,Chinese(Taiwan),70_Chinese(Taiwan).mp3,0
3848,Chinese(Taiwan),71_Chinese(Taiwan).mp3,1
3849,Chinese(Taiwan),72_Chinese(Taiwan).mp3,1
3850,Chinese(Taiwan),73_Chinese(Taiwan).mp3,1
3851,Chinese(Taiwan),74_Chinese(Taiwan).mp3,1
3852,Chinese(Taiwan),75_Chinese(Taiwan).mp3,1
3853,Chinese(Taiwan),76_Chinese(Taiwan).mp3,1
3854,Chinese(Taiwan),77_Chinese(Taiwan).mp3,1
3855,Chinese(Taiwan),78_Chinese(Taiwan).mp3,1
3856,Chinese(Taiwan),79_Chinese(Taiwan).mp3,1
3857,Chinese(Taiwan),80_Chinese(Taiwan).mp3,1
3858,Chinese(Taiwan),81_Chinese(Taiwan).mp3,1
3859,Chinese(Taiwan),82_Chinese(Taiwan).mp3,1
3860,Chinese(Taiwan),83_Chinese(Taiwan).mp3,1
3861,Chinese(Taiwan),84_Chinese(Taiwan).mp3,1
3862,Chinese(Taiwan),85_Chinese(Taiwan).mp3,0
3863,Chinese(Taiwan),86_Chinese(Taiwan).mp3,0
3864,Chinese(Taiwan),87_Chinese(Taiwan).mp3,0
3865,Chinese(Taiwan),88_Chinese(Taiwan).mp3,1
3866,Chinese(Taiwan),89_Chinese(Taiwan).mp3,1
3867,Chinese(Taiwan),90_Chinese(Taiwan).mp3,1
3868,Chinese(Taiwan),91_Chinese(Taiwan).mp3,0
3869,Chinese(Taiwan),92_Chinese(Taiwan).mp3,1
3870,Chinese(Taiwan),93_Chinese(Taiwan).mp3,0
3871,Chinese(Taiwan),94_Chinese(Taiwan).mp3,1
3872,Chinese(Taiwan),95_Chinese(Taiwan).mp3,0
3873,Chinese(Taiwan),96_Chinese(Taiwan).mp3,1
3874,Chinese(Taiwan),97_Chinese(Taiwan).mp3,1
3875,Chinese(Taiwan),98_Chinese(Taiwan).mp3,0
3876,Chinese(Taiwan),99_Chinese(Taiwan).mp3,1
3877,Chinese(Taiwan),100_Chinese(Taiwan).mp3,0
3878,Chinese(Taiwan),101_Chinese(Taiwan).mp3,0
3879,Chinese(Taiwan),102_Chinese(Taiwan).mp3,0
3880,Chinese(Taiwan),103_Chinese(Taiwan).mp3,1
3881,Chinese(Taiwan),104_Chinese(Taiwan).mp3,0
3882,Chinese(Taiwan),105_Chinese(Taiwan).mp3,1
3883,Chinese(Taiwan),106_Chinese(Taiwan).mp3,1
3884,Chinese(Taiwan),107_Chinese(Taiwan).mp3,1
3885,Chinese(Taiwan),108_Chinese(Taiwan).mp3,0
3886,Chinese(Taiwan),109_Chinese(Taiwan).mp3,0
3887,Chinese(Taiwan),110_Chinese(Taiwan).mp3,1
3888,Chinese(Taiwan),111_Chinese(Taiwan).mp3,0
3889,Chinese(Taiwan),112_Chinese(Taiwan).mp3,1
3890,Chinese(Taiwan),113_Chinese(Taiwan).mp3,0
3891,Chinese(Taiwan),114_Chinese(Taiwan).mp3,0
3892,Chinese(Taiwan),115_Chinese(Taiwan).mp3,0
3893,Chinese(Taiwan),116_Chinese(Taiwan).mp3,1
3894,Chinese(Taiwan),117_Chinese(Taiwan).mp3,0
3895,Chinese(Taiwan),118_Chinese(Taiwan).mp3,1
3896,Chinese(Taiwan),119_Chinese(Taiwan).mp3,1
3897,Chinese(Taiwan),120_Chinese(Taiwan).mp3,0
3898,Chinese(Taiwan),121_Chinese(Taiwan).mp3,0
3899,Chinese(Taiwan),122_Chinese(Taiwan).mp3,0
3900,Chinese(Taiwan),123_Chinese(Taiwan).mp3,0
3901,Chinese(Taiwan),124_Chinese(Taiwan).mp3,1
3902,Chinese(Taiwan),125_Chinese(Taiwan).mp3,0
3903,Chinese(Taiwan),126_Chinese(Taiwan).mp3,1
3904,Chinese(Taiwan),127_Chinese(Taiwan).mp3,0
3905,Chinese(Taiwan),128_Chinese(Taiwan).mp3,0
3906,Chinese(Taiwan),129_Chinese(Taiwan).mp3,0
3907,Chinese(Taiwan),130_Chinese(Taiwan).mp3,0
3908,Chinese(Taiwan),131_Chinese(Taiwan).mp3,1
3909,Chinese(Taiwan),132_Chinese(Taiwan).mp3,1
3910,Chinese(Taiwan),133_Chinese(Taiwan).mp3,1
3911,Chinese(Taiwan),134_Chinese(Taiwan).mp3,1
3912,Chinese(Taiwan),135_Chinese(Taiwan).mp3,0
3913,Chinese(Taiwan),136_Chinese(Taiwan).mp3,0
3914,Chinese(Taiwan),137_Chinese(Taiwan).mp3,1
3915,Chinese(Taiwan),138_Chinese(Taiwan).mp3,0
3916,Chinese(Taiwan),139_Chinese(Taiwan).mp3,1
3917,Chinese(Taiwan),140_Chinese(Taiwan).mp3,1
3918,Chinese(Taiwan),141_Chinese(Taiwan).mp3,1
3919,Chinese(Taiwan),142_Chinese(Taiwan).mp3,1
3920,Chinese(Taiwan),143_Chinese(Taiwan).mp3,1
3921,Chinese(Taiwan),144_Chinese(Taiwan).mp3,1
3922,Chinese(Taiwan),145_Chinese(Taiwan).mp3,0
3923,Chinese(Taiwan),146_Chinese(Taiwan).mp3,0
3924,Chinese(Taiwan),147_Chinese(Taiwan).mp3,1
3925,Chinese(Taiwan),148_Chinese(Taiwan).mp3,0
3926,Chinese(Taiwan),149_Chinese(Taiwan).mp3,1
3927,Chinese(Taiwan),150_Chinese(Taiwan).mp3,0
3928,Chinese(Taiwan),151_Chinese(Taiwan).mp3,0
3929,Chinese(Taiwan),152_Chinese(Taiwan).mp3,1
3930,Chinese(Taiwan),153_Chinese(Taiwan).mp3,0
3931,Chinese(Taiwan),154_Chinese(Taiwan).mp3,0
3932,Chinese(Taiwan),155_Chinese(Taiwan).mp3,1
3933,Chinese(Taiwan),156_Chinese(Taiwan).mp3,1
3934,Chinese(Taiwan),157_Chinese(Taiwan).mp3,0
3935,Chinese(Taiwan),158_Chinese(Taiwan).mp3,0
3936,Chinese(Taiwan),159_Chinese(Taiwan).mp3,0
3937,Chinese(Taiwan),160_Chinese(Taiwan).mp3,0
3938,Chinese(Taiwan),161_Chinese(Taiwan).mp3,1
3939,Chinese(Taiwan),162_Chinese(Taiwan).mp3,0
3940,Chinese(Taiwan),163_Chinese(Taiwan).mp3,1
3941,Chinese(Taiwan),164_Chinese(Taiwan).mp3,1
3942,Chinese(Taiwan),165_Chinese(Taiwan).mp3,0
3943,Chinese(Taiwan),166_Chinese(Taiwan).mp3,0
3944,Chinese(Taiwan),167_Chinese(Taiwan).mp3,1
3945,Chinese(Taiwan),168_Chinese(Taiwan).mp3,1
3946,Chinese(Taiwan),169_Chinese(Taiwan).mp3,1
3947,Chinese(Taiwan),170_Chinese(Taiwan).mp3,1
3948,Chinese(Taiwan),171_Chinese(Taiwan).mp3,1
3949,Chinese(Taiwan),172_Chinese(Taiwan).mp3,1
3950,Chinese(Taiwan),173_Chinese(Taiwan).mp3,0
3951,Chinese(Taiwan),174_Chinese(Taiwan).mp3,1
3952,Chinese(Taiwan),175_Chinese(Taiwan).mp3,1
3953,Chinese(Taiwan),176_Chinese(Taiwan).mp3,1
3954,Chinese(Taiwan),177_Chinese(Taiwan).mp3,1
3955,Chinese(Taiwan),178_Chinese(Taiwan).mp3,1
3956,Chinese(Taiwan),179_Chinese(Taiwan).mp3,0
3957,Chinese(Taiwan),180_Chinese(Taiwan).mp3,0
3958,Chinese(Taiwan),181_Chinese(Taiwan).mp3,1
3959,Chinese(Taiwan),182_Chinese(Taiwan).mp3,1
3960,Chinese(Taiwan),183_Chinese(Taiwan).mp3,0
3961,Chinese(Taiwan),184_Chinese(Taiwan).mp3,1
3962,Croatian,1_Croatian.mp3,0
3963,Croatian,2_Croatian.mp3,0
3964,Croatian,3_Croatian.mp3,1
3965,Croatian,4_Croatian.mp3,0
3966,Croatian,5_Croatian.mp3,1
3967,Croatian,6_Croatian.mp3,1
3968,Croatian,7_Croatian.mp3,1
3969,Croatian,8_Croatian.mp3,1
3970,Croatian,9_Croatian.mp3,0
3971,Croatian,10_Croatian.mp3,0
3972,Croatian,11_Croatian.mp3,1
3973,Croatian,12_Croatian.mp3,0
3974,Croatian,13_Croatian.mp3,1
3975,Croatian,14_Croatian.mp3,0
3976,Croatian,15_Croatian.mp3,1
3977,Croatian,16_Croatian.mp3,0
3978,Croatian,17_Croatian.mp3,1
3979,Croatian,18_Croatian.mp3,1
3980,Croatian,19_Croatian.mp3,1
3981,Croatian,20_Croatian.mp3,1
3982,Croatian,21_Croatian.mp3,1
3983,Croatian,22_Croatian.mp3,0
3984,Croatian,23_Croatian.mp3,1
3985,Croatian,24_Croatian.mp3,0
3986,Croatian,25_Croatian.mp3,1
3987,Croatian,26_Croatian.mp3,1
3988,Croatian,27_Croatian.mp3,1
3989,Croatian,28_Croatian.mp3,1
3990,Croatian,29_Croatian.mp3,1
3991,Croatian,30_Croatian.mp3,0
3992,Croatian,31_Croatian.mp3,1
3993,Croatian,32_Croatian.mp3,1
3994,Croatian,33_Croatian.mp3,0
3995,Croatian,34_Croatian.mp3,0
3996,Croatian,35_Croatian.mp3,1
3997,Croatian,36_Croatian.mp3,1
3998,Croatian,37_Croatian.mp3,1
3999,Croatian,38_Croatian.mp3,1
4000,Croatian,39_Croatian.mp3,1
4001,Croatian,40_Croatian.mp3,1
4002,Croatian,41_Croatian.mp3,0
4003,Croatian,42_Croatian.mp3,1
4004,Croatian,43_Croatian.mp3,0
4005,Croatian,44_Croatian.mp3,1
4006,Croatian,45_Croatian.mp3,0
4007,Croatian,46_Croatian.mp3,1
4008,Croatian,47_Croatian.mp3,0
4009,Croatian,48_Croatian.mp3,1
4010,Croatian,49_Croatian.mp3,1
4011,Croatian,50_Croatian.mp3,1
4012,Croatian,51_Croatian.mp3,1
4013,Croatian,52_Croatian.mp3,1
4014,Croatian,53_Croatian.mp3,0
4015,Croatian,54_Croatian.mp3,1
4016,Croatian,55_Croatian.mp3,1
4017,Croatian,56_Croatian.mp3,0
4018,Croatian,57_Croatian.mp3,0
4019,Croatian,58_Croatian.mp3,1
4020,Croatian,59_Croatian.mp3,1
4021,Croatian,60_Croatian.mp3,1
4022,Croatian,61_Croatian.mp3,1
4023,Croatian,62_Croatian.mp3,1
4024,Croatian,63_Croatian.mp3,1
4025,Croatian,64_Croatian.mp3,1
4026,Croatian,65_Croatian.mp3,0
4027,Croatian,66_Croatian.mp3,1
4028,Croatian,67_Croatian.mp3,1
4029,Croatian,68_Croatian.mp3,1
4030,Croatian,69_Croatian.mp3,0
4031,Croatian,70_Croatian.mp3,0
4032,Croatian,71_Croatian.mp3,1
4033,Croatian,72_Croatian.mp3,0
4034,Croatian,73_Croatian.mp3,0
4035,Croatian,74_Croatian.mp3,0
4036,Croatian,75_Croatian.mp3,0
4037,Croatian,76_Croatian.mp3,0
4038,Croatian,77_Croatian.mp3,1
4039,Croatian,78_Croatian.mp3,1
4040,Croatian,79_Croatian.mp3,0
4041,Croatian,80_Croatian.mp3,0
4042,Croatian,81_Croatian.mp3,0
4043,Croatian,82_Croatian.mp3,1
4044,Croatian,83_Croatian.mp3,1
4045,Croatian,84_Croatian.mp3,1
4046,Croatian,85_Croatian.mp3,1
4047,Croatian,86_Croatian.mp3,0
4048,Croatian,87_Croatian.mp3,0
4049,Croatian,88_Croatian.mp3,0
4050,Croatian,89_Croatian.mp3,0
4051,Croatian,90_Croatian.mp3,0
4052,Croatian,91_Croatian.mp3,0
4053,Croatian,92_Croatian.mp3,1
4054,Croatian,93_Croatian.mp3,1
4055,Croatian,94_Croatian.mp3,0
4056,Croatian,95_Croatian.mp3,0
4057,Croatian,96_Croatian.mp3,1
4058,Croatian,97_Croatian.mp3,1
4059,Croatian,98_Croatian.mp3,0
4060,Croatian,99_Croatian.mp3,1
4061,Croatian,100_Croatian.mp3,0
4062,Croatian,101_Croatian.mp3,0
4063,Croatian,102_Croatian.mp3,1
4064,Croatian,103_Croatian.mp3,0
4065,Croatian,104_Croatian.mp3,1
4066,Croatian,105_Croatian.mp3,1
4067,Croatian,106_Croatian.mp3,1
4068,Croatian,107_Croatian.mp3,1
4069,Croatian,108_Croatian.mp3,1
4070,Croatian,109_Croatian.mp3,0
4071,Croatian,110_Croatian.mp3,1
4072,Croatian,111_Croatian.mp3,0
4073,Croatian,112_Croatian.mp3,0
4074,Croatian,113_Croatian.mp3,1
4075,Croatian,114_Croatian.mp3,1
4076,Croatian,115_Croatian.mp3,1
4077,Croatian,116_Croatian.mp3,0
4078,Croatian,117_Croatian.mp3,0
4079,Croatian,118_Croatian.mp3,1
4080,Croatian,119_Croatian.mp3,1
4081,Croatian,120_Croatian.mp3,1
4082,Croatian,121_Croatian.mp3,0
4083,Croatian,122_Croatian.mp3,1
4084,Croatian,123_Croatian.mp3,1
4085,Croatian,124_Croatian.mp3,0
4086,Croatian,125_Croatian.mp3,0
4087,Croatian,126_Croatian.mp3,1
4088,Croatian,127_Croatian.mp3,0
4089,Croatian,128_Croatian.mp3,0
4090,Croatian,129_Croatian.mp3,1
4091,Croatian,130_Croatian.mp3,0
4092,Croatian,131_Croatian.mp3,0
4093,Croatian,132_Croatian.mp3,1
4094,Croatian,133_Croatian.mp3,1
4095,Croatian,134_Croatian.mp3,1
4096,Croatian,135_Croatian.mp3,1
4097,Croatian,136_Croatian.mp3,1
4098,Croatian,137_Croatian.mp3,1
4099,Croatian,138_Croatian.mp3,1
4100,Croatian,139_Croatian.mp3,1
4101,Croatian,140_Croatian.mp3,0
4102,Croatian,141_Croatian.mp3,0
4103,Croatian,142_Croatian.mp3,1
4104,Croatian,143_Croatian.mp3,0
4105,Croatian,144_Croatian.mp3,1
4106,Croatian,145_Croatian.mp3,0
4107,Croatian,146_Croatian.mp3,0
4108,Croatian,147_Croatian.mp3,1
4109,Croatian,148_Croatian.mp3,0
4110,Croatian,149_Croatian.mp3,0
4111,Croatian,150_Croatian.mp3,1
4112,Croatian,151_Croatian.mp3,1
4113,Croatian,152_Croatian.mp3,1
4114,Croatian,153_Croatian.mp3,0
4115,Croatian,154_Croatian.mp3,1
4116,Croatian,155_Croatian.mp3,1
4117,Croatian,156_Croatian.mp3,0
4118,Croatian,157_Croatian.mp3,0
4119,Croatian,158_Croatian.mp3,1
4120,Croatian,159_Croatian.mp3,1
4121,Croatian,160_Croatian.mp3,1
4122,Croatian,161_Croatian.mp3,1
4123,Croatian,162_Croatian.mp3,1
4124,Croatian,163_Croatian.mp3,1
4125,Croatian,164_Croatian.mp3,0
4126,Croatian,165_Croatian.mp3,0
4127,Croatian,166_Croatian.mp3,1
4128,Croatian,167_Croatian.mp3,0
4129,Croatian,168_Croatian.mp3,1
4130,Croatian,169_Croatian.mp3,1
4131,Croatian,170_Croatian.mp3,0
4132,Croatian,171_Croatian.mp3,0
4133,Croatian,172_Croatian.mp3,1
4134,Croatian,173_Croatian.mp3,1
4135,Croatian,174_Croatian.mp3,1
4136,Croatian,175_Croatian.mp3,1
4137,Croatian,176_Croatian.mp3,1
4138,Croatian,177_Croatian.mp3,0
4139,Croatian,178_Croatian.mp3,1
4140,Croatian,179_Croatian.mp3,1
4141,Croatian,180_Croatian.mp3,1
4142,Croatian,181_Croatian.mp3,0
4143,Croatian,182_Croatian.mp3,1
4144,Croatian,183_Croatian.mp3,1
4145,Croatian,184_Croatian.mp3,1
4146,Croatian,185_Croatian.mp3,0
4147,Croatian,186_Croatian.mp3,0
4148,Croatian,187_Croatian.mp3,1
4149,Croatian,188_Croatian.mp3,0
4150,Croatian,189_Croatian.mp3,1
4151,Croatian,190_Croatian.mp3,1
4152,Croatian,191_Croatian.mp3,0
4153,Croatian,192_Croatian.mp3,1
4154,Croatian,193_Croatian.mp3,0
4155,Croatian,194_Croatian.mp3,0
4156,Croatian,195_Croatian.mp3,0
4157,Croatian,196_Croatian.mp3,0
4158,Croatian,197_Croatian.mp3,0
4159,Croatian,198_Croatian.mp3,1
4160,Croatian,199_Croatian.mp3,1
4161,Croatian,200_Croatian.mp3,1
4162,Croatian,201_Croatian.mp3,0
4163,Croatian,202_Croatian.mp3,1
4164,Croatian,203_Croatian.mp3,1
4165,Croatian,204_Croatian.mp3,1
4166,Croatian,205_Croatian.mp3,0
4167,Croatian,206_Croatian.mp3,0
4168,Croatian,207_Croatian.mp3,0
4169,Croatian,208_Croatian.mp3,0
4170,Croatian,209_Croatian.mp3,0
4171,Croatian,210_Croatian.mp3,1
4172,Croatian,211_Croatian.mp3,1
4173,Croatian,212_Croatian.mp3,1
4174,Croatian,213_Croatian.mp3,1
4175,Croatian,214_Croatian.mp3,1
4176,Croatian,215_Croatian.mp3,1
4177,Croatian,216_Croatian.mp3,0
4178,Croatian,217_Croatian.mp3,0
4179,Croatian,218_Croatian.mp3,0
4180,Croatian,219_Croatian.mp3,1
4181,Croatian,220_Croatian.mp3,0
4182,Croatian,221_Croatian.mp3,1
4183,Croatian,222_Croatian.mp3,1
4184,Croatian,223_Croatian.mp3,1
4185,Croatian,224_Croatian.mp3,1
4186,Croatian,225_Croatian.mp3,1
4187,Croatian,226_Croatian.mp3,0
4188,Croatian,227_Croatian.mp3,1
4189,Croatian,228_Croatian.mp3,1
4190,Croatian,229_Croatian.mp3,1
4191,Croatian,230_Croatian.mp3,1
4192,Croatian,231_Croatian.mp3,1
4193,Croatian,232_Croatian.mp3,0
4194,Croatian,233_Croatian.mp3,0
4195,Croatian,234_Croatian.mp3,1
4196,Croatian,235_Croatian.mp3,0
4197,Croatian,236_Croatian.mp3,0
4198,Croatian,237_Croatian.mp3,1
4199,Croatian,238_Croatian.mp3,1
4200,Croatian,239_Croatian.mp3,0
4201,Croatian,240_Croatian.mp3,0
4202,Croatian,241_Croatian.mp3,1
4203,Croatian,242_Croatian.mp3,1
4204,Croatian,243_Croatian.mp3,1
4205,Croatian,244_Croatian.mp3,1
4206,Croatian,245_Croatian.mp3,1
4207,Croatian,246_Croatian.mp3,1
4208,Croatian,247_Croatian.mp3,0
4209,Croatian,248_Croatian.mp3,0
4210,Croatian,249_Croatian.mp3,0
4211,Croatian,250_Croatian.mp3,0
4212,Croatian,251_Croatian.mp3,1
4213,Croatian,252_Croatian.mp3,0
4214,Croatian,253_Croatian.mp3,1
4215,Croatian,254_Croatian.mp3,1
4216,Croatian,255_Croatian.mp3,1
4217,Croatian,256_Croatian.mp3,1
4218,Croatian,257_Croatian.mp3,0
4219,Croatian,258_Croatian.mp3,1
4220,Croatian,259_Croatian.mp3,1
4221,Czech,1_Czech.mp3,1
4222,Czech,2_Czech.mp3,0
4223,Czech,3_Czech.mp3,0
4224,Czech,4_Czech.mp3,0
4225,Czech,5_Czech.mp3,1
4226,Czech,6_Czech.mp3,0
4227,Czech,7_Czech.mp3,1
4228,Czech,8_Czech.mp3,1
4229,Czech,9_Czech.mp3,0
4230,Czech,10_Czech.mp3,1
4231,Czech,11_Czech.mp3,1
4232,Czech,12_Czech.mp3,0
4233,Czech,13_Czech.mp3,1
4234,Czech,14_Czech.mp3,1
4235,Czech,15_Czech.mp3,0
4236,Czech,16_Czech.mp3,1
4237,Czech,17_Czech.mp3,0
4238,Czech,18_Czech.mp3,1
4239,Czech,19_Czech.mp3,1
4240,Czech,20_Czech.mp3,0
4241,Czech,21_Czech.mp3,1
4242,Czech,22_Czech.mp3,1
4243,Czech,23_Czech.mp3,0
4244,Czech,24_Czech.mp3,0
4245,Czech,25_Czech.mp3,1
4246,Czech,26_Czech.mp3,1
4247,Czech,27_Czech.mp3,1
4248,Czech,28_Czech.mp3,1
4249,Czech,29_Czech.mp3,1
4250,Czech,30_Czech.mp3,0
4251,Czech,31_Czech.mp3,1
4252,Czech,32_Czech.mp3,0
4253,Czech,33_Czech.mp3,1
4254,Czech,34_Czech.mp3,0
4255,Czech,35_Czech.mp3,1
4256,Czech,36_Czech.mp3,1
4257,Czech,37_Czech.mp3,1
4258,Czech,38_Czech.mp3,1
4259,Czech,39_Czech.mp3,1
4260,Czech,40_Czech.mp3,1
4261,Czech,41_Czech.mp3,1
4262,Czech,42_Czech.mp3,0
4263,Czech,43_Czech.mp3,1
4264,Czech,44_Czech.mp3,1
4265,Czech,45_Czech.mp3,0
4266,Czech,46_Czech.mp3,1
4267,Czech,47_Czech.mp3,1
4268,Czech,48_Czech.mp3,1
4269,Czech,49_Czech.mp3,1
4270,Czech,50_Czech.mp3,1
4271,Czech,51_Czech.mp3,1
4272,Czech,52_Czech.mp3,1
4273,Czech,53_Czech.mp3,0
4274,Czech,54_Czech.mp3,0
4275,Czech,55_Czech.mp3,1
4276,Czech,56_Czech.mp3,0
4277,Czech,57_Czech.mp3,0
4278,Czech,58_Czech.mp3,0
4279,Czech,59_Czech.mp3,0
4280,Czech,60_Czech.mp3,1
4281,Czech,61_Czech.mp3,1
4282,Czech,62_Czech.mp3,1
4283,Czech,63_Czech.mp3,0
4284,Czech,64_Czech.mp3,1
4285,Czech,65_Czech.mp3,0
4286,Czech,66_Czech.mp3,1
4287,Czech,67_Czech.mp3,0
4288,Czech,68_Czech.mp3,1
4289,Czech,69_Czech.mp3,0
4290,Czech,70_Czech.mp3,1
4291,Czech,71_Czech.mp3,1
4292,Czech,72_Czech.mp3,0
4293,Czech,73_Czech.mp3,1
4294,Czech,74_Czech.mp3,1
4295,Czech,75_Czech.mp3,0
4296,Czech,76_Czech.mp3,1
4297,Czech,77_Czech.mp3,1
4298,Czech,78_Czech.mp3,1
4299,Czech,79_Czech.mp3,0
4300,Czech,80_Czech.mp3,1
4301,Czech,81_Czech.mp3,1
4302,Czech,82_Czech.mp3,1
4303,Czech,83_Czech.mp3,0
4304,Czech,84_Czech.mp3,0
4305,Czech,85_Czech.mp3,0
4306,Czech,86_Czech.mp3,0
4307,Czech,87_Czech.mp3,0
4308,Czech,88_Czech.mp3,0
4309,Czech,89_Czech.mp3,0
4310,Czech,90_Czech.mp3,1
4311,Czech,91_Czech.mp3,1
4312,Czech,92_Czech.mp3,1
4313,Czech,93_Czech.mp3,1
4314,Czech,94_Czech.mp3,0
4315,Czech,95_Czech.mp3,1
4316,Czech,96_Czech.mp3,0
4317,Czech,97_Czech.mp3,1
4318,Czech,98_Czech.mp3,1
4319,Czech,99_Czech.mp3,0
4320,Czech,100_Czech.mp3,1
4321,Czech,101_Czech.mp3,0
4322,Czech,102_Czech.mp3,1
4323,Czech,103_Czech.mp3,0
4324,Czech,104_Czech.mp3,0
4325,Czech,105_Czech.mp3,1
4326,Czech,106_Czech.mp3,1
4327,Czech,107_Czech.mp3,0
4328,Czech,108_Czech.mp3,1
4329,Czech,109_Czech.mp3,1
4330,Czech,110_Czech.mp3,0
4331,Czech,111_Czech.mp3,1
4332,Czech,112_Czech.mp3,0
4333,Czech,113_Czech.mp3,0
4334,Czech,114_Czech.mp3,0
4335,Czech,115_Czech.mp3,1
4336,Czech,116_Czech.mp3,0
4337,Czech,117_Czech.mp3,1
4338,Czech,118_Czech.mp3,0
4339,Czech,119_Czech.mp3,1
4340,Czech,120_Czech.mp3,0
4341,Czech,121_Czech.mp3,0
4342,Czech,122_Czech.mp3,0
4343,Czech,123_Czech.mp3,1
4344,Czech,124_Czech.mp3,1
4345,Czech,125_Czech.mp3,0
4346,Czech,126_Czech.mp3,0
4347,Czech,127_Czech.mp3,1
4348,Czech,128_Czech.mp3,1
4349,Czech,129_Czech.mp3,0
4350,Czech,130_Czech.mp3,0
4351,Czech,131_Czech.mp3,0
4352,Czech,132_Czech.mp3,1
4353,Czech,133_Czech.mp3,1
4354,Czech,134_Czech.mp3,1
4355,Czech,135_Czech.mp3,0
4356,Czech,136_Czech.mp3,1
4357,Czech,137_Czech.mp3,1
4358,Czech,138_Czech.mp3,0
4359,Czech,139_Czech.mp3,1
4360,Czech,140_Czech.mp3,1
4361,Czech,141_Czech.mp3,1
4362,Czech,142_Czech.mp3,1
4363,Czech,143_Czech.mp3,1
4364,Czech,144_Czech.mp3,0
4365,Czech,145_Czech.mp3,0
4366,Czech,146_Czech.mp3,1
4367,Czech,147_Czech.mp3,1
4368,Czech,148_Czech.mp3,0
4369,Czech,149_Czech.mp3,0
4370,Czech,150_Czech.mp3,1
4371,Czech,151_Czech.mp3,0
4372,Czech,152_Czech.mp3,1
4373,Czech,153_Czech.mp3,1
4374,Czech,154_Czech.mp3,1
4375,Czech,155_Czech.mp3,1
4376,Czech,156_Czech.mp3,1
4377,Czech,157_Czech.mp3,1
4378,Czech,158_Czech.mp3,1
4379,Czech,159_Czech.mp3,0
4380,Czech,160_Czech.mp3,1
4381,Czech,161_Czech.mp3,1
4382,Czech,162_Czech.mp3,1
4383,Czech,163_Czech.mp3,0
4384,Czech,164_Czech.mp3,1
4385,Czech,165_Czech.mp3,1
4386,Czech,166_Czech.mp3,0
4387,Czech,167_Czech.mp3,0
4388,Czech,168_Czech.mp3,1
4389,Czech,169_Czech.mp3,1
4390,Czech,170_Czech.mp3,1
4391,Czech,171_Czech.mp3,1
4392,Czech,172_Czech.mp3,1
4393,Czech,173_Czech.mp3,1
4394,Czech,174_Czech.mp3,1
4395,Czech,175_Czech.mp3,0
4396,Czech,176_Czech.mp3,0
4397,Czech,177_Czech.mp3,0
4398,Czech,178_Czech.mp3,0
4399,Czech,179_Czech.mp3,1
4400,Czech,180_Czech.mp3,0
4401,Czech,181_Czech.mp3,1
4402,Czech,182_Czech.mp3,0
4403,Czech,183_Czech.mp3,1
4404,Czech,184_Czech.mp3,1
4405,Czech,185_Czech.mp3,1
4406,Czech,186_Czech.mp3,1
4407,Czech,187_Czech.mp3,0
4408,Czech,188_Czech.mp3,1
4409,Czech,189_Czech.mp3,0
4410,Czech,190_Czech.mp3,1
4411,Czech,191_Czech.mp3,1
4412,Czech,192_Czech.mp3,0
4413,Czech,193_Czech.mp3,1
4414,Czech,194_Czech.mp3,1
4415,Czech,195_Czech.mp3,0
4416,Czech,196_Czech.mp3,0
4417,Czech,197_Czech.mp3,1
4418,Czech,198_Czech.mp3,0
4419,Czech,199_Czech.mp3,1
4420,Czech,200_Czech.mp3,1
4421,Czech,201_Czech.mp3,0
4422,Czech,202_Czech.mp3,1
4423,Czech,203_Czech.mp3,0
4424,Czech,204_Czech.mp3,1
4425,Czech,205_Czech.mp3,1
4426,Czech,206_Czech.mp3,1
4427,Czech,207_Czech.mp3,1
4428,Czech,208_Czech.mp3,0
4429,Czech,209_Czech.mp3,1
4430,Czech,210_Czech.mp3,1
4431,Czech,211_Czech.mp3,0
4432,Czech,212_Czech.mp3,1
4433,Czech,213_Czech.mp3,1
4434,Czech,214_Czech.mp3,0
4435,Czech,215_Czech.mp3,1
4436,Czech,216_Czech.mp3,1
4437,Czech,217_Czech.mp3,1
4438,Czech,218_Czech.mp3,1
4439,Czech,219_Czech.mp3,1
4440,Czech,220_Czech.mp3,1
4441,Czech,221_Czech.mp3,1
4442,Czech,222_Czech.mp3,0
4443,Czech,223_Czech.mp3,1
4444,Czech,224_Czech.mp3,1
4445,Czech,225_Czech.mp3,0
4446,Czech,226_Czech.mp3,1
4447,Czech,227_Czech.mp3,1
4448,Czech,228_Czech.mp3,0
4449,Czech,229_Czech.mp3,0
4450,Czech,230_Czech.mp3,0
4451,Czech,231_Czech.mp3,1
4452,Czech,232_Czech.mp3,1
4453,Czech,233_Czech.mp3,1
4454,Czech,234_Czech.mp3,0
4455,Czech,235_Czech.mp3,1
4456,Czech,236_Czech.mp3,0
4457,Czech,237_Czech.mp3,1
4458,Czech,238_Czech.mp3,0
4459,Czech,239_Czech.mp3,0
4460,Czech,240_Czech.mp3,0
4461,Czech,241_Czech.mp3,1
4462,Czech,242_Czech.mp3,1
4463,Czech,243_Czech.mp3,0
4464,Czech,244_Czech.mp3,1
4465,Czech,245_Czech.mp3,0
4466,Czech,246_Czech.mp3,0
4467,Czech,247_Czech.mp3,0
4468,Czech,248_Czech.mp3,0
4469,Czech,249_Czech.mp3,1
4470,Czech,250_Czech.mp3,0
4471,Czech,251_Czech.mp3,0
4472,Czech,252_Czech.mp3,1
4473,Czech,253_Czech.mp3,0
4474,Czech,254_Czech.mp3,1
4475,Czech,255_Czech.mp3,1
4476,Czech,256_Czech.mp3,0
4477,Czech,257_Czech.mp3,0
4478,Czech,258_Czech.mp3,0
4479,Czech,259_Czech.mp3,1
4480,Czech,260_Czech.mp3,0
4481,Czech,261_Czech.mp3,1
4482,Czech,262_Czech.mp3,1
4483,Czech,263_Czech.mp3,1
4484,Czech,264_Czech.mp3,0
4485,Czech,265_Czech.mp3,0
4486,Czech,266_Czech.mp3,0
4487,Czech,267_Czech.mp3,1
4488,Czech,268_Czech.mp3,1
4489,Czech,269_Czech.mp3,1
4490,Danish,1_Danish.mp3,1
4491,Danish,2_Danish.mp3,0
4492,Danish,3_Danish.mp3,0
4493,Danish,4_Danish.mp3,0
4494,Danish,5_Danish.mp3,1
4495,Danish,6_Danish.mp3,0
4496,Danish,7_Danish.mp3,1
4497,Danish,8_Danish.mp3,1
4498,Danish,9_Danish.mp3,1
4499,Danish,10_Danish.mp3,1
4500,Danish,11_Danish.mp3,1
4501,Danish,12_Danish.mp3,0
4502,Danish,13_Danish.mp3,1
4503,Danish,14_Danish.mp3,1
4504,Danish,15_Danish.mp3,0
4505,Danish,16_Danish.mp3,1
4506,Danish,17_Danish.mp3,0
4507,Danish,18_Danish.mp3,1
4508,Danish,19_Danish.mp3,1
4509,Danish,20_Danish.mp3,0
4510,Danish,21_Danish.mp3,1
4511,Danish,22_Danish.mp3,1
4512,Danish,23_Danish.mp3,0
4513,Danish,24_Danish.mp3,0
4514,Danish,25_Danish.mp3,1
4515,Danish,26_Danish.mp3,1
4516,Danish,27_Danish.mp3,1
4517,Danish,28_Danish.mp3,1
4518,Danish,29_Danish.mp3,1
4519,Danish,30_Danish.mp3,0
4520,Danish,31_Danish.mp3,1
4521,Danish,32_Danish.mp3,0
4522,Danish,33_Danish.mp3,1
4523,Danish,34_Danish.mp3,1
4524,Danish,35_Danish.mp3,1
4525,Danish,36_Danish.mp3,1
4526,Danish,37_Danish.mp3,1
4527,Danish,38_Danish.mp3,1
4528,Danish,39_Danish.mp3,1
4529,Danish,40_Danish.mp3,1
4530,Danish,41_Danish.mp3,1
4531,Danish,42_Danish.mp3,0
4532,Danish,43_Danish.mp3,1
4533,Danish,44_Danish.mp3,1
4534,Danish,45_Danish.mp3,0
4535,Danish,46_Danish.mp3,1
4536,Danish,47_Danish.mp3,1
4537,Danish,48_Danish.mp3,1
4538,Danish,49_Danish.mp3,1
4539,Danish,50_Danish.mp3,1
4540,Danish,51_Danish.mp3,1
4541,Danish,52_Danish.mp3,1
4542,Danish,53_Danish.mp3,0
4543,Danish,54_Danish.mp3,0
4544,Danish,55_Danish.mp3,1
4545,Danish,56_Danish.mp3,0
4546,Danish,57_Danish.mp3,0
4547,Danish,58_Danish.mp3,0
4548,Danish,59_Danish.mp3,0
4549,Danish,60_Danish.mp3,1
4550,Danish,61_Danish.mp3,1
4551,Danish,62_Danish.mp3,1
4552,Danish,63_Danish.mp3,0
4553,Danish,64_Danish.mp3,1
4554,Danish,65_Danish.mp3,0
4555,Danish,66_Danish.mp3,1
4556,Danish,67_Danish.mp3,0
4557,Danish,68_Danish.mp3,1
4558,Danish,69_Danish.mp3,0
4559,Danish,70_Danish.mp3,1
4560,Danish,71_Danish.mp3,1
4561,Danish,72_Danish.mp3,0
4562,Danish,73_Danish.mp3,1
4563,Danish,74_Danish.mp3,1
4564,Danish,75_Danish.mp3,0
4565,Danish,76_Danish.mp3,1
4566,Danish,77_Danish.mp3,1
4567,Danish,78_Danish.mp3,1
4568,Danish,79_Danish.mp3,0
4569,Danish,80_Danish.mp3,1
4570,Danish,81_Danish.mp3,1
4571,Danish,82_Danish.mp3,1
4572,Danish,83_Danish.mp3,0
4573,Danish,84_Danish.mp3,0
4574,Danish,85_Danish.mp3,0
4575,Danish,86_Danish.mp3,0
4576,Danish,87_Danish.mp3,0
4577,Danish,88_Danish.mp3,0
4578,Danish,89_Danish.mp3,0
4579,Danish,90_Danish.mp3,1
4580,Danish,91_Danish.mp3,1
4581,Danish,92_Danish.mp3,1
4582,Danish,93_Danish.mp3,1
4583,Danish,94_Danish.mp3,0
4584,Danish,95_Danish.mp3,1
4585,Danish,96_Danish.mp3,0
4586,Danish,97_Danish.mp3,1
4587,Danish,98_Danish.mp3,1
4588,Danish,99_Danish.mp3,0
4589,Danish,100_Danish.mp3,1
4590,Danish,101_Danish.mp3,0
4591,Danish,102_Danish.mp3,1
4592,Danish,103_Danish.mp3,0
4593,Danish,104_Danish.mp3,0
4594,Danish,105_Danish.mp3,1
4595,Danish,106_Danish.mp3,1
4596,Danish,107_Danish.mp3,0
4597,Danish,108_Danish.mp3,0
4598,Danish,109_Danish.mp3,1
4599,Danish,110_Danish.mp3,0
4600,Danish,111_Danish.mp3,1
4601,Danish,112_Danish.mp3,0
4602,Danish,113_Danish.mp3,0
4603,Danish,114_Danish.mp3,0
4604,Danish,115_Danish.mp3,1
4605,Danish,116_Danish.mp3,0
4606,Danish,117_Danish.mp3,1
4607,Danish,118_Danish.mp3,0
4608,Danish,119_Danish.mp3,1
4609,Danish,120_Danish.mp3,0
4610,Danish,121_Danish.mp3,0
4611,Danish,122_Danish.mp3,0
4612,Danish,123_Danish.mp3,1
4613,Danish,124_Danish.mp3,1
4614,Danish,125_Danish.mp3,0
4615,Danish,126_Danish.mp3,0
4616,Danish,127_Danish.mp3,1
4617,Danish,128_Danish.mp3,1
4618,Danish,129_Danish.mp3,0
4619,Danish,130_Danish.mp3,0
4620,Danish,131_Danish.mp3,0
4621,Danish,132_Danish.mp3,1
4622,Danish,133_Danish.mp3,1
4623,Danish,134_Danish.mp3,1
4624,Danish,135_Danish.mp3,0
4625,Danish,136_Danish.mp3,1
4626,Danish,137_Danish.mp3,1
4627,Danish,138_Danish.mp3,0
4628,Danish,139_Danish.mp3,1
4629,Danish,140_Danish.mp3,1
4630,Danish,141_Danish.mp3,1
4631,Danish,142_Danish.mp3,1
4632,Danish,143_Danish.mp3,1
4633,Danish,144_Danish.mp3,0
4634,Danish,145_Danish.mp3,0
4635,Danish,146_Danish.mp3,1
4636,Danish,147_Danish.mp3,1
4637,Danish,148_Danish.mp3,0
4638,Danish,149_Danish.mp3,0
4639,Danish,150_Danish.mp3,1
4640,Danish,151_Danish.mp3,0
4641,Danish,152_Danish.mp3,1
4642,Danish,153_Danish.mp3,1
4643,Danish,154_Danish.mp3,1
4644,Danish,155_Danish.mp3,1
4645,Danish,156_Danish.mp3,1
4646,Danish,157_Danish.mp3,1
4647,Danish,158_Danish.mp3,1
4648,Danish,159_Danish.mp3,0
4649,Danish,160_Danish.mp3,1
4650,Danish,161_Danish.mp3,0
4651,Danish,162_Danish.mp3,1
4652,Danish,163_Danish.mp3,0
4653,Danish,164_Danish.mp3,1
4654,Danish,165_Danish.mp3,1
4655,Danish,166_Danish.mp3,0
4656,Danish,167_Danish.mp3,0
4657,Danish,168_Danish.mp3,1
4658,Danish,169_Danish.mp3,1
4659,Danish,170_Danish.mp3,1
4660,Danish,171_Danish.mp3,1
4661,Danish,172_Danish.mp3,1
4662,Danish,173_Danish.mp3,1
4663,Danish,174_Danish.mp3,1
4664,Danish,175_Danish.mp3,0
4665,Danish,176_Danish.mp3,0
4666,Danish,177_Danish.mp3,0
4667,Danish,178_Danish.mp3,0
4668,Danish,179_Danish.mp3,1
4669,Danish,180_Danish.mp3,0
4670,Danish,181_Danish.mp3,1
4671,Danish,182_Danish.mp3,0
4672,Danish,183_Danish.mp3,1
4673,Danish,184_Danish.mp3,1
4674,Danish,185_Danish.mp3,1
4675,Danish,186_Danish.mp3,1
4676,Danish,187_Danish.mp3,1
4677,Danish,188_Danish.mp3,1
4678,Danish,189_Danish.mp3,0
4679,Danish,190_Danish.mp3,1
4680,Danish,191_Danish.mp3,1
4681,Danish,192_Danish.mp3,0
4682,Danish,193_Danish.mp3,1
4683,Danish,194_Danish.mp3,1
4684,Danish,195_Danish.mp3,1
4685,Danish,196_Danish.mp3,0
4686,Danish,197_Danish.mp3,1
4687,Danish,198_Danish.mp3,1
4688,Danish,199_Danish.mp3,1
4689,Danish,200_Danish.mp3,1
4690,Danish,201_Danish.mp3,0
4691,Danish,202_Danish.mp3,1
4692,Danish,203_Danish.mp3,0
4693,Danish,204_Danish.mp3,1
4694,Danish,205_Danish.mp3,1
4695,Danish,206_Danish.mp3,1
4696,Danish,207_Danish.mp3,1
4697,Danish,208_Danish.mp3,0
4698,Danish,209_Danish.mp3,1
4699,Danish,210_Danish.mp3,1
4700,Danish,211_Danish.mp3,0
4701,Danish,212_Danish.mp3,1
4702,Danish,213_Danish.mp3,1
4703,Danish,214_Danish.mp3,0
4704,Danish,215_Danish.mp3,1
4705,Danish,216_Danish.mp3,1
4706,Danish,217_Danish.mp3,1
4707,Danish,218_Danish.mp3,1
4708,Danish,219_Danish.mp3,1
4709,Danish,220_Danish.mp3,1
4710,Danish,221_Danish.mp3,1
4711,Danish,222_Danish.mp3,0
4712,Danish,223_Danish.mp3,1
4713,Danish,224_Danish.mp3,1
4714,Danish,225_Danish.mp3,0
4715,Danish,226_Danish.mp3,0
4716,Danish,227_Danish.mp3,1
4717,Danish,228_Danish.mp3,0
4718,Danish,229_Danish.mp3,0
4719,Danish,230_Danish.mp3,0
4720,Danish,231_Danish.mp3,1
4721,Danish,232_Danish.mp3,1
4722,Danish,233_Danish.mp3,1
4723,Danish,234_Danish.mp3,0
4724,Danish,235_Danish.mp3,1
4725,Danish,236_Danish.mp3,0
4726,Danish,237_Danish.mp3,1
4727,Danish,238_Danish.mp3,1
4728,Danish,239_Danish.mp3,0
4729,Danish,240_Danish.mp3,0
4730,Danish,241_Danish.mp3,1
4731,Danish,242_Danish.mp3,1
4732,Danish,243_Danish.mp3,0
4733,Danish,244_Danish.mp3,1
4734,Danish,245_Danish.mp3,1
4735,Danish,246_Danish.mp3,0
4736,Danish,247_Danish.mp3,0
4737,Danish,248_Danish.mp3,0
4738,Danish,249_Danish.mp3,1
4739,Danish,250_Danish.mp3,0
4740,Danish,251_Danish.mp3,0
4741,Danish,252_Danish.mp3,1
4742,Danish,253_Danish.mp3,0
4743,Danish,254_Danish.mp3,1
4744,Danish,255_Danish.mp3,1
4745,Danish,256_Danish.mp3,0
4746,Danish,257_Danish.mp3,0
4747,Danish,258_Danish.mp3,0
4748,Danish,259_Danish.mp3,1
4749,Danish,260_Danish.mp3,1
4750,Danish,261_Danish.mp3,1
4751,Danish,262_Danish.mp3,1
4752,Danish,263_Danish.mp3,1
4753,Danish,264_Danish.mp3,0
4754,Danish,265_Danish.mp3,0
4755,Danish,266_Danish.mp3,0
4756,Danish,267_Danish.mp3,1
4757,Danish,268_Danish.mp3,1
4758,Danish,269_Danish.mp3,1
4759,Danish,270_Danish.mp3,1
4760,Dutch,1_Dutch.mp3,0
4761,Dutch,2_Dutch.mp3,0
4762,Dutch,3_Dutch.mp3,1
4763,Dutch,4_Dutch.mp3,1
4764,Dutch,5_Dutch.mp3,0
4765,Dutch,6_Dutch.mp3,0
4766,Dutch,7_Dutch.mp3,0
4767,Dutch,8_Dutch.mp3,0
4768,Dutch,9_Dutch.mp3,0
4769,Dutch,10_Dutch.mp3,0
4770,Dutch,11_Dutch.mp3,0
4771,Dutch,12_Dutch.mp3,0
4772,Dutch,13_Dutch.mp3,1
4773,Dutch,14_Dutch.mp3,0
4774,Dutch,15_Dutch.mp3,1
4775,Dutch,16_Dutch.mp3,1
4776,Dutch,17_Dutch.mp3,1
4777,Dutch,18_Dutch.mp3,1
4778,Dutch,19_Dutch.mp3,1
4779,Dutch,20_Dutch.mp3,0
4780,Dutch,21_Dutch.mp3,1
4781,Dutch,22_Dutch.mp3,0
4782,Dutch,23_Dutch.mp3,0
4783,Dutch,24_Dutch.mp3,1
4784,Dutch,25_Dutch.mp3,1
4785,Dutch,26_Dutch.mp3,0
4786,Dutch,27_Dutch.mp3,1
4787,Dutch,28_Dutch.mp3,0
4788,Dutch,29_Dutch.mp3,1
4789,Dutch,30_Dutch.mp3,1
4790,Dutch,31_Dutch.mp3,1
4791,Dutch,32_Dutch.mp3,0
4792,Dutch,33_Dutch.mp3,1
4793,Dutch,34_Dutch.mp3,1
4794,Dutch,35_Dutch.mp3,0
4795,Dutch,36_Dutch.mp3,0
4796,Dutch,37_Dutch.mp3,0
4797,Dutch,38_Dutch.mp3,1
4798,Dutch,39_Dutch.mp3,1
4799,Dutch,40_Dutch.mp3,1
4800,Dutch,41_Dutch.mp3,0
4801,Dutch,42_Dutch.mp3,1
4802,Dutch,43_Dutch.mp3,0
4803,Dutch,44_Dutch.mp3,1
4804,Dutch,45_Dutch.mp3,0
4805,Dutch,46_Dutch.mp3,1
4806,Dutch,47_Dutch.mp3,1
4807,Dutch,48_Dutch.mp3,0
4808,Dutch,49_Dutch.mp3,0
4809,Dutch,50_Dutch.mp3,1
4810,Dutch,51_Dutch.mp3,1
4811,Dutch,52_Dutch.mp3,1
4812,Dutch,53_Dutch.mp3,1
4813,Dutch,54_Dutch.mp3,0
4814,Dutch,55_Dutch.mp3,1
4815,Dutch,56_Dutch.mp3,1
4816,Dutch,57_Dutch.mp3,1
4817,Dutch,58_Dutch.mp3,0
4818,Dutch,59_Dutch.mp3,1
4819,Dutch,60_Dutch.mp3,1
4820,Dutch,61_Dutch.mp3,1
4821,Dutch,62_Dutch.mp3,1
4822,Dutch,63_Dutch.mp3,1
4823,Dutch,64_Dutch.mp3,1
4824,Dutch,65_Dutch.mp3,1
4825,Dutch,66_Dutch.mp3,0
4826,Dutch,67_Dutch.mp3,0
4827,Dutch,68_Dutch.mp3,1
4828,Dutch,69_Dutch.mp3,0
4829,Dutch,70_Dutch.mp3,1
4830,Dutch,71_Dutch.mp3,0
4831,Dutch,72_Dutch.mp3,1
4832,Dutch,73_Dutch.mp3,0
4833,Dutch,74_Dutch.mp3,1
4834,Dutch,75_Dutch.mp3,0
4835,Dutch,76_Dutch.mp3,0
4836,Dutch,77_Dutch.mp3,0
4837,Dutch,78_Dutch.mp3,1
4838,Dutch,79_Dutch.mp3,1
4839,Dutch,80_Dutch.mp3,0
4840,Dutch,81_Dutch.mp3,1
4841,Dutch,82_Dutch.mp3,0
4842,Dutch,83_Dutch.mp3,0
4843,Dutch,84_Dutch.mp3,0
4844,Dutch,85_Dutch.mp3,0
4845,Dutch,86_Dutch.mp3,1
4846,Dutch,87_Dutch.mp3,1
4847,Dutch,88_Dutch.mp3,0
4848,Dutch,89_Dutch.mp3,0
4849,Dutch,90_Dutch.mp3,0
4850,Dutch,91_Dutch.mp3,0
4851,Dutch,92_Dutch.mp3,0
4852,Dutch,93_Dutch.mp3,0
4853,Dutch,94_Dutch.mp3,1
4854,Dutch,95_Dutch.mp3,1
4855,Dutch,96_Dutch.mp3,1
4856,Dutch,97_Dutch.mp3,0
4857,Dutch,98_Dutch.mp3,0
4858,Dutch,99_Dutch.mp3,1
4859,Dutch,100_Dutch.mp3,1
4860,Dutch,101_Dutch.mp3,1
4861,Dutch,102_Dutch.mp3,1
4862,Dutch,103_Dutch.mp3,1
4863,Dutch,104_Dutch.mp3,0
4864,Dutch,105_Dutch.mp3,1
4865,Dutch,106_Dutch.mp3,0
4866,Dutch,107_Dutch.mp3,0
4867,Dutch,108_Dutch.mp3,1
4868,Dutch,109_Dutch.mp3,1
4869,Dutch,110_Dutch.mp3,1
4870,Dutch,111_Dutch.mp3,0
4871,Dutch,112_Dutch.mp3,1
4872,Dutch,113_Dutch.mp3,1
4873,Dutch,114_Dutch.mp3,0
4874,Dutch,115_Dutch.mp3,1
4875,Dutch,116_Dutch.mp3,1
4876,Dutch,117_Dutch.mp3,0
4877,Dutch,118_Dutch.mp3,1
4878,Dutch,119_Dutch.mp3,1
4879,Dutch,120_Dutch.mp3,1
4880,Dutch,121_Dutch.mp3,1
4881,Dutch,122_Dutch.mp3,1
4882,Dutch,123_Dutch.mp3,1
4883,Dutch,124_Dutch.mp3,0
4884,Dutch,125_Dutch.mp3,0
4885,Dutch,126_Dutch.mp3,1
4886,Dutch,127_Dutch.mp3,0
4887,Dutch,128_Dutch.mp3,0
4888,Dutch,129_Dutch.mp3,1
4889,Dutch,130_Dutch.mp3,1
4890,Dutch,131_Dutch.mp3,1
4891,Dutch,132_Dutch.mp3,1
4892,Dutch,133_Dutch.mp3,1
4893,Dutch,134_Dutch.mp3,1
4894,Dutch,135_Dutch.mp3,0
4895,Dutch,136_Dutch.mp3,0
4896,Dutch,137_Dutch.mp3,1
4897,Dutch,138_Dutch.mp3,0
4898,Dutch,139_Dutch.mp3,1
4899,Dutch,140_Dutch.mp3,0
4900,Dutch,141_Dutch.mp3,0
4901,Dutch,142_Dutch.mp3,0
4902,Dutch,143_Dutch.mp3,0
4903,Dutch,144_Dutch.mp3,0
4904,Dutch,145_Dutch.mp3,1
4905,Dutch,146_Dutch.mp3,0
4906,Dutch,147_Dutch.mp3,0
4907,Dutch,148_Dutch.mp3,0
4908,Dutch,149_Dutch.mp3,0
4909,Dutch,150_Dutch.mp3,1
4910,Dutch,151_Dutch.mp3,1
4911,Dutch,152_Dutch.mp3,1
4912,Dutch,153_Dutch.mp3,1
4913,Dutch,154_Dutch.mp3,0
4914,Dutch,155_Dutch.mp3,1
4915,Dutch,156_Dutch.mp3,1
4916,Dutch,157_Dutch.mp3,1
4917,Dutch,158_Dutch.mp3,1
4918,Dutch,159_Dutch.mp3,0
4919,Dutch,160_Dutch.mp3,1
4920,Dutch,161_Dutch.mp3,1
4921,Dutch,162_Dutch.mp3,0
4922,Dutch,163_Dutch.mp3,1
4923,Dutch,164_Dutch.mp3,0
4924,Dutch,165_Dutch.mp3,0
4925,Dutch,166_Dutch.mp3,0
4926,Dutch,167_Dutch.mp3,0
4927,Dutch,168_Dutch.mp3,1
4928,Dutch,169_Dutch.mp3,0
4929,Dutch,170_Dutch.mp3,1
4930,Dutch,171_Dutch.mp3,1
4931,Dutch,172_Dutch.mp3,0
4932,Dutch,173_Dutch.mp3,0
4933,Dutch,174_Dutch.mp3,1
4934,Dutch,175_Dutch.mp3,1
4935,Dutch,176_Dutch.mp3,0
4936,Dutch,177_Dutch.mp3,1
4937,Dutch,178_Dutch.mp3,1
4938,Dutch,179_Dutch.mp3,0
4939,Dutch,180_Dutch.mp3,0
4940,Dutch,181_Dutch.mp3,0
4941,Dutch,182_Dutch.mp3,0
4942,Dutch,183_Dutch.mp3,1
4943,Dutch,184_Dutch.mp3,0
4944,Dutch,185_Dutch.mp3,1
4945,Dutch,186_Dutch.mp3,1
4946,Dutch,187_Dutch.mp3,1
4947,Dutch,188_Dutch.mp3,1
4948,Dutch,189_Dutch.mp3,0
4949,Dutch,190_Dutch.mp3,1
4950,Dutch,191_Dutch.mp3,1
4951,Dutch,192_Dutch.mp3,1
4952,Dutch,193_Dutch.mp3,1
4953,Dutch,194_Dutch.mp3,0
4954,Dutch,195_Dutch.mp3,1
4955,Dutch,196_Dutch.mp3,0
4956,Dutch,197_Dutch.mp3,0
4957,Dutch,198_Dutch.mp3,1
4958,Dutch,199_Dutch.mp3,0
4959,Dutch,200_Dutch.mp3,0
4960,Dutch,201_Dutch.mp3,1
4961,Dutch,202_Dutch.mp3,1
4962,Dutch,203_Dutch.mp3,1
4963,Dutch,204_Dutch.mp3,1
4964,Dutch,205_Dutch.mp3,1
4965,Dutch,206_Dutch.mp3,1
4966,Dutch,207_Dutch.mp3,1
4967,Dutch,208_Dutch.mp3,1
4968,Dutch,209_Dutch.mp3,1
4969,Dutch,210_Dutch.mp3,1
4970,Dutch,211_Dutch.mp3,1
4971,Dutch,212_Dutch.mp3,0
4972,Dutch,213_Dutch.mp3,0
4973,Dutch,214_Dutch.mp3,0
4974,Dutch,215_Dutch.mp3,1
4975,Dutch,216_Dutch.mp3,1
4976,Dutch,217_Dutch.mp3,1
4977,Dutch,218_Dutch.mp3,0
4978,Dutch,219_Dutch.mp3,0
4979,Dutch,220_Dutch.mp3,0
4980,Dutch,221_Dutch.mp3,0
4981,Dutch,222_Dutch.mp3,1
4982,Dutch,223_Dutch.mp3,1
4983,Dutch,224_Dutch.mp3,0
4984,Dutch,225_Dutch.mp3,0
4985,Dutch,226_Dutch.mp3,1
4986,Dutch,227_Dutch.mp3,1
4987,Dutch,228_Dutch.mp3,1
4988,Dutch,229_Dutch.mp3,1
4989,Dutch,230_Dutch.mp3,0
4990,Dutch,231_Dutch.mp3,1
4991,Dutch,232_Dutch.mp3,1
4992,Dutch,233_Dutch.mp3,0
4993,Dutch,234_Dutch.mp3,1
4994,Dutch,235_Dutch.mp3,1
4995,Dutch,236_Dutch.mp3,1
4996,Dutch,237_Dutch.mp3,1
4997,Dutch,238_Dutch.mp3,1
4998,Dutch,239_Dutch.mp3,0
4999,Dutch,240_Dutch.mp3,0
5000,Dutch,241_Dutch.mp3,1
5001,Dutch,242_Dutch.mp3,0
5002,Dutch,243_Dutch.mp3,1
5003,Dutch,244_Dutch.mp3,0
5004,Dutch,245_Dutch.mp3,1
5005,Dutch,246_Dutch.mp3,1
5006,Dutch,247_Dutch.mp3,0
5007,Dutch,248_Dutch.mp3,1
5008,Dutch,249_Dutch.mp3,1
5009,Dutch,250_Dutch.mp3,1
5010,Dutch,251_Dutch.mp3,0
5011,Dutch,252_Dutch.mp3,0
5012,Dutch,253_Dutch.mp3,1
5013,Dutch,254_Dutch.mp3,1
5014,Dutch,255_Dutch.mp3,1
5015,Dutch,256_Dutch.mp3,0
5016,Dutch,257_Dutch.mp3,1
5017,Dutch,258_Dutch.mp3,1
5018,English(Nigeria),1_English(Nigeria).mp3,1
5019,English(Nigeria),2_English(Nigeria).mp3,0
5020,English(Nigeria),3_English(Nigeria).mp3,0
5021,English(Nigeria),4_English(Nigeria).mp3,0
5022,English(Nigeria),5_English(Nigeria).mp3,1
5023,English(Nigeria),6_English(Nigeria).mp3,0
5024,English(Nigeria),7_English(Nigeria).mp3,1
5025,English(Nigeria),8_English(Nigeria).mp3,1
5026,English(Nigeria),9_English(Nigeria).mp3,0
5027,English(Nigeria),10_English(Nigeria).mp3,1
5028,English(Nigeria),11_English(Nigeria).mp3,1
5029,English(Nigeria),12_English(Nigeria).mp3,0
5030,English(Nigeria),13_English(Nigeria).mp3,1
5031,English(Nigeria),14_English(Nigeria).mp3,1
5032,English(Nigeria),15_English(Nigeria).mp3,0
5033,English(Nigeria),16_English(Nigeria).mp3,1
5034,English(Nigeria),17_English(Nigeria).mp3,0
5035,English(Nigeria),18_English(Nigeria).mp3,1
5036,English(Nigeria),19_English(Nigeria).mp3,1
5037,English(Nigeria),20_English(Nigeria).mp3,0
5038,English(Nigeria),21_English(Nigeria).mp3,1
5039,English(Nigeria),22_English(Nigeria).mp3,1
5040,English(Nigeria),23_English(Nigeria).mp3,0
5041,English(Nigeria),24_English(Nigeria).mp3,0
5042,English(Nigeria),25_English(Nigeria).mp3,1
5043,English(Nigeria),26_English(Nigeria).mp3,1
5044,English(Nigeria),27_English(Nigeria).mp3,1
5045,English(Nigeria),28_English(Nigeria).mp3,1
5046,English(Nigeria),29_English(Nigeria).mp3,0
5047,English(Nigeria),30_English(Nigeria).mp3,0
5048,English(Nigeria),31_English(Nigeria).mp3,1
5049,English(Nigeria),32_English(Nigeria).mp3,0
5050,English(Nigeria),33_English(Nigeria).mp3,1
5051,English(Nigeria),34_English(Nigeria).mp3,0
5052,English(Nigeria),35_English(Nigeria).mp3,1
5053,English(Nigeria),36_English(Nigeria).mp3,1
5054,English(Nigeria),37_English(Nigeria).mp3,1
5055,English(Nigeria),38_English(Nigeria).mp3,1
5056,English(Nigeria),39_English(Nigeria).mp3,1
5057,English(Nigeria),40_English(Nigeria).mp3,1
5058,English(Nigeria),41_English(Nigeria).mp3,1
5059,English(Nigeria),42_English(Nigeria).mp3,0
5060,English(Nigeria),43_English(Nigeria).mp3,1
5061,English(Nigeria),44_English(Nigeria).mp3,1
5062,English(Nigeria),45_English(Nigeria).mp3,0
5063,English(Nigeria),46_English(Nigeria).mp3,1
5064,English(Nigeria),47_English(Nigeria).mp3,1
5065,English(Nigeria),48_English(Nigeria).mp3,1
5066,English(Nigeria),49_English(Nigeria).mp3,1
5067,English(Nigeria),50_English(Nigeria).mp3,1
5068,English(Nigeria),51_English(Nigeria).mp3,1
5069,English(Nigeria),52_English(Nigeria).mp3,1
5070,English(Nigeria),53_English(Nigeria).mp3,0
5071,English(Nigeria),54_English(Nigeria).mp3,0
5072,English(Nigeria),55_English(Nigeria).mp3,1
5073,English(Nigeria),56_English(Nigeria).mp3,0
5074,English(Nigeria),57_English(Nigeria).mp3,0
5075,English(Nigeria),58_English(Nigeria).mp3,0
5076,English(Nigeria),59_English(Nigeria).mp3,0
5077,English(Nigeria),60_English(Nigeria).mp3,1
5078,English(Nigeria),61_English(Nigeria).mp3,1
5079,English(Nigeria),62_English(Nigeria).mp3,1
5080,English(Nigeria),63_English(Nigeria).mp3,0
5081,English(Nigeria),64_English(Nigeria).mp3,1
5082,English(Nigeria),65_English(Nigeria).mp3,0
5083,English(Nigeria),66_English(Nigeria).mp3,1
5084,English(Nigeria),67_English(Nigeria).mp3,0
5085,English(Nigeria),68_English(Nigeria).mp3,1
5086,English(Nigeria),69_English(Nigeria).mp3,0
5087,English(Nigeria),70_English(Nigeria).mp3,1
5088,English(Nigeria),71_English(Nigeria).mp3,1
5089,English(Nigeria),72_English(Nigeria).mp3,0
5090,English(Nigeria),73_English(Nigeria).mp3,1
5091,English(Nigeria),74_English(Nigeria).mp3,1
5092,English(Nigeria),75_English(Nigeria).mp3,0
5093,English(Nigeria),76_English(Nigeria).mp3,1
5094,English(Nigeria),77_English(Nigeria).mp3,1
5095,English(Nigeria),78_English(Nigeria).mp3,1
5096,English(Nigeria),79_English(Nigeria).mp3,0
5097,English(Nigeria),80_English(Nigeria).mp3,1
5098,English(Nigeria),81_English(Nigeria).mp3,1
5099,English(Nigeria),82_English(Nigeria).mp3,1
5100,English(Nigeria),83_English(Nigeria).mp3,0
5101,English(Nigeria),84_English(Nigeria).mp3,0
5102,English(Nigeria),85_English(Nigeria).mp3,0
5103,English(Nigeria),86_English(Nigeria).mp3,0
5104,English(Nigeria),87_English(Nigeria).mp3,0
5105,English(Nigeria),88_English(Nigeria).mp3,0
5106,English(Nigeria),89_English(Nigeria).mp3,0
5107,English(Nigeria),90_English(Nigeria).mp3,1
5108,English(Nigeria),91_English(Nigeria).mp3,1
5109,English(Nigeria),92_English(Nigeria).mp3,1
5110,English(Nigeria),93_English(Nigeria).mp3,1
5111,English(Nigeria),94_English(Nigeria).mp3,0
5112,English(Nigeria),95_English(Nigeria).mp3,1
5113,English(Nigeria),96_English(Nigeria).mp3,0
5114,English(Nigeria),97_English(Nigeria).mp3,1
5115,English(Nigeria),98_English(Nigeria).mp3,1
5116,English(Nigeria),99_English(Nigeria).mp3,0
5117,English(Nigeria),100_English(Nigeria).mp3,1
5118,English(Nigeria),101_English(Nigeria).mp3,0
5119,English(Nigeria),102_English(Nigeria).mp3,1
5120,English(Nigeria),103_English(Nigeria).mp3,0
5121,English(Nigeria),104_English(Nigeria).mp3,0
5122,English(Nigeria),105_English(Nigeria).mp3,1
5123,English(Nigeria),106_English(Nigeria).mp3,1
5124,English(Nigeria),107_English(Nigeria).mp3,1
5125,English(Nigeria),108_English(Nigeria).mp3,1
5126,English(Nigeria),109_English(Nigeria).mp3,1
5127,English(Nigeria),110_English(Nigeria).mp3,0
5128,English(Nigeria),111_English(Nigeria).mp3,1
5129,English(Nigeria),112_English(Nigeria).mp3,0
5130,English(Nigeria),113_English(Nigeria).mp3,0
5131,English(Nigeria),114_English(Nigeria).mp3,0
5132,English(Nigeria),115_English(Nigeria).mp3,1
5133,English(Nigeria),116_English(Nigeria).mp3,0
5134,English(Nigeria),117_English(Nigeria).mp3,1
5135,English(Nigeria),118_English(Nigeria).mp3,0
5136,English(Nigeria),119_English(Nigeria).mp3,1
5137,English(Nigeria),120_English(Nigeria).mp3,0
5138,English(Nigeria),121_English(Nigeria).mp3,0
5139,English(Nigeria),122_English(Nigeria).mp3,1
5140,English(Nigeria),123_English(Nigeria).mp3,1
5141,English(Nigeria),124_English(Nigeria).mp3,1
5142,English(Nigeria),125_English(Nigeria).mp3,0
5143,English(Nigeria),126_English(Nigeria).mp3,0
5144,English(Nigeria),127_English(Nigeria).mp3,1
5145,English(Nigeria),128_English(Nigeria).mp3,1
5146,English(Nigeria),129_English(Nigeria).mp3,0
5147,English(Nigeria),130_English(Nigeria).mp3,0
5148,English(Nigeria),131_English(Nigeria).mp3,0
5149,English(Nigeria),132_English(Nigeria).mp3,0
5150,English(Nigeria),133_English(Nigeria).mp3,1
5151,English(Nigeria),134_English(Nigeria).mp3,1
5152,English(Nigeria),135_English(Nigeria).mp3,0
5153,English(Nigeria),136_English(Nigeria).mp3,1
5154,English(Nigeria),137_English(Nigeria).mp3,1
5155,English(Nigeria),138_English(Nigeria).mp3,0
5156,English(Nigeria),139_English(Nigeria).mp3,1
5157,English(Nigeria),140_English(Nigeria).mp3,1
5158,English(Nigeria),141_English(Nigeria).mp3,1
5159,English(Nigeria),142_English(Nigeria).mp3,1
5160,English(Nigeria),143_English(Nigeria).mp3,1
5161,English(Nigeria),144_English(Nigeria).mp3,0
5162,English(Nigeria),145_English(Nigeria).mp3,0
5163,English(Nigeria),146_English(Nigeria).mp3,1
5164,English(Nigeria),147_English(Nigeria).mp3,1
5165,English(Nigeria),148_English(Nigeria).mp3,0
5166,English(Nigeria),149_English(Nigeria).mp3,0
5167,English(Nigeria),150_English(Nigeria).mp3,1
5168,English(Nigeria),151_English(Nigeria).mp3,0
5169,English(Nigeria),152_English(Nigeria).mp3,1
5170,English(Nigeria),153_English(Nigeria).mp3,1
5171,English(Nigeria),154_English(Nigeria).mp3,1
5172,English(Nigeria),155_English(Nigeria).mp3,1
5173,English(Nigeria),156_English(Nigeria).mp3,1
5174,English(Nigeria),157_English(Nigeria).mp3,1
5175,English(Nigeria),158_English(Nigeria).mp3,1
5176,English(Nigeria),159_English(Nigeria).mp3,0
5177,English(Nigeria),160_English(Nigeria).mp3,1
5178,English(Nigeria),161_English(Nigeria).mp3,1
5179,English(Nigeria),162_English(Nigeria).mp3,0
5180,English(Nigeria),163_English(Nigeria).mp3,0
5181,English(Nigeria),164_English(Nigeria).mp3,1
5182,English(Nigeria),165_English(Nigeria).mp3,1
5183,English(Nigeria),166_English(Nigeria).mp3,0
5184,English(Nigeria),167_English(Nigeria).mp3,0
5185,English(Nigeria),168_English(Nigeria).mp3,1
5186,English(Nigeria),169_English(Nigeria).mp3,1
5187,English(Nigeria),170_English(Nigeria).mp3,1
5188,English(Nigeria),171_English(Nigeria).mp3,1
5189,English(Nigeria),172_English(Nigeria).mp3,1
5190,English(Nigeria),173_English(Nigeria).mp3,1
5191,English(Nigeria),174_English(Nigeria).mp3,1
5192,English(Nigeria),175_English(Nigeria).mp3,0
5193,English(Nigeria),176_English(Nigeria).mp3,0
5194,English(Nigeria),177_English(Nigeria).mp3,0
5195,English(Nigeria),178_English(Nigeria).mp3,0
5196,English(Nigeria),179_English(Nigeria).mp3,1
5197,English(Nigeria),180_English(Nigeria).mp3,0
5198,English(Nigeria),181_English(Nigeria).mp3,1
5199,English(Nigeria),182_English(Nigeria).mp3,0
5200,English(Nigeria),183_English(Nigeria).mp3,0
5201,English(Nigeria),184_English(Nigeria).mp3,1
5202,English(Nigeria),185_English(Nigeria).mp3,1
5203,English(Nigeria),186_English(Nigeria).mp3,1
5204,English(Nigeria),187_English(Nigeria).mp3,1
5205,English(Nigeria),188_English(Nigeria).mp3,1
5206,English(Nigeria),189_English(Nigeria).mp3,0
5207,English(Nigeria),190_English(Nigeria).mp3,1
5208,English(Nigeria),191_English(Nigeria).mp3,1
5209,English(Nigeria),192_English(Nigeria).mp3,0
5210,English(Nigeria),193_English(Nigeria).mp3,1
5211,English(Nigeria),194_English(Nigeria).mp3,1
5212,English(Nigeria),195_English(Nigeria).mp3,1
5213,English(Nigeria),196_English(Nigeria).mp3,0
5214,English(Nigeria),197_English(Nigeria).mp3,1
5215,English(Nigeria),198_English(Nigeria).mp3,0
5216,English(Nigeria),199_English(Nigeria).mp3,1
5217,English(Nigeria),200_English(Nigeria).mp3,1
5218,English(Nigeria),201_English(Nigeria).mp3,0
5219,English(Nigeria),202_English(Nigeria).mp3,1
5220,English(Nigeria),203_English(Nigeria).mp3,0
5221,English(Nigeria),204_English(Nigeria).mp3,1
5222,English(Nigeria),205_English(Nigeria).mp3,1
5223,English(Nigeria),206_English(Nigeria).mp3,0
5224,English(Nigeria),207_English(Nigeria).mp3,1
5225,English(Nigeria),208_English(Nigeria).mp3,0
5226,English(Nigeria),209_English(Nigeria).mp3,1
5227,English(Nigeria),210_English(Nigeria).mp3,0
5228,English(Nigeria),211_English(Nigeria).mp3,0
5229,English(Nigeria),212_English(Nigeria).mp3,1
5230,English(Nigeria),213_English(Nigeria).mp3,1
5231,English(Nigeria),214_English(Nigeria).mp3,0
5232,English(Nigeria),215_English(Nigeria).mp3,1
5233,English(Nigeria),216_English(Nigeria).mp3,1
5234,English(Nigeria),217_English(Nigeria).mp3,1
5235,English(Nigeria),218_English(Nigeria).mp3,1
5236,English(Nigeria),219_English(Nigeria).mp3,1
5237,English(Nigeria),220_English(Nigeria).mp3,1
5238,English(Nigeria),221_English(Nigeria).mp3,1
5239,English(Nigeria),222_English(Nigeria).mp3,0
5240,English(Nigeria),223_English(Nigeria).mp3,1
5241,English(Nigeria),224_English(Nigeria).mp3,1
5242,English(Nigeria),225_English(Nigeria).mp3,0
5243,English(Nigeria),226_English(Nigeria).mp3,1
5244,English(Nigeria),227_English(Nigeria).mp3,1
5245,English(Nigeria),228_English(Nigeria).mp3,0
5246,English(Nigeria),229_English(Nigeria).mp3,0
5247,English(Nigeria),230_English(Nigeria).mp3,0
5248,English(Nigeria),231_English(Nigeria).mp3,1
5249,English(Nigeria),232_English(Nigeria).mp3,1
5250,English(Nigeria),233_English(Nigeria).mp3,1
5251,English(Nigeria),234_English(Nigeria).mp3,0
5252,English(Nigeria),235_English(Nigeria).mp3,1
5253,English(Nigeria),236_English(Nigeria).mp3,0
5254,English(Nigeria),237_English(Nigeria).mp3,1
5255,English(Nigeria),238_English(Nigeria).mp3,1
5256,English(Nigeria),239_English(Nigeria).mp3,0
5257,English(Nigeria),240_English(Nigeria).mp3,0
5258,English(Nigeria),241_English(Nigeria).mp3,1
5259,English(Nigeria),242_English(Nigeria).mp3,1
5260,English(Nigeria),243_English(Nigeria).mp3,0
5261,English(Nigeria),244_English(Nigeria).mp3,1
5262,English(Nigeria),245_English(Nigeria).mp3,0
5263,English(Nigeria),246_English(Nigeria).mp3,0
5264,English(Nigeria),247_English(Nigeria).mp3,0
5265,English(Nigeria),248_English(Nigeria).mp3,0
5266,English(Nigeria),249_English(Nigeria).mp3,1
5267,English(Nigeria),250_English(Nigeria).mp3,0
5268,English(Nigeria),251_English(Nigeria).mp3,0
5269,English(Nigeria),252_English(Nigeria).mp3,1
5270,English(Nigeria),253_English(Nigeria).mp3,0
5271,English(Nigeria),254_English(Nigeria).mp3,0
5272,English(Nigeria),255_English(Nigeria).mp3,1
5273,English(Nigeria),256_English(Nigeria).mp3,1
5274,English(Nigeria),257_English(Nigeria).mp3,0
5275,English(Nigeria),258_English(Nigeria).mp3,0
5276,English(Nigeria),259_English(Nigeria).mp3,1
5277,English(Nigeria),260_English(Nigeria).mp3,0
5278,English(Nigeria),261_English(Nigeria).mp3,1
5279,English(Nigeria),262_English(Nigeria).mp3,1
5280,English(Nigeria),263_English(Nigeria).mp3,1
5281,English(Nigeria),264_English(Nigeria).mp3,0
5282,English(Nigeria),265_English(Nigeria).mp3,0
5283,English(Nigeria),266_English(Nigeria).mp3,0
5284,English(Nigeria),267_English(Nigeria).mp3,1
5285,English(Nigeria),268_English(Nigeria).mp3,0
5286,English(Nigeria),269_English(Nigeria).mp3,1
5287,English(Nigeria),270_English(Nigeria).mp3,1
5288,English(United Kingdom),1_English(United Kingdom).mp3,1
5289,English(United Kingdom),2_English(United Kingdom).mp3,1
5290,English(United Kingdom),3_English(United Kingdom).mp3,0
5291,English(United Kingdom),4_English(United Kingdom).mp3,0
5292,English(United Kingdom),5_English(United Kingdom).mp3,0
5293,English(United Kingdom),6_English(United Kingdom).mp3,1
5294,English(United Kingdom),7_English(United Kingdom).mp3,0
5295,English(United Kingdom),8_English(United Kingdom).mp3,1
5296,English(United Kingdom),9_English(United Kingdom).mp3,1
5297,English(United Kingdom),10_English(United Kingdom).mp3,1
5298,English(United Kingdom),11_English(United Kingdom).mp3,0
5299,English(United Kingdom),12_English(United Kingdom).mp3,1
5300,English(United Kingdom),13_English(United Kingdom).mp3,1
5301,English(United Kingdom),14_English(United Kingdom).mp3,1
5302,English(United Kingdom),15_English(United Kingdom).mp3,0
5303,English(United Kingdom),16_English(United Kingdom).mp3,0
5304,English(United Kingdom),17_English(United Kingdom).mp3,1
5305,English(United Kingdom),18_English(United Kingdom).mp3,0
5306,English(United Kingdom),19_English(United Kingdom).mp3,1
5307,English(United Kingdom),20_English(United Kingdom).mp3,0
5308,English(United Kingdom),21_English(United Kingdom).mp3,1
5309,English(United Kingdom),22_English(United Kingdom).mp3,1
5310,English(United Kingdom),23_English(United Kingdom).mp3,0
5311,English(United Kingdom),24_English(United Kingdom).mp3,0
5312,English(United Kingdom),25_English(United Kingdom).mp3,1
5313,English(United Kingdom),26_English(United Kingdom).mp3,1
5314,English(United Kingdom),27_English(United Kingdom).mp3,0
5315,English(United Kingdom),28_English(United Kingdom).mp3,1
5316,English(United Kingdom),29_English(United Kingdom).mp3,0
5317,English(United Kingdom),30_English(United Kingdom).mp3,0
5318,English(United Kingdom),31_English(United Kingdom).mp3,0
5319,English(United Kingdom),32_English(United Kingdom).mp3,1
5320,English(United Kingdom),33_English(United Kingdom).mp3,1
5321,English(United Kingdom),34_English(United Kingdom).mp3,1
5322,English(United Kingdom),35_English(United Kingdom).mp3,1
5323,English(United Kingdom),36_English(United Kingdom).mp3,0
5324,English(United Kingdom),37_English(United Kingdom).mp3,0
5325,English(United Kingdom),38_English(United Kingdom).mp3,0
5326,English(United Kingdom),39_English(United Kingdom).mp3,0
5327,English(United Kingdom),40_English(United Kingdom).mp3,0
5328,English(United Kingdom),41_English(United Kingdom).mp3,1
5329,English(United Kingdom),42_English(United Kingdom).mp3,0
5330,English(United Kingdom),43_English(United Kingdom).mp3,0
5331,English(United Kingdom),44_English(United Kingdom).mp3,1
5332,English(United Kingdom),45_English(United Kingdom).mp3,1
5333,English(United Kingdom),46_English(United Kingdom).mp3,0
5334,English(United Kingdom),47_English(United Kingdom).mp3,0
5335,English(United Kingdom),48_English(United Kingdom).mp3,1
5336,English(United Kingdom),49_English(United Kingdom).mp3,1
5337,English(United Kingdom),50_English(United Kingdom).mp3,1
5338,English(United Kingdom),51_English(United Kingdom).mp3,1
5339,English(United Kingdom),52_English(United Kingdom).mp3,0
5340,English(United Kingdom),53_English(United Kingdom).mp3,0
5341,English(United Kingdom),54_English(United Kingdom).mp3,0
5342,English(United Kingdom),55_English(United Kingdom).mp3,0
5343,English(United Kingdom),56_English(United Kingdom).mp3,0
5344,English(United Kingdom),57_English(United Kingdom).mp3,0
5345,English(United Kingdom),58_English(United Kingdom).mp3,1
5346,English(United Kingdom),59_English(United Kingdom).mp3,1
5347,English(United Kingdom),60_English(United Kingdom).mp3,1
5348,English(United Kingdom),61_English(United Kingdom).mp3,1
5349,English(United Kingdom),62_English(United Kingdom).mp3,0
5350,English(United Kingdom),63_English(United Kingdom).mp3,1
5351,English(United Kingdom),64_English(United Kingdom).mp3,1
5352,English(United Kingdom),65_English(United Kingdom).mp3,0
5353,English(United Kingdom),66_English(United Kingdom).mp3,0
5354,English(United Kingdom),67_English(United Kingdom).mp3,0
5355,English(United Kingdom),68_English(United Kingdom).mp3,1
5356,English(United Kingdom),69_English(United Kingdom).mp3,0
5357,English(United Kingdom),70_English(United Kingdom).mp3,1
5358,English(United Kingdom),71_English(United Kingdom).mp3,0
5359,English(United Kingdom),72_English(United Kingdom).mp3,1
5360,English(United Kingdom),73_English(United Kingdom).mp3,0
5361,English(United Kingdom),74_English(United Kingdom).mp3,0
5362,English(United Kingdom),75_English(United Kingdom).mp3,1
5363,English(United Kingdom),76_English(United Kingdom).mp3,0
5364,English(United Kingdom),77_English(United Kingdom).mp3,1
5365,English(United Kingdom),78_English(United Kingdom).mp3,0
5366,English(United Kingdom),79_English(United Kingdom).mp3,1
5367,English(United Kingdom),80_English(United Kingdom).mp3,0
5368,English(United Kingdom),81_English(United Kingdom).mp3,1
5369,English(United Kingdom),82_English(United Kingdom).mp3,1
5370,English(United Kingdom),83_English(United Kingdom).mp3,1
5371,English(United Kingdom),84_English(United Kingdom).mp3,0
5372,English(United Kingdom),85_English(United Kingdom).mp3,0
5373,English(United Kingdom),86_English(United Kingdom).mp3,0
5374,English(United Kingdom),87_English(United Kingdom).mp3,0
5375,English(United Kingdom),88_English(United Kingdom).mp3,1
5376,English(United Kingdom),89_English(United Kingdom).mp3,0
5377,English(United Kingdom),90_English(United Kingdom).mp3,1
5378,English(United Kingdom),91_English(United Kingdom).mp3,1
5379,English(United Kingdom),92_English(United Kingdom).mp3,1
5380,English(United Kingdom),93_English(United Kingdom).mp3,1
5381,English(United Kingdom),94_English(United Kingdom).mp3,0
5382,English(United Kingdom),95_English(United Kingdom).mp3,0
5383,English(United Kingdom),96_English(United Kingdom).mp3,0
5384,English(United Kingdom),97_English(United Kingdom).mp3,1
5385,English(United Kingdom),98_English(United Kingdom).mp3,0
5386,English(United Kingdom),99_English(United Kingdom).mp3,1
5387,English(United Kingdom),100_English(United Kingdom).mp3,1
5388,English(United Kingdom),101_English(United Kingdom).mp3,0
5389,English(United Kingdom),102_English(United Kingdom).mp3,1
5390,English(United Kingdom),103_English(United Kingdom).mp3,1
5391,English(United Kingdom),104_English(United Kingdom).mp3,1
5392,English(United Kingdom),105_English(United Kingdom).mp3,0
5393,English(United Kingdom),106_English(United Kingdom).mp3,0
5394,English(United Kingdom),107_English(United Kingdom).mp3,0
5395,English(United Kingdom),108_English(United Kingdom).mp3,0
5396,English(United Kingdom),109_English(United Kingdom).mp3,1
5397,English(United Kingdom),110_English(United Kingdom).mp3,1
5398,English(United Kingdom),111_English(United Kingdom).mp3,1
5399,English(United Kingdom),112_English(United Kingdom).mp3,1
5400,English(United Kingdom),113_English(United Kingdom).mp3,0
5401,English(United Kingdom),114_English(United Kingdom).mp3,0
5402,English(United Kingdom),115_English(United Kingdom).mp3,0
5403,English(United Kingdom),116_English(United Kingdom).mp3,0
5404,English(United Kingdom),117_English(United Kingdom).mp3,1
5405,English(United Kingdom),118_English(United Kingdom).mp3,1
5406,English(United Kingdom),119_English(United Kingdom).mp3,1
5407,English(United Kingdom),120_English(United Kingdom).mp3,0
5408,English(United Kingdom),121_English(United Kingdom).mp3,0
5409,English(United Kingdom),122_English(United Kingdom).mp3,1
5410,English(United Kingdom),123_English(United Kingdom).mp3,1
5411,English(United Kingdom),124_English(United Kingdom).mp3,0
5412,English(United Kingdom),125_English(United Kingdom).mp3,1
5413,English(United Kingdom),126_English(United Kingdom).mp3,0
5414,English(United Kingdom),127_English(United Kingdom).mp3,0
5415,English(United Kingdom),128_English(United Kingdom).mp3,1
5416,English(United Kingdom),129_English(United Kingdom).mp3,0
5417,English(United Kingdom),130_English(United Kingdom).mp3,1
5418,English(United Kingdom),131_English(United Kingdom).mp3,0
5419,English(United Kingdom),132_English(United Kingdom).mp3,0
5420,English(United Kingdom),133_English(United Kingdom).mp3,1
5421,English(United Kingdom),134_English(United Kingdom).mp3,0
5422,English(United Kingdom),135_English(United Kingdom).mp3,1
5423,English(United Kingdom),136_English(United Kingdom).mp3,1
5424,English(United Kingdom),137_English(United Kingdom).mp3,1
5425,English(United Kingdom),138_English(United Kingdom).mp3,0
5426,English(United Kingdom),139_English(United Kingdom).mp3,0
5427,English(United Kingdom),140_English(United Kingdom).mp3,1
5428,English(United Kingdom),141_English(United Kingdom).mp3,1
5429,English(United Kingdom),142_English(United Kingdom).mp3,0
5430,English(United Kingdom),143_English(United Kingdom).mp3,0
5431,English(United Kingdom),144_English(United Kingdom).mp3,0
5432,English(United Kingdom),145_English(United Kingdom).mp3,0
5433,English(United Kingdom),146_English(United Kingdom).mp3,1
5434,English(United Kingdom),147_English(United Kingdom).mp3,0
5435,English(United Kingdom),148_English(United Kingdom).mp3,1
5436,English(United Kingdom),149_English(United Kingdom).mp3,1
5437,English(United Kingdom),150_English(United Kingdom).mp3,1
5438,English(United Kingdom),151_English(United Kingdom).mp3,1
5439,English(United Kingdom),152_English(United Kingdom).mp3,1
5440,English(United Kingdom),153_English(United Kingdom).mp3,0
5441,English(United Kingdom),154_English(United Kingdom).mp3,0
5442,English(United Kingdom),155_English(United Kingdom).mp3,1
5443,English(United Kingdom),156_English(United Kingdom).mp3,1
5444,English(United Kingdom),157_English(United Kingdom).mp3,1
5445,English(United Kingdom),158_English(United Kingdom).mp3,0
5446,English(United Kingdom),159_English(United Kingdom).mp3,1
5447,English(United Kingdom),160_English(United Kingdom).mp3,1
5448,English(United Kingdom),161_English(United Kingdom).mp3,0
5449,English(United Kingdom),162_English(United Kingdom).mp3,0
5450,English(United Kingdom),163_English(United Kingdom).mp3,0
5451,English(United Kingdom),164_English(United Kingdom).mp3,0
5452,English(United Kingdom),165_English(United Kingdom).mp3,1
5453,English(United Kingdom),166_English(United Kingdom).mp3,0
5454,English(United Kingdom),167_English(United Kingdom).mp3,1
5455,English(United Kingdom),168_English(United Kingdom).mp3,1
5456,English(United Kingdom),169_English(United Kingdom).mp3,0
5457,English(United Kingdom),170_English(United Kingdom).mp3,0
5458,English(United Kingdom),171_English(United Kingdom).mp3,1
5459,English(United Kingdom),172_English(United Kingdom).mp3,0
5460,English(United Kingdom),173_English(United Kingdom).mp3,1
5461,English(United Kingdom),174_English(United Kingdom).mp3,0
5462,English(United Kingdom),175_English(United Kingdom).mp3,0
5463,English(United Kingdom),176_English(United Kingdom).mp3,1
5464,English(United Kingdom),177_English(United Kingdom).mp3,0
5465,English(United Kingdom),178_English(United Kingdom).mp3,1
5466,English(United Kingdom),179_English(United Kingdom).mp3,0
5467,English(United Kingdom),180_English(United Kingdom).mp3,1
5468,English(United States),1_English(United States).mp3,1
5469,English(United States),2_English(United States).mp3,0
5470,English(United States),3_English(United States).mp3,1
5471,English(United States),4_English(United States).mp3,0
5472,English(United States),5_English(United States).mp3,0
5473,English(United States),6_English(United States).mp3,0
5474,English(United States),7_English(United States).mp3,1
5475,English(United States),8_English(United States).mp3,1
5476,English(United States),9_English(United States).mp3,0
5477,English(United States),10_English(United States).mp3,1
5478,English(United States),11_English(United States).mp3,0
5479,English(United States),12_English(United States).mp3,0
5480,English(United States),13_English(United States).mp3,1
5481,English(United States),14_English(United States).mp3,1
5482,English(United States),15_English(United States).mp3,0
5483,English(United States),16_English(United States).mp3,0
5484,English(United States),17_English(United States).mp3,1
5485,English(United States),18_English(United States).mp3,1
5486,English(United States),19_English(United States).mp3,1
5487,English(United States),20_English(United States).mp3,0
5488,English(United States),21_English(United States).mp3,1
5489,English(United States),22_English(United States).mp3,1
5490,English(United States),23_English(United States).mp3,1
5491,English(United States),24_English(United States).mp3,1
5492,English(United States),25_English(United States).mp3,1
5493,English(United States),26_English(United States).mp3,0
5494,English(United States),27_English(United States).mp3,1
5495,English(United States),28_English(United States).mp3,0
5496,English(United States),29_English(United States).mp3,1
5497,English(United States),30_English(United States).mp3,0
5498,English(United States),31_English(United States).mp3,1
5499,English(United States),32_English(United States).mp3,1
5500,English(United States),33_English(United States).mp3,1
5501,English(United States),34_English(United States).mp3,0
5502,English(United States),35_English(United States).mp3,0
5503,English(United States),36_English(United States).mp3,1
5504,English(United States),37_English(United States).mp3,1
5505,English(United States),38_English(United States).mp3,1
5506,English(United States),39_English(United States).mp3,1
5507,English(United States),40_English(United States).mp3,1
5508,English(United States),41_English(United States).mp3,1
5509,English(United States),42_English(United States).mp3,0
5510,English(United States),43_English(United States).mp3,1
5511,English(United States),44_English(United States).mp3,1
5512,English(United States),45_English(United States).mp3,1
5513,English(United States),46_English(United States).mp3,1
5514,English(United States),47_English(United States).mp3,0
5515,English(United States),48_English(United States).mp3,0
5516,English(United States),49_English(United States).mp3,0
5517,English(United States),50_English(United States).mp3,1
5518,English(United States),51_English(United States).mp3,1
5519,English(United States),52_English(United States).mp3,1
5520,English(United States),53_English(United States).mp3,0
5521,English(United States),54_English(United States).mp3,0
5522,English(United States),55_English(United States).mp3,1
5523,English(United States),56_English(United States).mp3,1
5524,English(United States),57_English(United States).mp3,1
5525,English(United States),58_English(United States).mp3,1
5526,English(United States),59_English(United States).mp3,1
5527,English(United States),60_English(United States).mp3,1
5528,English(United States),61_English(United States).mp3,1
5529,English(United States),62_English(United States).mp3,0
5530,English(United States),63_English(United States).mp3,1
5531,English(United States),64_English(United States).mp3,1
5532,English(United States),65_English(United States).mp3,1
5533,English(United States),66_English(United States).mp3,0
5534,English(United States),67_English(United States).mp3,1
5535,English(United States),68_English(United States).mp3,1
5536,English(United States),69_English(United States).mp3,0
5537,English(United States),70_English(United States).mp3,1
5538,English(United States),71_English(United States).mp3,1
5539,English(United States),72_English(United States).mp3,1
5540,English(United States),73_English(United States).mp3,1
5541,English(United States),74_English(United States).mp3,0
5542,English(United States),75_English(United States).mp3,0
5543,English(United States),76_English(United States).mp3,1
5544,English(United States),77_English(United States).mp3,0
5545,English(United States),78_English(United States).mp3,1
5546,English(United States),79_English(United States).mp3,0
5547,English(United States),80_English(United States).mp3,0
5548,English(United States),81_English(United States).mp3,1
5549,English(United States),82_English(United States).mp3,1
5550,English(United States),83_English(United States).mp3,1
5551,English(United States),84_English(United States).mp3,1
5552,English(United States),85_English(United States).mp3,1
5553,English(United States),86_English(United States).mp3,0
5554,English(United States),87_English(United States).mp3,0
5555,English(United States),88_English(United States).mp3,0
5556,English(United States),89_English(United States).mp3,1
5557,English(United States),90_English(United States).mp3,1
5558,English(United States),91_English(United States).mp3,0
5559,English(United States),92_English(United States).mp3,1
5560,English(United States),93_English(United States).mp3,1
5561,English(United States),94_English(United States).mp3,0
5562,English(United States),95_English(United States).mp3,1
5563,English(United States),96_English(United States).mp3,0
5564,English(United States),97_English(United States).mp3,0
5565,English(United States),98_English(United States).mp3,0
5566,English(United States),99_English(United States).mp3,1
5567,English(United States),100_English(United States).mp3,1
5568,English(United States),101_English(United States).mp3,1
5569,English(United States),102_English(United States).mp3,0
5570,English(United States),103_English(United States).mp3,1
5571,English(United States),104_English(United States).mp3,1
5572,English(United States),105_English(United States).mp3,0
5573,English(United States),106_English(United States).mp3,1
5574,English(United States),107_English(United States).mp3,0
5575,English(United States),108_English(United States).mp3,1
5576,English(United States),109_English(United States).mp3,1
5577,English(United States),110_English(United States).mp3,0
5578,English(United States),111_English(United States).mp3,1
5579,English(United States),112_English(United States).mp3,1
5580,English(United States),113_English(United States).mp3,0
5581,English(United States),114_English(United States).mp3,0
5582,English(United States),115_English(United States).mp3,1
5583,English(United States),116_English(United States).mp3,1
5584,English(United States),117_English(United States).mp3,1
5585,English(United States),118_English(United States).mp3,1
5586,English(United States),119_English(United States).mp3,1
5587,English(United States),120_English(United States).mp3,0
5588,English(United States),121_English(United States).mp3,1
5589,English(United States),122_English(United States).mp3,1
5590,English(United States),123_English(United States).mp3,0
5591,English(United States),124_English(United States).mp3,1
5592,English(United States),125_English(United States).mp3,0
5593,English(United States),126_English(United States).mp3,1
5594,English(United States),127_English(United States).mp3,1
5595,English(United States),128_English(United States).mp3,0
5596,English(United States),129_English(United States).mp3,0
5597,English(United States),130_English(United States).mp3,1
5598,English(United States),131_English(United States).mp3,1
5599,English(United States),132_English(United States).mp3,1
5600,English(United States),133_English(United States).mp3,0
5601,English(United States),134_English(United States).mp3,0
5602,English(United States),135_English(United States).mp3,0
5603,English(United States),136_English(United States).mp3,0
5604,English(United States),137_English(United States).mp3,0
5605,English(United States),138_English(United States).mp3,1
5606,English(United States),139_English(United States).mp3,0
5607,English(United States),140_English(United States).mp3,0
5608,English(United States),141_English(United States).mp3,0
5609,English(United States),142_English(United States).mp3,1
5610,English(United States),143_English(United States).mp3,1
5611,English(United States),144_English(United States).mp3,0
5612,English(United States),145_English(United States).mp3,1
5613,English(United States),146_English(United States).mp3,1
5614,English(United States),147_English(United States).mp3,0
5615,English(United States),148_English(United States).mp3,1
5616,English(United States),149_English(United States).mp3,0
5617,English(United States),150_English(United States).mp3,0
5618,English(United States),151_English(United States).mp3,1
5619,English(United States),152_English(United States).mp3,1
5620,English(United States),153_English(United States).mp3,1
5621,English(United States),154_English(United States).mp3,1
5622,English(United States),155_English(United States).mp3,1
5623,English(United States),156_English(United States).mp3,0
5624,English(United States),157_English(United States).mp3,0
5625,English(United States),158_English(United States).mp3,1
5626,English(United States),159_English(United States).mp3,0
5627,English(United States),160_English(United States).mp3,1
5628,English(United States),161_English(United States).mp3,1
5629,English(United States),162_English(United States).mp3,1
5630,English(United States),163_English(United States).mp3,0
5631,English(United States),164_English(United States).mp3,1
5632,English(United States),165_English(United States).mp3,1
5633,English(United States),166_English(United States).mp3,1
5634,English(United States),167_English(United States).mp3,1
5635,English(United States),168_English(United States).mp3,1
5636,English(United States),169_English(United States).mp3,1
5637,English(United States),170_English(United States).mp3,1
5638,English(United States),171_English(United States).mp3,1
5639,English(United States),172_English(United States).mp3,0
5640,English(United States),173_English(United States).mp3,0
5641,English(United States),174_English(United States).mp3,0
5642,English(United States),175_English(United States).mp3,1
5643,English(United States),176_English(United States).mp3,1
5644,English(United States),177_English(United States).mp3,0
5645,English(United States),178_English(United States).mp3,1
5646,English(United States),179_English(United States).mp3,1
5647,English(United States),180_English(United States).mp3,1
5648,English(United States),181_English(United States).mp3,0
5649,English(United States),182_English(United States).mp3,1
5650,English(United States),183_English(United States).mp3,1
5651,English(United States),184_English(United States).mp3,1
5652,English(United States),185_English(United States).mp3,0
5653,English(United States),186_English(United States).mp3,1
5654,English(United States),187_English(United States).mp3,1
5655,English(United States),188_English(United States).mp3,0
5656,English(United States),189_English(United States).mp3,0
5657,English(United States),190_English(United States).mp3,0
5658,English(United States),191_English(United States).mp3,0
5659,English(United States),192_English(United States).mp3,0
5660,English(United States),193_English(United States).mp3,1
5661,English(United States),194_English(United States).mp3,0
5662,English(United States),195_English(United States).mp3,1
5663,English(United States),196_English(United States).mp3,1
5664,English(United States),197_English(United States).mp3,1
5665,English(United States),198_English(United States).mp3,1
5666,English(United States),199_English(United States).mp3,0
5667,English(United States),200_English(United States).mp3,0
5668,English(United States),201_English(United States).mp3,0
5669,English(United States),202_English(United States).mp3,1
5670,English(United States),203_English(United States).mp3,0
5671,English(United States),204_English(United States).mp3,1
5672,English(United States),205_English(United States).mp3,1
5673,English(United States),206_English(United States).mp3,0
5674,English(United States),207_English(United States).mp3,1
5675,English(United States),208_English(United States).mp3,0
5676,English(United States),209_English(United States).mp3,0
5677,English(United States),210_English(United States).mp3,1
5678,English(United States),211_English(United States).mp3,0
5679,English(United States),212_English(United States).mp3,1
5680,English(United States),213_English(United States).mp3,1
5681,English(United States),214_English(United States).mp3,1
5682,English(United States),215_English(United States).mp3,0
5683,English(United States),216_English(United States).mp3,1
5684,English(United States),217_English(United States).mp3,1
5685,English(United States),218_English(United States).mp3,1
5686,English(United States),219_English(United States).mp3,0
5687,English(United States),220_English(United States).mp3,1
5688,English(United States),221_English(United States).mp3,1
5689,English(United States),222_English(United States).mp3,0
5690,English(United States),223_English(United States).mp3,1
5691,English(United States),224_English(United States).mp3,1
5692,English(United States),225_English(United States).mp3,1
5693,English(United States),226_English(United States).mp3,1
5694,English(United States),227_English(United States).mp3,1
5695,English(United States),228_English(United States).mp3,1
5696,English(United States),229_English(United States).mp3,0
5697,English(United States),230_English(United States).mp3,1
5698,English(United States),231_English(United States).mp3,1
5699,English(United States),232_English(United States).mp3,1
5700,English(United States),233_English(United States).mp3,1
5701,English(United States),234_English(United States).mp3,0
5702,English(United States),235_English(United States).mp3,0
5703,English(United States),236_English(United States).mp3,1
5704,English(United States),237_English(United States).mp3,0
5705,English(United States),238_English(United States).mp3,1
5706,English(United States),239_English(United States).mp3,1
5707,English(United States),240_English(United States).mp3,0
5708,English(United States),241_English(United States).mp3,0
5709,English(United States),242_English(United States).mp3,1
5710,English(United States),243_English(United States).mp3,1
5711,English(United States),244_English(United States).mp3,1
5712,English(United States),245_English(United States).mp3,1
5713,English(United States),246_English(United States).mp3,1
5714,English(United States),247_English(United States).mp3,1
5715,English(United States),248_English(United States).mp3,0
5716,English(United States),249_English(United States).mp3,0
5717,English(United States),250_English(United States).mp3,1
5718,English(United States),251_English(United States).mp3,1
5719,English(United States),252_English(United States).mp3,0
5720,English(United States),253_English(United States).mp3,0
5721,English(United States),254_English(United States).mp3,0
5722,English(United States),255_English(United States).mp3,0
5723,English(United States),256_English(United States).mp3,1
5724,English(United States),257_English(United States).mp3,0
5725,English(United States),258_English(United States).mp3,0
5726,English(United States),259_English(United States).mp3,1
5727,English(United States),260_English(United States).mp3,1
5728,English(United States),261_English(United States).mp3,1
5729,English(United States),262_English(United States).mp3,0
5730,English(United States),263_English(United States).mp3,1
5731,English(United States),264_English(United States).mp3,0
5732,English(United States),265_English(United States).mp3,1
5733,English(United States),266_English(United States).mp3,1
5734,English(United States),267_English(United States).mp3,1
5735,English(United States),268_English(United States).mp3,1
5736,English(United States),269_English(United States).mp3,0
5737,English(United States),270_English(United States).mp3,1
5738,English(United States),271_English(United States).mp3,1
5739,English(United States),272_English(United States).mp3,1
5740,English(United States),273_English(United States).mp3,0
5741,English(United States),274_English(United States).mp3,1
5742,English(United States),275_English(United States).mp3,0
5743,English(United States),276_English(United States).mp3,0
5744,English(United States),277_English(United States).mp3,0
5745,English(United States),278_English(United States).mp3,0
5746,English(United States),279_English(United States).mp3,1
5747,English(United States),280_English(United States).mp3,0
5748,English(United States),281_English(United States).mp3,1
5749,English(United States),282_English(United States).mp3,1
5750,English(United States),283_English(United States).mp3,1
5751,English(United States),284_English(United States).mp3,1
5752,English(United States),285_English(United States).mp3,1
5753,English(United States),286_English(United States).mp3,0
5754,English(United States),287_English(United States).mp3,1
5755,Filipino,1_Filipino.mp3,0
5756,Filipino,2_Filipino.mp3,1
5757,Filipino,3_Filipino.mp3,0
5758,Filipino,4_Filipino.mp3,0
5759,Filipino,5_Filipino.mp3,1
5760,Filipino,6_Filipino.mp3,1
5761,Filipino,7_Filipino.mp3,0
5762,Filipino,8_Filipino.mp3,0
5763,Filipino,9_Filipino.mp3,1
5764,Filipino,10_Filipino.mp3,1
5765,Filipino,11_Filipino.mp3,0
5766,Filipino,12_Filipino.mp3,1
5767,Filipino,13_Filipino.mp3,1
5768,Filipino,14_Filipino.mp3,0
5769,Filipino,15_Filipino.mp3,1
5770,Filipino,16_Filipino.mp3,0
5771,Filipino,17_Filipino.mp3,1
5772,Filipino,18_Filipino.mp3,0
5773,Filipino,19_Filipino.mp3,1
5774,Filipino,20_Filipino.mp3,1
5775,Filipino,21_Filipino.mp3,1
5776,Filipino,22_Filipino.mp3,1
5777,Filipino,23_Filipino.mp3,0
5778,Filipino,24_Filipino.mp3,0
5779,Filipino,25_Filipino.mp3,0
5780,Filipino,26_Filipino.mp3,0
5781,Filipino,27_Filipino.mp3,1
5782,Filipino,28_Filipino.mp3,0
5783,Filipino,29_Filipino.mp3,1
5784,Filipino,30_Filipino.mp3,1
5785,Filipino,31_Filipino.mp3,1
5786,Filipino,32_Filipino.mp3,0
5787,Filipino,33_Filipino.mp3,0
5788,Filipino,34_Filipino.mp3,0
5789,Filipino,35_Filipino.mp3,0
5790,Filipino,36_Filipino.mp3,1
5791,Filipino,37_Filipino.mp3,0
5792,Filipino,38_Filipino.mp3,0
5793,Filipino,39_Filipino.mp3,0
5794,Filipino,40_Filipino.mp3,0
5795,Filipino,41_Filipino.mp3,0
5796,Filipino,42_Filipino.mp3,1
5797,Filipino,43_Filipino.mp3,0
5798,Filipino,44_Filipino.mp3,1
5799,Filipino,45_Filipino.mp3,1
5800,Filipino,46_Filipino.mp3,1
5801,Filipino,47_Filipino.mp3,0
5802,Filipino,48_Filipino.mp3,0
5803,Filipino,49_Filipino.mp3,0
5804,Filipino,50_Filipino.mp3,1
5805,Filipino,51_Filipino.mp3,1
5806,Filipino,52_Filipino.mp3,0
5807,Filipino,53_Filipino.mp3,1
5808,Filipino,54_Filipino.mp3,1
5809,Filipino,55_Filipino.mp3,0
5810,Filipino,56_Filipino.mp3,1
5811,Filipino,57_Filipino.mp3,0
5812,Filipino,58_Filipino.mp3,1
5813,Filipino,59_Filipino.mp3,0
5814,Filipino,60_Filipino.mp3,1
5815,Filipino,61_Filipino.mp3,1
5816,Filipino,62_Filipino.mp3,0
5817,Filipino,63_Filipino.mp3,1
5818,Filipino,64_Filipino.mp3,1
5819,Filipino,65_Filipino.mp3,0
5820,Filipino,66_Filipino.mp3,0
5821,Filipino,67_Filipino.mp3,0
5822,Filipino,68_Filipino.mp3,0
5823,Filipino,69_Filipino.mp3,0
5824,Filipino,70_Filipino.mp3,1
5825,Filipino,71_Filipino.mp3,0
5826,Filipino,72_Filipino.mp3,0
5827,Filipino,73_Filipino.mp3,0
5828,Filipino,74_Filipino.mp3,0
5829,Filipino,75_Filipino.mp3,0
5830,Filipino,76_Filipino.mp3,1
5831,Filipino,77_Filipino.mp3,1
5832,Filipino,78_Filipino.mp3,0
5833,Filipino,79_Filipino.mp3,0
5834,Filipino,80_Filipino.mp3,0
5835,Filipino,81_Filipino.mp3,0
5836,Filipino,82_Filipino.mp3,0
5837,Filipino,83_Filipino.mp3,1
5838,Filipino,84_Filipino.mp3,0
5839,Filipino,85_Filipino.mp3,1
5840,Filipino,86_Filipino.mp3,1
5841,Filipino,87_Filipino.mp3,1
5842,Filipino,88_Filipino.mp3,1
5843,Filipino,89_Filipino.mp3,1
5844,Filipino,90_Filipino.mp3,1
5845,Filipino,91_Filipino.mp3,0
5846,Filipino,92_Filipino.mp3,1
5847,Filipino,93_Filipino.mp3,1
5848,Filipino,94_Filipino.mp3,1
5849,Filipino,95_Filipino.mp3,0
5850,Filipino,96_Filipino.mp3,1
5851,Filipino,97_Filipino.mp3,1
5852,Filipino,98_Filipino.mp3,0
5853,Filipino,99_Filipino.mp3,1
5854,Filipino,100_Filipino.mp3,1
5855,Filipino,101_Filipino.mp3,1
5856,Filipino,102_Filipino.mp3,1
5857,Filipino,103_Filipino.mp3,0
5858,Filipino,104_Filipino.mp3,1
5859,Filipino,105_Filipino.mp3,1
5860,Filipino,106_Filipino.mp3,0
5861,Filipino,107_Filipino.mp3,1
5862,Filipino,108_Filipino.mp3,0
5863,Filipino,109_Filipino.mp3,1
5864,Filipino,110_Filipino.mp3,1
5865,Filipino,111_Filipino.mp3,1
5866,Filipino,112_Filipino.mp3,1
5867,Filipino,113_Filipino.mp3,1
5868,Filipino,114_Filipino.mp3,1
5869,Filipino,115_Filipino.mp3,0
5870,Filipino,116_Filipino.mp3,1
5871,Filipino,117_Filipino.mp3,1
5872,Filipino,118_Filipino.mp3,1
5873,Filipino,119_Filipino.mp3,0
5874,Filipino,120_Filipino.mp3,1
5875,Filipino,121_Filipino.mp3,0
5876,Filipino,122_Filipino.mp3,0
5877,Filipino,123_Filipino.mp3,0
5878,Filipino,124_Filipino.mp3,0
5879,Filipino,125_Filipino.mp3,1
5880,Filipino,126_Filipino.mp3,0
5881,Filipino,127_Filipino.mp3,0
5882,Filipino,128_Filipino.mp3,1
5883,Filipino,129_Filipino.mp3,1
5884,Filipino,130_Filipino.mp3,0
5885,Filipino,131_Filipino.mp3,0
5886,Filipino,132_Filipino.mp3,0
5887,Filipino,133_Filipino.mp3,1
5888,Filipino,134_Filipino.mp3,0
5889,Filipino,135_Filipino.mp3,1
5890,Filipino,136_Filipino.mp3,0
5891,Filipino,137_Filipino.mp3,0
5892,Filipino,138_Filipino.mp3,0
5893,Filipino,139_Filipino.mp3,0
5894,Filipino,140_Filipino.mp3,0
5895,Filipino,141_Filipino.mp3,1
5896,Filipino,142_Filipino.mp3,1
5897,Filipino,143_Filipino.mp3,1
5898,Filipino,144_Filipino.mp3,1
5899,Filipino,145_Filipino.mp3,0
5900,Filipino,146_Filipino.mp3,0
5901,Filipino,147_Filipino.mp3,1
5902,Filipino,148_Filipino.mp3,0
5903,Filipino,149_Filipino.mp3,1
5904,Filipino,150_Filipino.mp3,1
5905,Filipino,151_Filipino.mp3,0
5906,Filipino,152_Filipino.mp3,1
5907,Filipino,153_Filipino.mp3,0
5908,Filipino,154_Filipino.mp3,1
5909,Filipino,155_Filipino.mp3,1
5910,Filipino,156_Filipino.mp3,0
5911,Filipino,157_Filipino.mp3,1
5912,Filipino,158_Filipino.mp3,0
5913,Filipino,159_Filipino.mp3,1
5914,Filipino,160_Filipino.mp3,0
5915,Filipino,161_Filipino.mp3,0
5916,Filipino,162_Filipino.mp3,1
5917,Filipino,163_Filipino.mp3,0
5918,Filipino,164_Filipino.mp3,0
5919,Filipino,165_Filipino.mp3,0
5920,Filipino,166_Filipino.mp3,0
5921,Filipino,167_Filipino.mp3,1
5922,Filipino,168_Filipino.mp3,1
5923,Filipino,169_Filipino.mp3,1
5924,Filipino,170_Filipino.mp3,0
5925,Filipino,171_Filipino.mp3,1
5926,Filipino,172_Filipino.mp3,0
5927,Filipino,173_Filipino.mp3,0
5928,Filipino,174_Filipino.mp3,1
5929,Filipino,175_Filipino.mp3,1
5930,Filipino,176_Filipino.mp3,1
5931,Filipino,177_Filipino.mp3,0
5932,Filipino,178_Filipino.mp3,1
5933,Filipino,179_Filipino.mp3,0
5934,Filipino,180_Filipino.mp3,1
5935,Filipino,181_Filipino.mp3,0
5936,Filipino,182_Filipino.mp3,1
5937,Filipino,183_Filipino.mp3,1
5938,Filipino,184_Filipino.mp3,1
5939,Filipino,185_Filipino.mp3,1
5940,Filipino,186_Filipino.mp3,1
5941,Filipino,187_Filipino.mp3,1
5942,French,1_French.mp3,0
5943,French,2_French.mp3,1
5944,French,3_French.mp3,1
5945,French,4_French.mp3,0
5946,French,5_French.mp3,1
5947,French,6_French.mp3,0
5948,French,7_French.mp3,0
5949,French,8_French.mp3,0
5950,French,9_French.mp3,1
5951,French,10_French.mp3,0
5952,French,11_French.mp3,1
5953,French,12_French.mp3,0
5954,French,13_French.mp3,0
5955,French,14_French.mp3,1
5956,French,15_French.mp3,1
5957,French,16_French.mp3,0
5958,French,17_French.mp3,0
5959,French,18_French.mp3,1
5960,French,19_French.mp3,1
5961,French,20_French.mp3,0
5962,French,21_French.mp3,1
5963,French,22_French.mp3,0
5964,French,23_French.mp3,0
5965,French,24_French.mp3,1
5966,French,25_French.mp3,1
5967,French,26_French.mp3,1
5968,French,27_French.mp3,0
5969,French,28_French.mp3,0
5970,French,29_French.mp3,0
5971,French,30_French.mp3,0
5972,French,31_French.mp3,0
5973,French,32_French.mp3,0
5974,French,33_French.mp3,1
5975,French,34_French.mp3,1
5976,French,35_French.mp3,0
5977,French,36_French.mp3,0
5978,French,37_French.mp3,1
5979,French,38_French.mp3,1
5980,French,39_French.mp3,0
5981,French,40_French.mp3,1
5982,French,41_French.mp3,1
5983,French,42_French.mp3,0
5984,French,43_French.mp3,1
5985,French,44_French.mp3,1
5986,French,45_French.mp3,1
5987,French,46_French.mp3,1
5988,French,47_French.mp3,1
5989,French,48_French.mp3,0
5990,French,49_French.mp3,0
5991,French,50_French.mp3,1
5992,French,51_French.mp3,0
5993,French,52_French.mp3,0
5994,French,53_French.mp3,0
5995,French,54_French.mp3,1
5996,French,55_French.mp3,1
5997,French,56_French.mp3,1
5998,French,57_French.mp3,1
5999,French,58_French.mp3,0
6000,French,59_French.mp3,1
6001,French,60_French.mp3,0
6002,French,61_French.mp3,0
6003,French,62_French.mp3,0
6004,French,63_French.mp3,0
6005,French,64_French.mp3,0
6006,French,65_French.mp3,0
6007,French,66_French.mp3,0
6008,French,67_French.mp3,0
6009,French,68_French.mp3,0
6010,French,69_French.mp3,1
6011,French,70_French.mp3,0
6012,French,71_French.mp3,1
6013,French,72_French.mp3,1
6014,French,73_French.mp3,0
6015,French,74_French.mp3,0
6016,French,75_French.mp3,0
6017,French,76_French.mp3,0
6018,French,77_French.mp3,0
6019,French,78_French.mp3,1
6020,French,79_French.mp3,1
6021,French,80_French.mp3,1
6022,French,81_French.mp3,1
6023,French,82_French.mp3,0
6024,French,83_French.mp3,1
6025,French,84_French.mp3,1
6026,French,85_French.mp3,1
6027,French,86_French.mp3,0
6028,French,87_French.mp3,1
6029,French,88_French.mp3,0
6030,French,89_French.mp3,0
6031,French,90_French.mp3,0
6032,French,91_French.mp3,1
6033,French,92_French.mp3,1
6034,French,93_French.mp3,1
6035,French,94_French.mp3,1
6036,French,95_French.mp3,0
6037,French,96_French.mp3,0
6038,French,97_French.mp3,0
6039,French,98_French.mp3,1
6040,French,99_French.mp3,1
6041,French,100_French.mp3,0
6042,French,101_French.mp3,1
6043,French,102_French.mp3,0
6044,French,103_French.mp3,1
6045,French,104_French.mp3,1
6046,French,105_French.mp3,0
6047,French,106_French.mp3,0
6048,French,107_French.mp3,0
6049,French,108_French.mp3,1
6050,French,109_French.mp3,0
6051,French,110_French.mp3,0
6052,French,111_French.mp3,1
6053,French,112_French.mp3,0
6054,French,113_French.mp3,1
6055,French,114_French.mp3,0
6056,French,115_French.mp3,1
6057,French,116_French.mp3,1
6058,French,117_French.mp3,0
6059,French,118_French.mp3,0
6060,French,119_French.mp3,1
6061,French,120_French.mp3,0
6062,French,121_French.mp3,0
6063,French,122_French.mp3,1
6064,French,123_French.mp3,0
6065,French,124_French.mp3,1
6066,French,125_French.mp3,0
6067,French,126_French.mp3,0
6068,French,127_French.mp3,0
6069,French,128_French.mp3,1
6070,French,129_French.mp3,1
6071,French,130_French.mp3,0
6072,French,131_French.mp3,1
6073,French,132_French.mp3,1
6074,French,133_French.mp3,0
6075,French,134_French.mp3,0
6076,French,135_French.mp3,1
6077,French,136_French.mp3,0
6078,French,137_French.mp3,1
6079,French,138_French.mp3,0
6080,French,139_French.mp3,0
6081,French,140_French.mp3,1
6082,French,141_French.mp3,0
6083,French,142_French.mp3,1
6084,French,143_French.mp3,1
6085,French,144_French.mp3,0
6086,French,145_French.mp3,0
6087,French,146_French.mp3,0
6088,French,147_French.mp3,0
6089,French,148_French.mp3,0
6090,French,149_French.mp3,1
6091,French,150_French.mp3,0
6092,French,151_French.mp3,0
6093,French,152_French.mp3,0
6094,French,153_French.mp3,1
6095,French,154_French.mp3,1
6096,French,155_French.mp3,0
6097,French,156_French.mp3,1
6098,French,157_French.mp3,0
6099,French,158_French.mp3,1
6100,French,159_French.mp3,1
6101,French,160_French.mp3,0
6102,French,161_French.mp3,1
6103,French,162_French.mp3,1
6104,French,163_French.mp3,1
6105,French,164_French.mp3,0
6106,French,165_French.mp3,1
6107,French,166_French.mp3,0
6108,French,167_French.mp3,1
6109,French,168_French.mp3,1
6110,French,169_French.mp3,1
6111,French,170_French.mp3,1
6112,French,171_French.mp3,0
6113,French,172_French.mp3,1
6114,French,173_French.mp3,1
6115,French,174_French.mp3,1
6116,French,175_French.mp3,1
6117,French,176_French.mp3,0
6118,French,177_French.mp3,1
6119,French,178_French.mp3,1
6120,French,179_French.mp3,1
6121,French,180_French.mp3,0
6122,German,1_German.mp3,1
6123,German,2_German.mp3,1
6124,German,3_German.mp3,1
6125,German,4_German.mp3,0
6126,German,5_German.mp3,1
6127,German,6_German.mp3,0
6128,German,7_German.mp3,1
6129,German,8_German.mp3,0
6130,German,9_German.mp3,0
6131,German,10_German.mp3,1
6132,German,11_German.mp3,0
6133,German,12_German.mp3,0
6134,German,13_German.mp3,0
6135,German,14_German.mp3,0
6136,German,15_German.mp3,0
6137,German,16_German.mp3,1
6138,German,17_German.mp3,0
6139,German,18_German.mp3,1
6140,German,19_German.mp3,1
6141,German,20_German.mp3,1
6142,German,21_German.mp3,1
6143,German,22_German.mp3,1
6144,German,23_German.mp3,0
6145,German,24_German.mp3,1
6146,German,25_German.mp3,0
6147,German,26_German.mp3,1
6148,German,27_German.mp3,0
6149,German,28_German.mp3,0
6150,German,29_German.mp3,0
6151,German,30_German.mp3,1
6152,German,31_German.mp3,0
6153,German,32_German.mp3,1
6154,German,33_German.mp3,1
6155,German,34_German.mp3,0
6156,German,35_German.mp3,1
6157,German,36_German.mp3,0
6158,German,37_German.mp3,1
6159,German,38_German.mp3,0
6160,German,39_German.mp3,1
6161,German,40_German.mp3,0
6162,German,41_German.mp3,0
6163,German,42_German.mp3,0
6164,German,43_German.mp3,0
6165,German,44_German.mp3,0
6166,German,45_German.mp3,0
6167,German,46_German.mp3,0
6168,German,47_German.mp3,1
6169,German,48_German.mp3,0
6170,German,49_German.mp3,1
6171,German,50_German.mp3,0
6172,German,51_German.mp3,1
6173,German,52_German.mp3,1
6174,German,53_German.mp3,0
6175,German,54_German.mp3,0
6176,German,55_German.mp3,0
6177,German,56_German.mp3,1
6178,German,57_German.mp3,0
6179,German,58_German.mp3,1
6180,German,59_German.mp3,0
6181,German,60_German.mp3,1
6182,German,61_German.mp3,1
6183,German,62_German.mp3,0
6184,German,63_German.mp3,1
6185,German,64_German.mp3,1
6186,German,65_German.mp3,0
6187,German,66_German.mp3,0
6188,German,67_German.mp3,1
6189,German,68_German.mp3,1
6190,German,69_German.mp3,1
6191,German,70_German.mp3,0
6192,German,71_German.mp3,0
6193,German,72_German.mp3,1
6194,German,73_German.mp3,0
6195,German,74_German.mp3,1
6196,German,75_German.mp3,1
6197,German,76_German.mp3,1
6198,German,77_German.mp3,0
6199,German,78_German.mp3,1
6200,German,79_German.mp3,0
6201,German,80_German.mp3,1
6202,German,81_German.mp3,1
6203,German,82_German.mp3,0
6204,German,83_German.mp3,0
6205,German,84_German.mp3,1
6206,German,85_German.mp3,1
6207,German,86_German.mp3,1
6208,German,87_German.mp3,0
6209,German,88_German.mp3,0
6210,German,89_German.mp3,1
6211,German,90_German.mp3,0
6212,German,91_German.mp3,1
6213,German,92_German.mp3,0
6214,German,93_German.mp3,0
6215,German,94_German.mp3,1
6216,German,95_German.mp3,0
6217,German,96_German.mp3,1
6218,German,97_German.mp3,1
6219,German,98_German.mp3,0
6220,German,99_German.mp3,1
6221,German,100_German.mp3,1
6222,German,101_German.mp3,0
6223,German,102_German.mp3,0
6224,German,103_German.mp3,1
6225,German,104_German.mp3,1
6226,German,105_German.mp3,0
6227,German,106_German.mp3,0
6228,German,107_German.mp3,1
6229,German,108_German.mp3,0
6230,German,109_German.mp3,1
6231,German,110_German.mp3,0
6232,German,111_German.mp3,0
6233,German,112_German.mp3,0
6234,German,113_German.mp3,0
6235,German,114_German.mp3,0
6236,German,115_German.mp3,1
6237,German,116_German.mp3,0
6238,German,117_German.mp3,0
6239,German,118_German.mp3,1
6240,German,119_German.mp3,1
6241,German,120_German.mp3,0
6242,German,121_German.mp3,0
6243,German,122_German.mp3,1
6244,German,123_German.mp3,1
6245,German,124_German.mp3,1
6246,German,125_German.mp3,0
6247,German,126_German.mp3,1
6248,German,127_German.mp3,1
6249,German,128_German.mp3,0
6250,German,129_German.mp3,0
6251,German,130_German.mp3,1
6252,German,131_German.mp3,1
6253,German,132_German.mp3,0
6254,German,133_German.mp3,0
6255,German,134_German.mp3,1
6256,German,135_German.mp3,1
6257,German,136_German.mp3,1
6258,German,137_German.mp3,1
6259,German,138_German.mp3,1
6260,German,139_German.mp3,1
6261,German,140_German.mp3,0
6262,German,141_German.mp3,1
6263,German,142_German.mp3,1
6264,German,143_German.mp3,1
6265,German,144_German.mp3,0
6266,German,145_German.mp3,1
6267,German,146_German.mp3,0
6268,German,147_German.mp3,1
6269,German,148_German.mp3,0
6270,German,149_German.mp3,0
6271,German,150_German.mp3,0
6272,German,151_German.mp3,0
6273,German,152_German.mp3,1
6274,German,153_German.mp3,0
6275,German,154_German.mp3,1
6276,German,155_German.mp3,0
6277,German,156_German.mp3,0
6278,German,157_German.mp3,1
6279,German,158_German.mp3,0
6280,German,159_German.mp3,1
6281,German,160_German.mp3,1
6282,German,161_German.mp3,0
6283,German,162_German.mp3,1
6284,German,163_German.mp3,0
6285,German,164_German.mp3,0
6286,German,165_German.mp3,0
6287,German,166_German.mp3,1
6288,German,167_German.mp3,0
6289,German,168_German.mp3,0
6290,German,169_German.mp3,0
6291,German,170_German.mp3,0
6292,Gujarati,1_Gujarati.mp3,0
6293,Gujarati,2_Gujarati.mp3,1
6294,Gujarati,3_Gujarati.mp3,1
6295,Gujarati,4_Gujarati.mp3,0
6296,Gujarati,5_Gujarati.mp3,1
6297,Gujarati,6_Gujarati.mp3,0
6298,Gujarati,7_Gujarati.mp3,0
6299,Gujarati,8_Gujarati.mp3,0
6300,Gujarati,9_Gujarati.mp3,1
6301,Gujarati,10_Gujarati.mp3,0
6302,Gujarati,11_Gujarati.mp3,1
6303,Gujarati,12_Gujarati.mp3,0
6304,Gujarati,13_Gujarati.mp3,0
6305,Gujarati,14_Gujarati.mp3,1
6306,Gujarati,15_Gujarati.mp3,1
6307,Gujarati,16_Gujarati.mp3,0
6308,Gujarati,17_Gujarati.mp3,0
6309,Gujarati,18_Gujarati.mp3,1
6310,Gujarati,19_Gujarati.mp3,1
6311,Gujarati,20_Gujarati.mp3,0
6312,Gujarati,21_Gujarati.mp3,1
6313,Gujarati,22_Gujarati.mp3,1
6314,Gujarati,23_Gujarati.mp3,0
6315,Gujarati,24_Gujarati.mp3,1
6316,Gujarati,25_Gujarati.mp3,1
6317,Gujarati,26_Gujarati.mp3,1
6318,Gujarati,27_Gujarati.mp3,0
6319,Gujarati,28_Gujarati.mp3,0
6320,Gujarati,29_Gujarati.mp3,0
6321,Gujarati,30_Gujarati.mp3,1
6322,Gujarati,31_Gujarati.mp3,0
6323,Gujarati,32_Gujarati.mp3,0
6324,Gujarati,33_Gujarati.mp3,1
6325,Gujarati,34_Gujarati.mp3,1
6326,Gujarati,35_Gujarati.mp3,0
6327,Gujarati,36_Gujarati.mp3,0
6328,Gujarati,37_Gujarati.mp3,1
6329,Gujarati,38_Gujarati.mp3,1
6330,Gujarati,39_Gujarati.mp3,0
6331,Gujarati,40_Gujarati.mp3,1
6332,Gujarati,41_Gujarati.mp3,1
6333,Gujarati,42_Gujarati.mp3,0
6334,Gujarati,43_Gujarati.mp3,1
6335,Gujarati,44_Gujarati.mp3,1
6336,Gujarati,45_Gujarati.mp3,1
6337,Gujarati,46_Gujarati.mp3,1
6338,Gujarati,47_Gujarati.mp3,1
6339,Gujarati,48_Gujarati.mp3,0
6340,Gujarati,49_Gujarati.mp3,0
6341,Gujarati,50_Gujarati.mp3,1
6342,Gujarati,51_Gujarati.mp3,0
6343,Gujarati,52_Gujarati.mp3,0
6344,Gujarati,53_Gujarati.mp3,0
6345,Gujarati,54_Gujarati.mp3,1
6346,Gujarati,55_Gujarati.mp3,1
6347,Gujarati,56_Gujarati.mp3,1
6348,Gujarati,57_Gujarati.mp3,1
6349,Gujarati,58_Gujarati.mp3,0
6350,Gujarati,59_Gujarati.mp3,1
6351,Gujarati,60_Gujarati.mp3,0
6352,Gujarati,61_Gujarati.mp3,0
6353,Gujarati,62_Gujarati.mp3,0
6354,Gujarati,63_Gujarati.mp3,0
6355,Gujarati,64_Gujarati.mp3,0
6356,Gujarati,65_Gujarati.mp3,0
6357,Gujarati,66_Gujarati.mp3,0
6358,Gujarati,67_Gujarati.mp3,0
6359,Gujarati,68_Gujarati.mp3,0
6360,Gujarati,69_Gujarati.mp3,1
6361,Gujarati,70_Gujarati.mp3,0
6362,Gujarati,71_Gujarati.mp3,1
6363,Gujarati,72_Gujarati.mp3,1
6364,Gujarati,73_Gujarati.mp3,0
6365,Gujarati,74_Gujarati.mp3,0
6366,Gujarati,75_Gujarati.mp3,0
6367,Gujarati,76_Gujarati.mp3,0
6368,Gujarati,77_Gujarati.mp3,0
6369,Gujarati,78_Gujarati.mp3,1
6370,Gujarati,79_Gujarati.mp3,1
6371,Gujarati,80_Gujarati.mp3,1
6372,Gujarati,81_Gujarati.mp3,1
6373,Gujarati,82_Gujarati.mp3,0
6374,Gujarati,83_Gujarati.mp3,1
6375,Gujarati,84_Gujarati.mp3,1
6376,Gujarati,85_Gujarati.mp3,1
6377,Gujarati,86_Gujarati.mp3,0
6378,Gujarati,87_Gujarati.mp3,1
6379,Gujarati,88_Gujarati.mp3,0
6380,Gujarati,89_Gujarati.mp3,0
6381,Gujarati,90_Gujarati.mp3,0
6382,Gujarati,91_Gujarati.mp3,1
6383,Gujarati,92_Gujarati.mp3,1
6384,Gujarati,93_Gujarati.mp3,1
6385,Gujarati,94_Gujarati.mp3,1
6386,Gujarati,95_Gujarati.mp3,0
6387,Gujarati,96_Gujarati.mp3,0
6388,Gujarati,97_Gujarati.mp3,0
6389,Gujarati,98_Gujarati.mp3,1
6390,Gujarati,99_Gujarati.mp3,1
6391,Gujarati,100_Gujarati.mp3,0
6392,Gujarati,101_Gujarati.mp3,1
6393,Gujarati,102_Gujarati.mp3,0
6394,Gujarati,103_Gujarati.mp3,1
6395,Gujarati,104_Gujarati.mp3,1
6396,Gujarati,105_Gujarati.mp3,0
6397,Gujarati,106_Gujarati.mp3,0
6398,Gujarati,107_Gujarati.mp3,0
6399,Gujarati,108_Gujarati.mp3,1
6400,Gujarati,109_Gujarati.mp3,0
6401,Gujarati,110_Gujarati.mp3,0
6402,Gujarati,111_Gujarati.mp3,1
6403,Gujarati,112_Gujarati.mp3,0
6404,Gujarati,113_Gujarati.mp3,1
6405,Gujarati,114_Gujarati.mp3,0
6406,Gujarati,115_Gujarati.mp3,1
6407,Gujarati,116_Gujarati.mp3,1
6408,Gujarati,117_Gujarati.mp3,0
6409,Gujarati,118_Gujarati.mp3,0
6410,Gujarati,119_Gujarati.mp3,1
6411,Gujarati,120_Gujarati.mp3,0
6412,Gujarati,121_Gujarati.mp3,0
6413,Gujarati,122_Gujarati.mp3,1
6414,Gujarati,123_Gujarati.mp3,0
6415,Gujarati,124_Gujarati.mp3,1
6416,Gujarati,125_Gujarati.mp3,0
6417,Gujarati,126_Gujarati.mp3,0
6418,Gujarati,127_Gujarati.mp3,0
6419,Gujarati,128_Gujarati.mp3,1
6420,Gujarati,129_Gujarati.mp3,1
6421,Gujarati,130_Gujarati.mp3,0
6422,Gujarati,131_Gujarati.mp3,1
6423,Gujarati,132_Gujarati.mp3,1
6424,Gujarati,133_Gujarati.mp3,0
6425,Gujarati,134_Gujarati.mp3,0
6426,Gujarati,135_Gujarati.mp3,1
6427,Gujarati,136_Gujarati.mp3,0
6428,Gujarati,137_Gujarati.mp3,1
6429,Gujarati,138_Gujarati.mp3,0
6430,Gujarati,139_Gujarati.mp3,0
6431,Gujarati,140_Gujarati.mp3,1
6432,Gujarati,141_Gujarati.mp3,0
6433,Gujarati,142_Gujarati.mp3,1
6434,Gujarati,143_Gujarati.mp3,1
6435,Gujarati,144_Gujarati.mp3,0
6436,Gujarati,145_Gujarati.mp3,0
6437,Gujarati,146_Gujarati.mp3,0
6438,Gujarati,147_Gujarati.mp3,0
6439,Gujarati,148_Gujarati.mp3,0
6440,Gujarati,149_Gujarati.mp3,1
6441,Gujarati,150_Gujarati.mp3,0
6442,Gujarati,151_Gujarati.mp3,0
6443,Gujarati,152_Gujarati.mp3,0
6444,Gujarati,153_Gujarati.mp3,1
6445,Gujarati,154_Gujarati.mp3,1
6446,Gujarati,155_Gujarati.mp3,0
6447,Gujarati,156_Gujarati.mp3,1
6448,Gujarati,157_Gujarati.mp3,0
6449,Gujarati,158_Gujarati.mp3,1
6450,Gujarati,159_Gujarati.mp3,1
6451,Gujarati,160_Gujarati.mp3,0
6452,Gujarati,161_Gujarati.mp3,1
6453,Gujarati,162_Gujarati.mp3,1
6454,Gujarati,163_Gujarati.mp3,1
6455,Gujarati,164_Gujarati.mp3,0
6456,Gujarati,165_Gujarati.mp3,1
6457,Gujarati,166_Gujarati.mp3,0
6458,Gujarati,167_Gujarati.mp3,1
6459,Gujarati,168_Gujarati.mp3,1
6460,Gujarati,169_Gujarati.mp3,1
6461,Gujarati,170_Gujarati.mp3,1
6462,Gujarati,171_Gujarati.mp3,0
6463,Gujarati,172_Gujarati.mp3,1
6464,Gujarati,173_Gujarati.mp3,1
6465,Gujarati,174_Gujarati.mp3,1
6466,Gujarati,175_Gujarati.mp3,1
6467,Gujarati,176_Gujarati.mp3,0
6468,Gujarati,177_Gujarati.mp3,1
6469,Gujarati,178_Gujarati.mp3,1
6470,Gujarati,179_Gujarati.mp3,1
6471,Gujarati,180_Gujarati.mp3,0
6472,Hindi,1_Hindi.mp3,0
6473,Hindi,2_Hindi.mp3,1
6474,Hindi,3_Hindi.mp3,1
6475,Hindi,4_Hindi.mp3,0
6476,Hindi,5_Hindi.mp3,1
6477,Hindi,6_Hindi.mp3,0
6478,Hindi,7_Hindi.mp3,0
6479,Hindi,8_Hindi.mp3,0
6480,Hindi,9_Hindi.mp3,1
6481,Hindi,10_Hindi.mp3,0
6482,Hindi,11_Hindi.mp3,1
6483,Hindi,12_Hindi.mp3,0
6484,Hindi,13_Hindi.mp3,0
6485,Hindi,14_Hindi.mp3,1
6486,Hindi,15_Hindi.mp3,1
6487,Hindi,16_Hindi.mp3,0
6488,Hindi,17_Hindi.mp3,0
6489,Hindi,18_Hindi.mp3,1
6490,Hindi,19_Hindi.mp3,1
6491,Hindi,20_Hindi.mp3,0
6492,Hindi,21_Hindi.mp3,1
6493,Hindi,22_Hindi.mp3,0
6494,Hindi,23_Hindi.mp3,0
6495,Hindi,24_Hindi.mp3,1
6496,Hindi,25_Hindi.mp3,1
6497,Hindi,26_Hindi.mp3,1
6498,Hindi,27_Hindi.mp3,0
6499,Hindi,28_Hindi.mp3,0
6500,Hindi,29_Hindi.mp3,0
6501,Hindi,30_Hindi.mp3,0
6502,Hindi,31_Hindi.mp3,0
6503,Hindi,32_Hindi.mp3,0
6504,Hindi,33_Hindi.mp3,1
6505,Hindi,34_Hindi.mp3,1
6506,Hindi,35_Hindi.mp3,0
6507,Hindi,36_Hindi.mp3,0
6508,Hindi,37_Hindi.mp3,1
6509,Hindi,38_Hindi.mp3,1
6510,Hindi,39_Hindi.mp3,0
6511,Hindi,40_Hindi.mp3,1
6512,Hindi,41_Hindi.mp3,1
6513,Hindi,42_Hindi.mp3,0
6514,Hindi,43_Hindi.mp3,1
6515,Hindi,44_Hindi.mp3,1
6516,Hindi,45_Hindi.mp3,1
6517,Hindi,46_Hindi.mp3,1
6518,Hindi,47_Hindi.mp3,1
6519,Hindi,48_Hindi.mp3,0
6520,Hindi,49_Hindi.mp3,0
6521,Hindi,50_Hindi.mp3,1
6522,Hindi,51_Hindi.mp3,0
6523,Hindi,52_Hindi.mp3,0
6524,Hindi,53_Hindi.mp3,0
6525,Hindi,54_Hindi.mp3,1
6526,Hindi,55_Hindi.mp3,1
6527,Hindi,56_Hindi.mp3,1
6528,Hindi,57_Hindi.mp3,1
6529,Hindi,58_Hindi.mp3,0
6530,Hindi,59_Hindi.mp3,1
6531,Hindi,60_Hindi.mp3,0
6532,Hindi,61_Hindi.mp3,0
6533,Hindi,62_Hindi.mp3,0
6534,Hindi,63_Hindi.mp3,0
6535,Hindi,64_Hindi.mp3,0
6536,Hindi,65_Hindi.mp3,0
6537,Hindi,66_Hindi.mp3,0
6538,Hindi,67_Hindi.mp3,0
6539,Hindi,68_Hindi.mp3,0
6540,Hindi,69_Hindi.mp3,1
6541,Hindi,70_Hindi.mp3,0
6542,Hindi,71_Hindi.mp3,1
6543,Hindi,72_Hindi.mp3,1
6544,Hindi,73_Hindi.mp3,0
6545,Hindi,74_Hindi.mp3,0
6546,Hindi,75_Hindi.mp3,0
6547,Hindi,76_Hindi.mp3,0
6548,Hindi,77_Hindi.mp3,0
6549,Hindi,78_Hindi.mp3,1
6550,Hindi,79_Hindi.mp3,1
6551,Hindi,80_Hindi.mp3,1
6552,Hindi,81_Hindi.mp3,1
6553,Hindi,82_Hindi.mp3,0
6554,Hindi,83_Hindi.mp3,1
6555,Hindi,84_Hindi.mp3,1
6556,Hindi,85_Hindi.mp3,1
6557,Hindi,86_Hindi.mp3,0
6558,Hindi,87_Hindi.mp3,1
6559,Hindi,88_Hindi.mp3,0
6560,Hindi,89_Hindi.mp3,0
6561,Hindi,90_Hindi.mp3,0
6562,Hindi,91_Hindi.mp3,1
6563,Hindi,92_Hindi.mp3,1
6564,Hindi,93_Hindi.mp3,1
6565,Hindi,94_Hindi.mp3,1
6566,Hindi,95_Hindi.mp3,0
6567,Hindi,96_Hindi.mp3,0
6568,Hindi,97_Hindi.mp3,0
6569,Hindi,98_Hindi.mp3,1
6570,Hindi,99_Hindi.mp3,1
6571,Hindi,100_Hindi.mp3,0
6572,Hindi,101_Hindi.mp3,1
6573,Hindi,102_Hindi.mp3,0
6574,Hindi,103_Hindi.mp3,1
6575,Hindi,104_Hindi.mp3,1
6576,Hindi,105_Hindi.mp3,0
6577,Hindi,106_Hindi.mp3,0
6578,Hindi,107_Hindi.mp3,0
6579,Hindi,108_Hindi.mp3,1
6580,Hindi,109_Hindi.mp3,0
6581,Hindi,110_Hindi.mp3,0
6582,Hindi,111_Hindi.mp3,1
6583,Hindi,112_Hindi.mp3,0
6584,Hindi,113_Hindi.mp3,1
6585,Hindi,114_Hindi.mp3,0
6586,Hindi,115_Hindi.mp3,1
6587,Hindi,116_Hindi.mp3,1
6588,Hindi,117_Hindi.mp3,0
6589,Hindi,118_Hindi.mp3,0
6590,Hindi,119_Hindi.mp3,1
6591,Hindi,120_Hindi.mp3,0
6592,Hindi,121_Hindi.mp3,0
6593,Hindi,122_Hindi.mp3,1
6594,Hindi,123_Hindi.mp3,0
6595,Hindi,124_Hindi.mp3,1
6596,Hindi,125_Hindi.mp3,0
6597,Hindi,126_Hindi.mp3,0
6598,Hindi,127_Hindi.mp3,0
6599,Hindi,128_Hindi.mp3,1
6600,Hindi,129_Hindi.mp3,1
6601,Hindi,130_Hindi.mp3,0
6602,Hindi,131_Hindi.mp3,1
6603,Hindi,132_Hindi.mp3,1
6604,Hindi,133_Hindi.mp3,0
6605,Hindi,134_Hindi.mp3,0
6606,Hindi,135_Hindi.mp3,1
6607,Hindi,136_Hindi.mp3,0
6608,Hindi,137_Hindi.mp3,1
6609,Hindi,138_Hindi.mp3,0
6610,Hindi,139_Hindi.mp3,0
6611,Hindi,140_Hindi.mp3,1
6612,Hindi,141_Hindi.mp3,0
6613,Hindi,142_Hindi.mp3,1
6614,Hindi,143_Hindi.mp3,1
6615,Hindi,144_Hindi.mp3,0
6616,Hindi,145_Hindi.mp3,0
6617,Hindi,146_Hindi.mp3,0
6618,Hindi,147_Hindi.mp3,0
6619,Hindi,148_Hindi.mp3,0
6620,Hindi,149_Hindi.mp3,1
6621,Hindi,150_Hindi.mp3,0
6622,Hindi,151_Hindi.mp3,0
6623,Hindi,152_Hindi.mp3,0
6624,Hindi,153_Hindi.mp3,1
6625,Hindi,154_Hindi.mp3,1
6626,Hindi,155_Hindi.mp3,0
6627,Hindi,156_Hindi.mp3,1
6628,Hindi,157_Hindi.mp3,0
6629,Hindi,158_Hindi.mp3,1
6630,Hindi,159_Hindi.mp3,1
6631,Hindi,160_Hindi.mp3,0
6632,Hindi,161_Hindi.mp3,1
6633,Hindi,162_Hindi.mp3,1
6634,Hindi,163_Hindi.mp3,1
6635,Hindi,164_Hindi.mp3,0
6636,Hindi,165_Hindi.mp3,1
6637,Hindi,166_Hindi.mp3,0
6638,Hindi,167_Hindi.mp3,1
6639,Hindi,168_Hindi.mp3,1
6640,Hindi,169_Hindi.mp3,1
6641,Hindi,170_Hindi.mp3,1
6642,Hindi,171_Hindi.mp3,0
6643,Hindi,172_Hindi.mp3,1
6644,Hindi,173_Hindi.mp3,1
6645,Hindi,174_Hindi.mp3,1
6646,Hindi,175_Hindi.mp3,1
6647,Hindi,176_Hindi.mp3,0
6648,Hindi,177_Hindi.mp3,1
6649,Hindi,178_Hindi.mp3,1
6650,Hindi,179_Hindi.mp3,1
6651,Hindi,180_Hindi.mp3,0
6652,Hindi,181_Hindi.mp3,0
6653,Hindi,182_Hindi.mp3,1
6654,Hindi,183_Hindi.mp3,1
6655,Hungarian,1_Hungarian.mp3,0
6656,Hungarian,2_Hungarian.mp3,1
6657,Hungarian,3_Hungarian.mp3,0
6658,Hungarian,4_Hungarian.mp3,0
6659,Hungarian,5_Hungarian.mp3,1
6660,Hungarian,6_Hungarian.mp3,0
6661,Hungarian,7_Hungarian.mp3,0
6662,Hungarian,8_Hungarian.mp3,0
6663,Hungarian,9_Hungarian.mp3,1
6664,Hungarian,10_Hungarian.mp3,1
6665,Hungarian,11_Hungarian.mp3,1
6666,Hungarian,12_Hungarian.mp3,0
6667,Hungarian,13_Hungarian.mp3,0
6668,Hungarian,14_Hungarian.mp3,1
6669,Hungarian,15_Hungarian.mp3,0
6670,Hungarian,16_Hungarian.mp3,1
6671,Hungarian,17_Hungarian.mp3,1
6672,Hungarian,18_Hungarian.mp3,1
6673,Hungarian,19_Hungarian.mp3,0
6674,Hungarian,20_Hungarian.mp3,1
6675,Hungarian,21_Hungarian.mp3,0
6676,Hungarian,22_Hungarian.mp3,0
6677,Hungarian,23_Hungarian.mp3,1
6678,Hungarian,24_Hungarian.mp3,0
6679,Hungarian,25_Hungarian.mp3,0
6680,Hungarian,26_Hungarian.mp3,0
6681,Hungarian,27_Hungarian.mp3,0
6682,Hungarian,28_Hungarian.mp3,1
6683,Hungarian,29_Hungarian.mp3,1
6684,Hungarian,30_Hungarian.mp3,0
6685,Hungarian,31_Hungarian.mp3,1
6686,Hungarian,32_Hungarian.mp3,0
6687,Hungarian,33_Hungarian.mp3,0
6688,Hungarian,34_Hungarian.mp3,1
6689,Hungarian,35_Hungarian.mp3,1
6690,Hungarian,36_Hungarian.mp3,1
6691,Hungarian,37_Hungarian.mp3,0
6692,Hungarian,38_Hungarian.mp3,0
6693,Hungarian,39_Hungarian.mp3,0
6694,Hungarian,40_Hungarian.mp3,0
6695,Hungarian,41_Hungarian.mp3,0
6696,Hungarian,42_Hungarian.mp3,1
6697,Hungarian,43_Hungarian.mp3,1
6698,Hungarian,44_Hungarian.mp3,0
6699,Hungarian,45_Hungarian.mp3,0
6700,Hungarian,46_Hungarian.mp3,0
6701,Hungarian,47_Hungarian.mp3,0
6702,Hungarian,48_Hungarian.mp3,1
6703,Hungarian,49_Hungarian.mp3,1
6704,Hungarian,50_Hungarian.mp3,1
6705,Hungarian,51_Hungarian.mp3,1
6706,Hungarian,52_Hungarian.mp3,1
6707,Hungarian,53_Hungarian.mp3,0
6708,Hungarian,54_Hungarian.mp3,0
6709,Hungarian,55_Hungarian.mp3,0
6710,Hungarian,56_Hungarian.mp3,0
6711,Hungarian,57_Hungarian.mp3,1
6712,Hungarian,58_Hungarian.mp3,0
6713,Hungarian,59_Hungarian.mp3,0
6714,Hungarian,60_Hungarian.mp3,1
6715,Hungarian,61_Hungarian.mp3,0
6716,Hungarian,62_Hungarian.mp3,0
6717,Hungarian,63_Hungarian.mp3,1
6718,Hungarian,64_Hungarian.mp3,0
6719,Hungarian,65_Hungarian.mp3,0
6720,Hungarian,66_Hungarian.mp3,0
6721,Hungarian,67_Hungarian.mp3,0
6722,Hungarian,68_Hungarian.mp3,1
6723,Hungarian,69_Hungarian.mp3,0
6724,Hungarian,70_Hungarian.mp3,1
6725,Hungarian,71_Hungarian.mp3,0
6726,Hungarian,72_Hungarian.mp3,0
6727,Hungarian,73_Hungarian.mp3,1
6728,Hungarian,74_Hungarian.mp3,0
6729,Hungarian,75_Hungarian.mp3,1
6730,Hungarian,76_Hungarian.mp3,1
6731,Hungarian,77_Hungarian.mp3,0
6732,Hungarian,78_Hungarian.mp3,1
6733,Hungarian,79_Hungarian.mp3,0
6734,Hungarian,80_Hungarian.mp3,1
6735,Hungarian,81_Hungarian.mp3,0
6736,Hungarian,82_Hungarian.mp3,0
6737,Hungarian,83_Hungarian.mp3,1
6738,Hungarian,84_Hungarian.mp3,0
6739,Hungarian,85_Hungarian.mp3,1
6740,Hungarian,86_Hungarian.mp3,0
6741,Hungarian,87_Hungarian.mp3,0
6742,Hungarian,88_Hungarian.mp3,0
6743,Hungarian,89_Hungarian.mp3,1
6744,Hungarian,90_Hungarian.mp3,1
6745,Hungarian,91_Hungarian.mp3,0
6746,Hungarian,92_Hungarian.mp3,1
6747,Hungarian,93_Hungarian.mp3,0
6748,Hungarian,94_Hungarian.mp3,0
6749,Hungarian,95_Hungarian.mp3,1
6750,Hungarian,96_Hungarian.mp3,1
6751,Hungarian,97_Hungarian.mp3,1
6752,Hungarian,98_Hungarian.mp3,0
6753,Hungarian,99_Hungarian.mp3,1
6754,Hungarian,100_Hungarian.mp3,0
6755,Hungarian,101_Hungarian.mp3,0
6756,Hungarian,102_Hungarian.mp3,1
6757,Hungarian,103_Hungarian.mp3,1
6758,Hungarian,104_Hungarian.mp3,1
6759,Hungarian,105_Hungarian.mp3,1
6760,Hungarian,106_Hungarian.mp3,1
6761,Hungarian,107_Hungarian.mp3,0
6762,Hungarian,108_Hungarian.mp3,1
6763,Hungarian,109_Hungarian.mp3,1
6764,Hungarian,110_Hungarian.mp3,1
6765,Hungarian,111_Hungarian.mp3,0
6766,Hungarian,112_Hungarian.mp3,1
6767,Hungarian,113_Hungarian.mp3,1
6768,Hungarian,114_Hungarian.mp3,1
6769,Hungarian,115_Hungarian.mp3,1
6770,Hungarian,116_Hungarian.mp3,0
6771,Hungarian,117_Hungarian.mp3,1
6772,Hungarian,118_Hungarian.mp3,1
6773,Hungarian,119_Hungarian.mp3,1
6774,Hungarian,120_Hungarian.mp3,1
6775,Hungarian,121_Hungarian.mp3,1
6776,Hungarian,122_Hungarian.mp3,0
6777,Hungarian,123_Hungarian.mp3,1
6778,Hungarian,124_Hungarian.mp3,1
6779,Hungarian,125_Hungarian.mp3,0
6780,Hungarian,126_Hungarian.mp3,1
6781,Hungarian,127_Hungarian.mp3,1
6782,Hungarian,128_Hungarian.mp3,0
6783,Hungarian,129_Hungarian.mp3,0
6784,Hungarian,130_Hungarian.mp3,0
6785,Hungarian,131_Hungarian.mp3,0
6786,Hungarian,132_Hungarian.mp3,1
6787,Hungarian,133_Hungarian.mp3,1
6788,Hungarian,134_Hungarian.mp3,0
6789,Hungarian,135_Hungarian.mp3,1
6790,Hungarian,136_Hungarian.mp3,1
6791,Hungarian,137_Hungarian.mp3,1
6792,Hungarian,138_Hungarian.mp3,1
6793,Hungarian,139_Hungarian.mp3,0
6794,Hungarian,140_Hungarian.mp3,1
6795,Hungarian,141_Hungarian.mp3,1
6796,Hungarian,142_Hungarian.mp3,0
6797,Hungarian,143_Hungarian.mp3,0
6798,Hungarian,144_Hungarian.mp3,1
6799,Hungarian,145_Hungarian.mp3,1
6800,Hungarian,146_Hungarian.mp3,1
6801,Hungarian,147_Hungarian.mp3,0
6802,Hungarian,148_Hungarian.mp3,0
6803,Hungarian,149_Hungarian.mp3,1
6804,Hungarian,150_Hungarian.mp3,1
6805,Hungarian,151_Hungarian.mp3,1
6806,Hungarian,152_Hungarian.mp3,0
6807,Hungarian,153_Hungarian.mp3,1
6808,Hungarian,154_Hungarian.mp3,0
6809,Hungarian,155_Hungarian.mp3,1
6810,Hungarian,156_Hungarian.mp3,0
6811,Hungarian,157_Hungarian.mp3,0
6812,Hungarian,158_Hungarian.mp3,0
6813,Hungarian,159_Hungarian.mp3,0
6814,Hungarian,160_Hungarian.mp3,1
6815,Hungarian,161_Hungarian.mp3,1
6816,Hungarian,162_Hungarian.mp3,1
6817,Hungarian,163_Hungarian.mp3,0
6818,Hungarian,164_Hungarian.mp3,0
6819,Hungarian,165_Hungarian.mp3,0
6820,Hungarian,166_Hungarian.mp3,1
6821,Hungarian,167_Hungarian.mp3,1
6822,Hungarian,168_Hungarian.mp3,0
6823,Hungarian,169_Hungarian.mp3,1
6824,Hungarian,170_Hungarian.mp3,0
6825,Hungarian,171_Hungarian.mp3,1
6826,Hungarian,172_Hungarian.mp3,0
6827,Hungarian,173_Hungarian.mp3,0
6828,Hungarian,174_Hungarian.mp3,0
6829,Hungarian,175_Hungarian.mp3,0
6830,Hungarian,176_Hungarian.mp3,0
6831,Hungarian,177_Hungarian.mp3,1
6832,Hungarian,178_Hungarian.mp3,1
6833,Hungarian,179_Hungarian.mp3,0
6834,Indonesian,1_Indonesian.mp3,1
6835,Indonesian,2_Indonesian.mp3,1
6836,Indonesian,3_Indonesian.mp3,1
6837,Indonesian,4_Indonesian.mp3,1
6838,Indonesian,5_Indonesian.mp3,0
6839,Indonesian,6_Indonesian.mp3,1
6840,Indonesian,7_Indonesian.mp3,1
6841,Indonesian,8_Indonesian.mp3,0
6842,Indonesian,9_Indonesian.mp3,0
6843,Indonesian,10_Indonesian.mp3,1
6844,Indonesian,11_Indonesian.mp3,0
6845,Indonesian,12_Indonesian.mp3,1
6846,Indonesian,13_Indonesian.mp3,0
6847,Indonesian,14_Indonesian.mp3,0
6848,Indonesian,15_Indonesian.mp3,0
6849,Indonesian,16_Indonesian.mp3,0
6850,Indonesian,17_Indonesian.mp3,0
6851,Indonesian,18_Indonesian.mp3,1
6852,Indonesian,19_Indonesian.mp3,0
6853,Indonesian,20_Indonesian.mp3,0
6854,Indonesian,21_Indonesian.mp3,1
6855,Indonesian,22_Indonesian.mp3,0
6856,Indonesian,23_Indonesian.mp3,1
6857,Indonesian,24_Indonesian.mp3,1
6858,Indonesian,25_Indonesian.mp3,0
6859,Indonesian,26_Indonesian.mp3,1
6860,Indonesian,27_Indonesian.mp3,1
6861,Indonesian,28_Indonesian.mp3,1
6862,Indonesian,29_Indonesian.mp3,1
6863,Indonesian,30_Indonesian.mp3,0
6864,Indonesian,31_Indonesian.mp3,1
6865,Indonesian,32_Indonesian.mp3,0
6866,Indonesian,33_Indonesian.mp3,1
6867,Indonesian,34_Indonesian.mp3,0
6868,Indonesian,35_Indonesian.mp3,0
6869,Indonesian,36_Indonesian.mp3,1
6870,Indonesian,37_Indonesian.mp3,0
6871,Indonesian,38_Indonesian.mp3,1
6872,Indonesian,39_Indonesian.mp3,0
6873,Indonesian,40_Indonesian.mp3,1
6874,Indonesian,41_Indonesian.mp3,0
6875,Indonesian,42_Indonesian.mp3,0
6876,Indonesian,43_Indonesian.mp3,0
6877,Indonesian,44_Indonesian.mp3,0
6878,Indonesian,45_Indonesian.mp3,0
6879,Indonesian,46_Indonesian.mp3,0
6880,Indonesian,47_Indonesian.mp3,0
6881,Indonesian,48_Indonesian.mp3,1
6882,Indonesian,49_Indonesian.mp3,1
6883,Indonesian,50_Indonesian.mp3,0
6884,Indonesian,51_Indonesian.mp3,0
6885,Indonesian,52_Indonesian.mp3,1
6886,Indonesian,53_Indonesian.mp3,1
6887,Indonesian,54_Indonesian.mp3,1
6888,Indonesian,55_Indonesian.mp3,0
6889,Indonesian,56_Indonesian.mp3,1
6890,Indonesian,57_Indonesian.mp3,0
6891,Indonesian,58_Indonesian.mp3,0
6892,Indonesian,59_Indonesian.mp3,1
6893,Indonesian,60_Indonesian.mp3,1
6894,Indonesian,61_Indonesian.mp3,0
6895,Indonesian,62_Indonesian.mp3,1
6896,Indonesian,63_Indonesian.mp3,0
6897,Indonesian,64_Indonesian.mp3,1
6898,Indonesian,65_Indonesian.mp3,0
6899,Indonesian,66_Indonesian.mp3,0
6900,Indonesian,67_Indonesian.mp3,1
6901,Indonesian,68_Indonesian.mp3,0
6902,Indonesian,69_Indonesian.mp3,0
6903,Indonesian,70_Indonesian.mp3,1
6904,Indonesian,71_Indonesian.mp3,1
6905,Indonesian,72_Indonesian.mp3,0
6906,Indonesian,73_Indonesian.mp3,1
6907,Indonesian,74_Indonesian.mp3,0
6908,Indonesian,75_Indonesian.mp3,1
6909,Indonesian,76_Indonesian.mp3,0
6910,Indonesian,77_Indonesian.mp3,1
6911,Indonesian,78_Indonesian.mp3,0
6912,Indonesian,79_Indonesian.mp3,1
6913,Indonesian,80_Indonesian.mp3,0
6914,Indonesian,81_Indonesian.mp3,0
6915,Indonesian,82_Indonesian.mp3,1
6916,Indonesian,83_Indonesian.mp3,0
6917,Indonesian,84_Indonesian.mp3,0
6918,Indonesian,85_Indonesian.mp3,1
6919,Indonesian,86_Indonesian.mp3,1
6920,Indonesian,87_Indonesian.mp3,1
6921,Indonesian,88_Indonesian.mp3,0
6922,Indonesian,89_Indonesian.mp3,0
6923,Indonesian,90_Indonesian.mp3,0
6924,Indonesian,91_Indonesian.mp3,0
6925,Indonesian,92_Indonesian.mp3,0
6926,Indonesian,93_Indonesian.mp3,0
6927,Indonesian,94_Indonesian.mp3,1
6928,Indonesian,95_Indonesian.mp3,0
6929,Indonesian,96_Indonesian.mp3,1
6930,Indonesian,97_Indonesian.mp3,0
6931,Indonesian,98_Indonesian.mp3,0
6932,Indonesian,99_Indonesian.mp3,1
6933,Indonesian,100_Indonesian.mp3,0
6934,Indonesian,101_Indonesian.mp3,1
6935,Indonesian,102_Indonesian.mp3,0
6936,Indonesian,103_Indonesian.mp3,1
6937,Indonesian,104_Indonesian.mp3,0
6938,Indonesian,105_Indonesian.mp3,1
6939,Indonesian,106_Indonesian.mp3,1
6940,Indonesian,107_Indonesian.mp3,0
6941,Indonesian,108_Indonesian.mp3,1
6942,Indonesian,109_Indonesian.mp3,0
6943,Indonesian,110_Indonesian.mp3,0
6944,Indonesian,111_Indonesian.mp3,1
6945,Indonesian,112_Indonesian.mp3,1
6946,Indonesian,113_Indonesian.mp3,0
6947,Indonesian,114_Indonesian.mp3,1
6948,Indonesian,115_Indonesian.mp3,0
6949,Indonesian,116_Indonesian.mp3,1
6950,Indonesian,117_Indonesian.mp3,0
6951,Indonesian,118_Indonesian.mp3,0
6952,Indonesian,119_Indonesian.mp3,1
6953,Indonesian,120_Indonesian.mp3,1
6954,Indonesian,121_Indonesian.mp3,1
6955,Indonesian,122_Indonesian.mp3,0
6956,Indonesian,123_Indonesian.mp3,0
6957,Indonesian,124_Indonesian.mp3,0
6958,Indonesian,125_Indonesian.mp3,1
6959,Indonesian,126_Indonesian.mp3,0
6960,Indonesian,127_Indonesian.mp3,1
6961,Indonesian,128_Indonesian.mp3,0
6962,Indonesian,129_Indonesian.mp3,0
6963,Indonesian,130_Indonesian.mp3,0
6964,Indonesian,131_Indonesian.mp3,1
6965,Indonesian,132_Indonesian.mp3,0
6966,Indonesian,133_Indonesian.mp3,1
6967,Indonesian,134_Indonesian.mp3,0
6968,Indonesian,135_Indonesian.mp3,1
6969,Indonesian,136_Indonesian.mp3,1
6970,Indonesian,137_Indonesian.mp3,0
6971,Indonesian,138_Indonesian.mp3,1
6972,Indonesian,139_Indonesian.mp3,1
6973,Indonesian,140_Indonesian.mp3,1
6974,Indonesian,141_Indonesian.mp3,1
6975,Indonesian,142_Indonesian.mp3,1
6976,Indonesian,143_Indonesian.mp3,0
6977,Indonesian,144_Indonesian.mp3,1
6978,Indonesian,145_Indonesian.mp3,0
6979,Indonesian,146_Indonesian.mp3,1
6980,Indonesian,147_Indonesian.mp3,1
6981,Indonesian,148_Indonesian.mp3,1
6982,Indonesian,149_Indonesian.mp3,0
6983,Indonesian,150_Indonesian.mp3,0
6984,Indonesian,151_Indonesian.mp3,0
6985,Indonesian,152_Indonesian.mp3,1
6986,Indonesian,153_Indonesian.mp3,1
6987,Indonesian,154_Indonesian.mp3,1
6988,Indonesian,155_Indonesian.mp3,1
6989,Indonesian,156_Indonesian.mp3,0
6990,Indonesian,157_Indonesian.mp3,1
6991,Indonesian,158_Indonesian.mp3,1
6992,Indonesian,159_Indonesian.mp3,1
6993,Indonesian,160_Indonesian.mp3,0
6994,Indonesian,161_Indonesian.mp3,1
6995,Indonesian,162_Indonesian.mp3,1
6996,Indonesian,163_Indonesian.mp3,1
6997,Indonesian,164_Indonesian.mp3,0
6998,Indonesian,165_Indonesian.mp3,1
6999,Indonesian,166_Indonesian.mp3,1
7000,Indonesian,167_Indonesian.mp3,1
7001,Indonesian,168_Indonesian.mp3,0
7002,Indonesian,169_Indonesian.mp3,0
7003,Indonesian,170_Indonesian.mp3,1
7004,Indonesian,171_Indonesian.mp3,0
7005,Indonesian,172_Indonesian.mp3,1
7006,Indonesian,173_Indonesian.mp3,1
7007,Indonesian,174_Indonesian.mp3,0
7008,Indonesian,175_Indonesian.mp3,1
7009,Indonesian,176_Indonesian.mp3,0
7010,Italian,1_Italian.mp3,0
7011,Italian,2_Italian.mp3,1
7012,Italian,3_Italian.mp3,0
7013,Italian,4_Italian.mp3,0
7014,Italian,5_Italian.mp3,1
7015,Italian,6_Italian.mp3,1
7016,Italian,7_Italian.mp3,0
7017,Italian,8_Italian.mp3,0
7018,Italian,9_Italian.mp3,1
7019,Italian,10_Italian.mp3,1
7020,Italian,11_Italian.mp3,0
7021,Italian,12_Italian.mp3,1
7022,Italian,13_Italian.mp3,1
7023,Italian,14_Italian.mp3,0
7024,Italian,15_Italian.mp3,1
7025,Italian,16_Italian.mp3,0
7026,Italian,17_Italian.mp3,1
7027,Italian,18_Italian.mp3,0
7028,Italian,19_Italian.mp3,1
7029,Italian,20_Italian.mp3,1
7030,Italian,21_Italian.mp3,1
7031,Italian,22_Italian.mp3,1
7032,Italian,23_Italian.mp3,0
7033,Italian,24_Italian.mp3,0
7034,Italian,25_Italian.mp3,0
7035,Italian,26_Italian.mp3,0
7036,Italian,27_Italian.mp3,1
7037,Italian,28_Italian.mp3,0
7038,Italian,29_Italian.mp3,1
7039,Italian,30_Italian.mp3,1
7040,Italian,31_Italian.mp3,1
7041,Italian,32_Italian.mp3,0
7042,Italian,33_Italian.mp3,0
7043,Italian,34_Italian.mp3,0
7044,Italian,35_Italian.mp3,0
7045,Italian,36_Italian.mp3,1
7046,Italian,37_Italian.mp3,0
7047,Italian,38_Italian.mp3,0
7048,Italian,39_Italian.mp3,0
7049,Italian,40_Italian.mp3,0
7050,Italian,41_Italian.mp3,0
7051,Italian,42_Italian.mp3,1
7052,Italian,43_Italian.mp3,0
7053,Italian,44_Italian.mp3,1
7054,Italian,45_Italian.mp3,1
7055,Italian,46_Italian.mp3,1
7056,Italian,47_Italian.mp3,0
7057,Italian,48_Italian.mp3,0
7058,Italian,49_Italian.mp3,0
7059,Italian,50_Italian.mp3,1
7060,Italian,51_Italian.mp3,1
7061,Italian,52_Italian.mp3,0
7062,Italian,53_Italian.mp3,1
7063,Italian,54_Italian.mp3,1
7064,Italian,55_Italian.mp3,0
7065,Italian,56_Italian.mp3,1
7066,Italian,57_Italian.mp3,0
7067,Italian,58_Italian.mp3,1
7068,Italian,59_Italian.mp3,0
7069,Italian,60_Italian.mp3,1
7070,Italian,61_Italian.mp3,1
7071,Italian,62_Italian.mp3,0
7072,Italian,63_Italian.mp3,1
7073,Italian,64_Italian.mp3,1
7074,Italian,65_Italian.mp3,0
7075,Italian,66_Italian.mp3,0
7076,Italian,67_Italian.mp3,0
7077,Italian,68_Italian.mp3,0
7078,Italian,69_Italian.mp3,0
7079,Italian,70_Italian.mp3,1
7080,Italian,71_Italian.mp3,0
7081,Italian,72_Italian.mp3,0
7082,Italian,73_Italian.mp3,0
7083,Italian,74_Italian.mp3,1
7084,Italian,75_Italian.mp3,0
7085,Italian,76_Italian.mp3,1
7086,Italian,77_Italian.mp3,1
7087,Italian,78_Italian.mp3,0
7088,Italian,79_Italian.mp3,0
7089,Italian,80_Italian.mp3,0
7090,Italian,81_Italian.mp3,0
7091,Italian,82_Italian.mp3,0
7092,Italian,83_Italian.mp3,1
7093,Italian,84_Italian.mp3,0
7094,Italian,85_Italian.mp3,1
7095,Italian,86_Italian.mp3,1
7096,Italian,87_Italian.mp3,1
7097,Italian,88_Italian.mp3,1
7098,Italian,89_Italian.mp3,1
7099,Italian,90_Italian.mp3,1
7100,Italian,91_Italian.mp3,0
7101,Italian,92_Italian.mp3,1
7102,Italian,93_Italian.mp3,1
7103,Italian,94_Italian.mp3,1
7104,Italian,95_Italian.mp3,0
7105,Italian,96_Italian.mp3,1
7106,Italian,97_Italian.mp3,1
7107,Italian,98_Italian.mp3,0
7108,Italian,99_Italian.mp3,1
7109,Italian,100_Italian.mp3,1
7110,Italian,101_Italian.mp3,1
7111,Italian,102_Italian.mp3,1
7112,Italian,103_Italian.mp3,0
7113,Italian,104_Italian.mp3,1
7114,Italian,105_Italian.mp3,1
7115,Italian,106_Italian.mp3,0
7116,Italian,107_Italian.mp3,1
7117,Italian,108_Italian.mp3,0
7118,Italian,109_Italian.mp3,1
7119,Italian,110_Italian.mp3,1
7120,Italian,111_Italian.mp3,1
7121,Italian,112_Italian.mp3,1
7122,Italian,113_Italian.mp3,1
7123,Italian,114_Italian.mp3,1
7124,Italian,115_Italian.mp3,0
7125,Italian,116_Italian.mp3,1
7126,Italian,117_Italian.mp3,1
7127,Italian,118_Italian.mp3,1
7128,Italian,119_Italian.mp3,0
7129,Italian,120_Italian.mp3,1
7130,Italian,121_Italian.mp3,0
7131,Italian,122_Italian.mp3,0
7132,Italian,123_Italian.mp3,0
7133,Italian,124_Italian.mp3,0
7134,Italian,125_Italian.mp3,1
7135,Italian,126_Italian.mp3,0
7136,Italian,127_Italian.mp3,0
7137,Italian,128_Italian.mp3,1
7138,Italian,129_Italian.mp3,1
7139,Italian,130_Italian.mp3,0
7140,Italian,131_Italian.mp3,0
7141,Italian,132_Italian.mp3,0
7142,Italian,133_Italian.mp3,1
7143,Italian,134_Italian.mp3,0
7144,Italian,135_Italian.mp3,1
7145,Italian,136_Italian.mp3,0
7146,Italian,137_Italian.mp3,0
7147,Italian,138_Italian.mp3,0
7148,Italian,139_Italian.mp3,0
7149,Italian,140_Italian.mp3,0
7150,Italian,141_Italian.mp3,1
7151,Italian,142_Italian.mp3,1
7152,Italian,143_Italian.mp3,1
7153,Italian,144_Italian.mp3,1
7154,Italian,145_Italian.mp3,0
7155,Italian,146_Italian.mp3,0
7156,Italian,147_Italian.mp3,1
7157,Italian,148_Italian.mp3,0
7158,Italian,149_Italian.mp3,1
7159,Italian,150_Italian.mp3,1
7160,Italian,151_Italian.mp3,0
7161,Italian,152_Italian.mp3,1
7162,Italian,153_Italian.mp3,0
7163,Italian,154_Italian.mp3,1
7164,Italian,155_Italian.mp3,1
7165,Italian,156_Italian.mp3,0
7166,Italian,157_Italian.mp3,1
7167,Italian,158_Italian.mp3,0
7168,Italian,159_Italian.mp3,1
7169,Italian,160_Italian.mp3,0
7170,Italian,161_Italian.mp3,0
7171,Italian,162_Italian.mp3,1
7172,Italian,163_Italian.mp3,0
7173,Italian,164_Italian.mp3,0
7174,Italian,165_Italian.mp3,0
7175,Italian,166_Italian.mp3,0
7176,Italian,167_Italian.mp3,1
7177,Italian,168_Italian.mp3,1
7178,Italian,169_Italian.mp3,1
7179,Italian,170_Italian.mp3,0
7180,Italian,171_Italian.mp3,1
7181,Italian,172_Italian.mp3,0
7182,Italian,173_Italian.mp3,0
7183,Italian,174_Italian.mp3,1
7184,Italian,175_Italian.mp3,1
7185,Italian,176_Italian.mp3,1
7186,Italian,177_Italian.mp3,0
7187,Italian,178_Italian.mp3,1
7188,Italian,179_Italian.mp3,0
7189,Italian,180_Italian.mp3,1
7190,Italian,181_Italian.mp3,0
7191,Italian,182_Italian.mp3,1
7192,Italian,183_Italian.mp3,1
7193,Italian,184_Italian.mp3,1
7194,Italian,185_Italian.mp3,1
7195,Italian,186_Italian.mp3,1
7196,Italian,187_Italian.mp3,1
7197,Italian,188_Italian.mp3,0
7198,Italian,189_Italian.mp3,1
7199,Japanese,1_Japanese.mp3,1
7200,Japanese,2_Japanese.mp3,1
7201,Japanese,3_Japanese.mp3,1
7202,Japanese,4_Japanese.mp3,0
7203,Japanese,5_Japanese.mp3,1
7204,Japanese,6_Japanese.mp3,0
7205,Japanese,7_Japanese.mp3,1
7206,Japanese,8_Japanese.mp3,0
7207,Japanese,9_Japanese.mp3,0
7208,Japanese,10_Japanese.mp3,1
7209,Japanese,11_Japanese.mp3,0
7210,Japanese,12_Japanese.mp3,0
7211,Japanese,13_Japanese.mp3,0
7212,Japanese,14_Japanese.mp3,0
7213,Japanese,15_Japanese.mp3,0
7214,Japanese,16_Japanese.mp3,1
7215,Japanese,17_Japanese.mp3,0
7216,Japanese,18_Japanese.mp3,1
7217,Japanese,19_Japanese.mp3,1
7218,Japanese,20_Japanese.mp3,1
7219,Japanese,21_Japanese.mp3,1
7220,Japanese,22_Japanese.mp3,1
7221,Japanese,23_Japanese.mp3,0
7222,Japanese,24_Japanese.mp3,1
7223,Japanese,25_Japanese.mp3,0
7224,Japanese,26_Japanese.mp3,1
7225,Japanese,27_Japanese.mp3,0
7226,Japanese,28_Japanese.mp3,0
7227,Japanese,29_Japanese.mp3,0
7228,Japanese,30_Japanese.mp3,1
7229,Japanese,31_Japanese.mp3,0
7230,Japanese,32_Japanese.mp3,1
7231,Japanese,33_Japanese.mp3,1
7232,Japanese,34_Japanese.mp3,0
7233,Japanese,35_Japanese.mp3,1
7234,Japanese,36_Japanese.mp3,0
7235,Japanese,37_Japanese.mp3,1
7236,Japanese,38_Japanese.mp3,0
7237,Japanese,39_Japanese.mp3,1
7238,Japanese,40_Japanese.mp3,0
7239,Japanese,41_Japanese.mp3,0
7240,Japanese,42_Japanese.mp3,0
7241,Japanese,43_Japanese.mp3,0
7242,Japanese,44_Japanese.mp3,0
7243,Japanese,45_Japanese.mp3,0
7244,Japanese,46_Japanese.mp3,0
7245,Japanese,47_Japanese.mp3,1
7246,Japanese,48_Japanese.mp3,0
7247,Japanese,49_Japanese.mp3,1
7248,Japanese,50_Japanese.mp3,0
7249,Japanese,51_Japanese.mp3,1
7250,Japanese,52_Japanese.mp3,1
7251,Japanese,53_Japanese.mp3,0
7252,Japanese,54_Japanese.mp3,0
7253,Japanese,55_Japanese.mp3,0
7254,Japanese,56_Japanese.mp3,0
7255,Japanese,57_Japanese.mp3,0
7256,Japanese,58_Japanese.mp3,1
7257,Japanese,59_Japanese.mp3,0
7258,Japanese,60_Japanese.mp3,1
7259,Japanese,61_Japanese.mp3,1
7260,Japanese,62_Japanese.mp3,0
7261,Japanese,63_Japanese.mp3,1
7262,Japanese,64_Japanese.mp3,1
7263,Japanese,65_Japanese.mp3,0
7264,Japanese,66_Japanese.mp3,0
7265,Japanese,67_Japanese.mp3,1
7266,Japanese,68_Japanese.mp3,1
7267,Japanese,69_Japanese.mp3,1
7268,Japanese,70_Japanese.mp3,0
7269,Japanese,71_Japanese.mp3,0
7270,Japanese,72_Japanese.mp3,1
7271,Japanese,73_Japanese.mp3,0
7272,Japanese,74_Japanese.mp3,1
7273,Japanese,75_Japanese.mp3,1
7274,Japanese,76_Japanese.mp3,1
7275,Japanese,77_Japanese.mp3,0
7276,Japanese,78_Japanese.mp3,1
7277,Japanese,79_Japanese.mp3,0
7278,Japanese,80_Japanese.mp3,1
7279,Japanese,81_Japanese.mp3,1
7280,Japanese,82_Japanese.mp3,0
7281,Japanese,83_Japanese.mp3,0
7282,Japanese,84_Japanese.mp3,1
7283,Japanese,85_Japanese.mp3,1
7284,Japanese,86_Japanese.mp3,1
7285,Japanese,87_Japanese.mp3,0
7286,Japanese,88_Japanese.mp3,0
7287,Japanese,89_Japanese.mp3,1
7288,Japanese,90_Japanese.mp3,0
7289,Japanese,91_Japanese.mp3,1
7290,Japanese,92_Japanese.mp3,0
7291,Japanese,93_Japanese.mp3,0
7292,Japanese,94_Japanese.mp3,1
7293,Japanese,95_Japanese.mp3,0
7294,Japanese,96_Japanese.mp3,1
7295,Japanese,97_Japanese.mp3,1
7296,Japanese,98_Japanese.mp3,0
7297,Japanese,99_Japanese.mp3,1
7298,Japanese,100_Japanese.mp3,1
7299,Japanese,101_Japanese.mp3,0
7300,Japanese,102_Japanese.mp3,0
7301,Japanese,103_Japanese.mp3,1
7302,Japanese,104_Japanese.mp3,1
7303,Japanese,105_Japanese.mp3,0
7304,Japanese,106_Japanese.mp3,0
7305,Japanese,107_Japanese.mp3,1
7306,Japanese,108_Japanese.mp3,0
7307,Japanese,109_Japanese.mp3,1
7308,Japanese,110_Japanese.mp3,0
7309,Japanese,111_Japanese.mp3,0
7310,Japanese,112_Japanese.mp3,0
7311,Japanese,113_Japanese.mp3,0
7312,Japanese,114_Japanese.mp3,0
7313,Japanese,115_Japanese.mp3,1
7314,Japanese,116_Japanese.mp3,0
7315,Japanese,117_Japanese.mp3,0
7316,Japanese,118_Japanese.mp3,1
7317,Japanese,119_Japanese.mp3,1
7318,Japanese,120_Japanese.mp3,0
7319,Japanese,121_Japanese.mp3,0
7320,Japanese,122_Japanese.mp3,1
7321,Japanese,123_Japanese.mp3,1
7322,Japanese,124_Japanese.mp3,1
7323,Japanese,125_Japanese.mp3,0
7324,Japanese,126_Japanese.mp3,1
7325,Japanese,127_Japanese.mp3,1
7326,Japanese,128_Japanese.mp3,0
7327,Japanese,129_Japanese.mp3,0
7328,Japanese,130_Japanese.mp3,1
7329,Japanese,131_Japanese.mp3,1
7330,Japanese,132_Japanese.mp3,0
7331,Japanese,133_Japanese.mp3,0
7332,Japanese,134_Japanese.mp3,1
7333,Japanese,135_Japanese.mp3,1
7334,Japanese,136_Japanese.mp3,1
7335,Japanese,137_Japanese.mp3,1
7336,Japanese,138_Japanese.mp3,1
7337,Japanese,139_Japanese.mp3,1
7338,Japanese,140_Japanese.mp3,0
7339,Japanese,141_Japanese.mp3,1
7340,Japanese,142_Japanese.mp3,1
7341,Japanese,143_Japanese.mp3,1
7342,Japanese,144_Japanese.mp3,0
7343,Japanese,145_Japanese.mp3,1
7344,Japanese,146_Japanese.mp3,0
7345,Japanese,147_Japanese.mp3,1
7346,Japanese,148_Japanese.mp3,0
7347,Japanese,149_Japanese.mp3,0
7348,Japanese,150_Japanese.mp3,0
7349,Japanese,151_Japanese.mp3,0
7350,Japanese,152_Japanese.mp3,1
7351,Japanese,153_Japanese.mp3,0
7352,Japanese,154_Japanese.mp3,1
7353,Japanese,155_Japanese.mp3,0
7354,Japanese,156_Japanese.mp3,0
7355,Japanese,157_Japanese.mp3,1
7356,Japanese,158_Japanese.mp3,0
7357,Japanese,159_Japanese.mp3,1
7358,Japanese,160_Japanese.mp3,1
7359,Japanese,161_Japanese.mp3,0
7360,Japanese,162_Japanese.mp3,1
7361,Japanese,163_Japanese.mp3,0
7362,Japanese,164_Japanese.mp3,0
7363,Japanese,165_Japanese.mp3,0
7364,Japanese,166_Japanese.mp3,1
7365,Japanese,167_Japanese.mp3,0
7366,Japanese,168_Japanese.mp3,0
7367,Japanese,169_Japanese.mp3,0
7368,Japanese,170_Japanese.mp3,0
7369,Japanese,171_Japanese.mp3,0
7370,Japanese,172_Japanese.mp3,1
7371,Japanese,173_Japanese.mp3,1
7372,Javanese,1_Javanese.mp3,1
7373,Javanese,2_Javanese.mp3,0
7374,Javanese,3_Javanese.mp3,1
7375,Javanese,4_Javanese.mp3,1
7376,Javanese,5_Javanese.mp3,0
7377,Javanese,6_Javanese.mp3,0
7378,Javanese,7_Javanese.mp3,0
7379,Javanese,8_Javanese.mp3,1
7380,Javanese,9_Javanese.mp3,1
7381,Javanese,10_Javanese.mp3,0
7382,Javanese,11_Javanese.mp3,1
7383,Javanese,12_Javanese.mp3,0
7384,Javanese,13_Javanese.mp3,0
7385,Javanese,14_Javanese.mp3,0
7386,Javanese,15_Javanese.mp3,1
7387,Javanese,16_Javanese.mp3,0
7388,Javanese,17_Javanese.mp3,0
7389,Javanese,18_Javanese.mp3,0
7390,Javanese,19_Javanese.mp3,1
7391,Javanese,20_Javanese.mp3,1
7392,Javanese,21_Javanese.mp3,1
7393,Javanese,22_Javanese.mp3,0
7394,Javanese,23_Javanese.mp3,1
7395,Javanese,24_Javanese.mp3,1
7396,Javanese,25_Javanese.mp3,0
7397,Javanese,26_Javanese.mp3,0
7398,Javanese,27_Javanese.mp3,1
7399,Javanese,28_Javanese.mp3,0
7400,Javanese,29_Javanese.mp3,1
7401,Javanese,30_Javanese.mp3,0
7402,Javanese,31_Javanese.mp3,0
7403,Javanese,32_Javanese.mp3,1
7404,Javanese,33_Javanese.mp3,1
7405,Javanese,34_Javanese.mp3,1
7406,Javanese,35_Javanese.mp3,1
7407,Javanese,36_Javanese.mp3,0
7408,Javanese,37_Javanese.mp3,1
7409,Javanese,38_Javanese.mp3,1
7410,Javanese,39_Javanese.mp3,0
7411,Javanese,40_Javanese.mp3,0
7412,Javanese,41_Javanese.mp3,1
7413,Javanese,42_Javanese.mp3,0
7414,Javanese,43_Javanese.mp3,0
7415,Javanese,44_Javanese.mp3,0
7416,Javanese,45_Javanese.mp3,0
7417,Javanese,46_Javanese.mp3,0
7418,Javanese,47_Javanese.mp3,0
7419,Javanese,48_Javanese.mp3,0
7420,Javanese,49_Javanese.mp3,1
7421,Javanese,50_Javanese.mp3,0
7422,Javanese,51_Javanese.mp3,1
7423,Javanese,52_Javanese.mp3,1
7424,Javanese,53_Javanese.mp3,0
7425,Javanese,54_Javanese.mp3,0
7426,Javanese,55_Javanese.mp3,0
7427,Javanese,56_Javanese.mp3,0
7428,Javanese,57_Javanese.mp3,0
7429,Javanese,58_Javanese.mp3,0
7430,Javanese,59_Javanese.mp3,0
7431,Javanese,60_Javanese.mp3,1
7432,Javanese,61_Javanese.mp3,0
7433,Javanese,62_Javanese.mp3,0
7434,Javanese,63_Javanese.mp3,1
7435,Javanese,64_Javanese.mp3,1
7436,Javanese,65_Javanese.mp3,0
7437,Javanese,66_Javanese.mp3,1
7438,Javanese,67_Javanese.mp3,0
7439,Javanese,68_Javanese.mp3,0
7440,Javanese,69_Javanese.mp3,1
7441,Javanese,70_Javanese.mp3,0
7442,Javanese,71_Javanese.mp3,0
7443,Javanese,72_Javanese.mp3,1
7444,Javanese,73_Javanese.mp3,1
7445,Javanese,74_Javanese.mp3,1
7446,Javanese,75_Javanese.mp3,1
7447,Javanese,76_Javanese.mp3,1
7448,Javanese,77_Javanese.mp3,0
7449,Javanese,78_Javanese.mp3,1
7450,Javanese,79_Javanese.mp3,0
7451,Javanese,80_Javanese.mp3,0
7452,Javanese,81_Javanese.mp3,1
7453,Javanese,82_Javanese.mp3,0
7454,Javanese,83_Javanese.mp3,1
7455,Javanese,84_Javanese.mp3,0
7456,Javanese,85_Javanese.mp3,0
7457,Javanese,86_Javanese.mp3,0
7458,Javanese,87_Javanese.mp3,0
7459,Javanese,88_Javanese.mp3,1
7460,Javanese,89_Javanese.mp3,0
7461,Javanese,90_Javanese.mp3,1
7462,Javanese,91_Javanese.mp3,0
7463,Javanese,92_Javanese.mp3,0
7464,Javanese,93_Javanese.mp3,0
7465,Javanese,94_Javanese.mp3,0
7466,Javanese,95_Javanese.mp3,0
7467,Javanese,96_Javanese.mp3,0
7468,Javanese,97_Javanese.mp3,1
7469,Javanese,98_Javanese.mp3,1
7470,Javanese,99_Javanese.mp3,1
7471,Javanese,100_Javanese.mp3,0
7472,Javanese,101_Javanese.mp3,0
7473,Javanese,102_Javanese.mp3,1
7474,Javanese,103_Javanese.mp3,1
7475,Javanese,104_Javanese.mp3,1
7476,Javanese,105_Javanese.mp3,1
7477,Javanese,106_Javanese.mp3,1
7478,Javanese,107_Javanese.mp3,1
7479,Javanese,108_Javanese.mp3,1
7480,Javanese,109_Javanese.mp3,0
7481,Javanese,110_Javanese.mp3,1
7482,Javanese,111_Javanese.mp3,0
7483,Javanese,112_Javanese.mp3,0
7484,Javanese,113_Javanese.mp3,0
7485,Javanese,114_Javanese.mp3,0
7486,Javanese,115_Javanese.mp3,1
7487,Javanese,116_Javanese.mp3,1
7488,Javanese,117_Javanese.mp3,1
7489,Javanese,118_Javanese.mp3,1
7490,Javanese,119_Javanese.mp3,1
7491,Javanese,120_Javanese.mp3,1
7492,Javanese,121_Javanese.mp3,0
7493,Javanese,122_Javanese.mp3,0
7494,Javanese,123_Javanese.mp3,0
7495,Javanese,124_Javanese.mp3,1
7496,Javanese,125_Javanese.mp3,0
7497,Javanese,126_Javanese.mp3,1
7498,Javanese,127_Javanese.mp3,1
7499,Javanese,128_Javanese.mp3,0
7500,Javanese,129_Javanese.mp3,1
7501,Javanese,130_Javanese.mp3,0
7502,Javanese,131_Javanese.mp3,1
7503,Javanese,132_Javanese.mp3,0
7504,Javanese,133_Javanese.mp3,1
7505,Javanese,134_Javanese.mp3,1
7506,Javanese,135_Javanese.mp3,0
7507,Javanese,136_Javanese.mp3,0
7508,Javanese,137_Javanese.mp3,1
7509,Javanese,138_Javanese.mp3,0
7510,Javanese,139_Javanese.mp3,0
7511,Javanese,140_Javanese.mp3,0
7512,Javanese,141_Javanese.mp3,0
7513,Javanese,142_Javanese.mp3,1
7514,Javanese,143_Javanese.mp3,0
7515,Javanese,144_Javanese.mp3,0
7516,Javanese,145_Javanese.mp3,0
7517,Javanese,146_Javanese.mp3,1
7518,Javanese,147_Javanese.mp3,1
7519,Javanese,148_Javanese.mp3,0
7520,Javanese,149_Javanese.mp3,1
7521,Javanese,150_Javanese.mp3,1
7522,Javanese,151_Javanese.mp3,0
7523,Javanese,152_Javanese.mp3,1
7524,Javanese,153_Javanese.mp3,1
7525,Javanese,154_Javanese.mp3,1
7526,Javanese,155_Javanese.mp3,0
7527,Javanese,156_Javanese.mp3,1
7528,Javanese,157_Javanese.mp3,1
7529,Javanese,158_Javanese.mp3,1
7530,Javanese,159_Javanese.mp3,1
7531,Javanese,160_Javanese.mp3,0
7532,Javanese,161_Javanese.mp3,1
7533,Javanese,162_Javanese.mp3,0
7534,Javanese,163_Javanese.mp3,1
7535,Javanese,164_Javanese.mp3,0
7536,Javanese,165_Javanese.mp3,0
7537,Javanese,166_Javanese.mp3,1
7538,Javanese,167_Javanese.mp3,0
7539,Javanese,168_Javanese.mp3,1
7540,Javanese,169_Javanese.mp3,1
7541,Javanese,170_Javanese.mp3,0
7542,Javanese,171_Javanese.mp3,1
7543,Javanese,172_Javanese.mp3,0
7544,Javanese,173_Javanese.mp3,1
7545,Javanese,174_Javanese.mp3,0
7546,Javanese,175_Javanese.mp3,1
7547,Javanese,176_Javanese.mp3,0
7548,Javanese,177_Javanese.mp3,0
7549,Javanese,178_Javanese.mp3,1
7550,Javanese,179_Javanese.mp3,0
7551,Javanese,180_Javanese.mp3,1
7552,Javanese,181_Javanese.mp3,1
7553,Javanese,182_Javanese.mp3,1
7554,Javanese,183_Javanese.mp3,0
7555,Javanese,184_Javanese.mp3,1
7556,Javanese,185_Javanese.mp3,1
7557,Korean,1_Korean.mp3,1
7558,Korean,2_Korean.mp3,1
7559,Korean,3_Korean.mp3,1
7560,Korean,4_Korean.mp3,0
7561,Korean,5_Korean.mp3,1
7562,Korean,6_Korean.mp3,1
7563,Korean,7_Korean.mp3,1
7564,Korean,8_Korean.mp3,0
7565,Korean,9_Korean.mp3,0
7566,Korean,10_Korean.mp3,1
7567,Korean,11_Korean.mp3,0
7568,Korean,12_Korean.mp3,0
7569,Korean,13_Korean.mp3,0
7570,Korean,14_Korean.mp3,0
7571,Korean,15_Korean.mp3,0
7572,Korean,16_Korean.mp3,1
7573,Korean,17_Korean.mp3,0
7574,Korean,18_Korean.mp3,1
7575,Korean,19_Korean.mp3,1
7576,Korean,20_Korean.mp3,1
7577,Korean,21_Korean.mp3,1
7578,Korean,22_Korean.mp3,1
7579,Korean,23_Korean.mp3,0
7580,Korean,24_Korean.mp3,1
7581,Korean,25_Korean.mp3,0
7582,Korean,26_Korean.mp3,1
7583,Korean,27_Korean.mp3,0
7584,Korean,28_Korean.mp3,0
7585,Korean,29_Korean.mp3,0
7586,Korean,30_Korean.mp3,1
7587,Korean,31_Korean.mp3,0
7588,Korean,32_Korean.mp3,1
7589,Korean,33_Korean.mp3,1
7590,Korean,34_Korean.mp3,0
7591,Korean,35_Korean.mp3,1
7592,Korean,36_Korean.mp3,0
7593,Korean,37_Korean.mp3,1
7594,Korean,38_Korean.mp3,0
7595,Korean,39_Korean.mp3,1
7596,Korean,40_Korean.mp3,0
7597,Korean,41_Korean.mp3,0
7598,Korean,42_Korean.mp3,0
7599,Korean,43_Korean.mp3,0
7600,Korean,44_Korean.mp3,0
7601,Korean,45_Korean.mp3,0
7602,Korean,46_Korean.mp3,0
7603,Korean,47_Korean.mp3,1
7604,Korean,48_Korean.mp3,0
7605,Korean,49_Korean.mp3,1
7606,Korean,50_Korean.mp3,0
7607,Korean,51_Korean.mp3,1
7608,Korean,52_Korean.mp3,1
7609,Korean,53_Korean.mp3,0
7610,Korean,54_Korean.mp3,0
7611,Korean,55_Korean.mp3,0
7612,Korean,56_Korean.mp3,1
7613,Korean,57_Korean.mp3,0
7614,Korean,58_Korean.mp3,1
7615,Korean,59_Korean.mp3,0
7616,Korean,60_Korean.mp3,1
7617,Korean,61_Korean.mp3,1
7618,Korean,62_Korean.mp3,0
7619,Korean,63_Korean.mp3,1
7620,Korean,64_Korean.mp3,1
7621,Korean,65_Korean.mp3,0
7622,Korean,66_Korean.mp3,0
7623,Korean,67_Korean.mp3,1
7624,Korean,68_Korean.mp3,1
7625,Korean,69_Korean.mp3,1
7626,Korean,70_Korean.mp3,0
7627,Korean,71_Korean.mp3,0
7628,Korean,72_Korean.mp3,1
7629,Korean,73_Korean.mp3,0
7630,Korean,74_Korean.mp3,1
7631,Korean,75_Korean.mp3,1
7632,Korean,76_Korean.mp3,1
7633,Korean,77_Korean.mp3,0
7634,Korean,78_Korean.mp3,1
7635,Korean,79_Korean.mp3,0
7636,Korean,80_Korean.mp3,1
7637,Korean,81_Korean.mp3,1
7638,Korean,82_Korean.mp3,0
7639,Korean,83_Korean.mp3,0
7640,Korean,84_Korean.mp3,1
7641,Korean,85_Korean.mp3,1
7642,Korean,86_Korean.mp3,1
7643,Korean,87_Korean.mp3,0
7644,Korean,88_Korean.mp3,0
7645,Korean,89_Korean.mp3,1
7646,Korean,90_Korean.mp3,1
7647,Korean,91_Korean.mp3,1
7648,Korean,92_Korean.mp3,0
7649,Korean,93_Korean.mp3,0
7650,Korean,94_Korean.mp3,1
7651,Korean,95_Korean.mp3,0
7652,Korean,96_Korean.mp3,1
7653,Korean,97_Korean.mp3,1
7654,Korean,98_Korean.mp3,0
7655,Korean,99_Korean.mp3,1
7656,Korean,100_Korean.mp3,1
7657,Korean,101_Korean.mp3,0
7658,Korean,102_Korean.mp3,0
7659,Korean,103_Korean.mp3,1
7660,Korean,104_Korean.mp3,1
7661,Korean,105_Korean.mp3,0
7662,Korean,106_Korean.mp3,0
7663,Korean,107_Korean.mp3,1
7664,Korean,108_Korean.mp3,0
7665,Korean,109_Korean.mp3,1
7666,Korean,110_Korean.mp3,0
7667,Korean,111_Korean.mp3,0
7668,Korean,112_Korean.mp3,0
7669,Korean,113_Korean.mp3,0
7670,Korean,114_Korean.mp3,0
7671,Korean,115_Korean.mp3,1
7672,Korean,116_Korean.mp3,0
7673,Korean,117_Korean.mp3,0
7674,Korean,118_Korean.mp3,1
7675,Korean,119_Korean.mp3,1
7676,Korean,120_Korean.mp3,0
7677,Korean,121_Korean.mp3,0
7678,Korean,122_Korean.mp3,1
7679,Korean,123_Korean.mp3,1
7680,Korean,124_Korean.mp3,1
7681,Korean,125_Korean.mp3,0
7682,Korean,126_Korean.mp3,1
7683,Korean,127_Korean.mp3,1
7684,Korean,128_Korean.mp3,1
7685,Korean,129_Korean.mp3,0
7686,Korean,130_Korean.mp3,1
7687,Korean,131_Korean.mp3,1
7688,Korean,132_Korean.mp3,0
7689,Korean,133_Korean.mp3,0
7690,Korean,134_Korean.mp3,1
7691,Korean,135_Korean.mp3,1
7692,Korean,136_Korean.mp3,1
7693,Korean,137_Korean.mp3,1
7694,Korean,138_Korean.mp3,1
7695,Korean,139_Korean.mp3,1
7696,Korean,140_Korean.mp3,0
7697,Korean,141_Korean.mp3,1
7698,Korean,142_Korean.mp3,1
7699,Korean,143_Korean.mp3,1
7700,Korean,144_Korean.mp3,0
7701,Korean,145_Korean.mp3,1
7702,Korean,146_Korean.mp3,0
7703,Korean,147_Korean.mp3,1
7704,Korean,148_Korean.mp3,0
7705,Korean,149_Korean.mp3,0
7706,Korean,150_Korean.mp3,0
7707,Korean,151_Korean.mp3,0
7708,Korean,152_Korean.mp3,1
7709,Korean,153_Korean.mp3,0
7710,Korean,154_Korean.mp3,1
7711,Korean,155_Korean.mp3,0
7712,Korean,156_Korean.mp3,0
7713,Korean,157_Korean.mp3,1
7714,Korean,158_Korean.mp3,0
7715,Korean,159_Korean.mp3,1
7716,Korean,160_Korean.mp3,1
7717,Korean,161_Korean.mp3,0
7718,Korean,162_Korean.mp3,1
7719,Korean,163_Korean.mp3,0
7720,Korean,164_Korean.mp3,0
7721,Korean,165_Korean.mp3,0
7722,Korean,166_Korean.mp3,1
7723,Korean,167_Korean.mp3,0
7724,Korean,168_Korean.mp3,0
7725,Korean,169_Korean.mp3,0
7726,Korean,170_Korean.mp3,0
7727,Marathi,1_Marathi.mp3,1
7728,Marathi,2_Marathi.mp3,0
7729,Marathi,3_Marathi.mp3,1
7730,Marathi,4_Marathi.mp3,1
7731,Marathi,5_Marathi.mp3,1
7732,Marathi,6_Marathi.mp3,1
7733,Marathi,7_Marathi.mp3,0
7734,Marathi,8_Marathi.mp3,1
7735,Marathi,9_Marathi.mp3,1
7736,Marathi,10_Marathi.mp3,0
7737,Marathi,11_Marathi.mp3,1
7738,Marathi,12_Marathi.mp3,0
7739,Marathi,13_Marathi.mp3,0
7740,Marathi,14_Marathi.mp3,0
7741,Marathi,15_Marathi.mp3,1
7742,Marathi,16_Marathi.mp3,0
7743,Marathi,17_Marathi.mp3,0
7744,Marathi,18_Marathi.mp3,0
7745,Marathi,19_Marathi.mp3,1
7746,Marathi,20_Marathi.mp3,1
7747,Marathi,21_Marathi.mp3,1
7748,Marathi,22_Marathi.mp3,0
7749,Marathi,23_Marathi.mp3,1
7750,Marathi,24_Marathi.mp3,1
7751,Marathi,25_Marathi.mp3,0
7752,Marathi,26_Marathi.mp3,0
7753,Marathi,27_Marathi.mp3,1
7754,Marathi,28_Marathi.mp3,0
7755,Marathi,29_Marathi.mp3,1
7756,Marathi,30_Marathi.mp3,0
7757,Marathi,31_Marathi.mp3,0
7758,Marathi,32_Marathi.mp3,1
7759,Marathi,33_Marathi.mp3,1
7760,Marathi,34_Marathi.mp3,1
7761,Marathi,35_Marathi.mp3,1
7762,Marathi,36_Marathi.mp3,1
7763,Marathi,37_Marathi.mp3,1
7764,Marathi,38_Marathi.mp3,1
7765,Marathi,39_Marathi.mp3,0
7766,Marathi,40_Marathi.mp3,0
7767,Marathi,41_Marathi.mp3,1
7768,Marathi,42_Marathi.mp3,0
7769,Marathi,43_Marathi.mp3,0
7770,Marathi,44_Marathi.mp3,0
7771,Marathi,45_Marathi.mp3,0
7772,Marathi,46_Marathi.mp3,0
7773,Marathi,47_Marathi.mp3,0
7774,Marathi,48_Marathi.mp3,0
7775,Marathi,49_Marathi.mp3,1
7776,Marathi,50_Marathi.mp3,0
7777,Marathi,51_Marathi.mp3,1
7778,Marathi,52_Marathi.mp3,1
7779,Marathi,53_Marathi.mp3,0
7780,Marathi,54_Marathi.mp3,0
7781,Marathi,55_Marathi.mp3,0
7782,Marathi,56_Marathi.mp3,0
7783,Marathi,57_Marathi.mp3,0
7784,Marathi,58_Marathi.mp3,0
7785,Marathi,59_Marathi.mp3,0
7786,Marathi,60_Marathi.mp3,1
7787,Marathi,61_Marathi.mp3,0
7788,Marathi,62_Marathi.mp3,0
7789,Marathi,63_Marathi.mp3,1
7790,Marathi,64_Marathi.mp3,1
7791,Marathi,65_Marathi.mp3,0
7792,Marathi,66_Marathi.mp3,1
7793,Marathi,67_Marathi.mp3,0
7794,Marathi,68_Marathi.mp3,0
7795,Marathi,69_Marathi.mp3,1
7796,Marathi,70_Marathi.mp3,0
7797,Marathi,71_Marathi.mp3,0
7798,Marathi,72_Marathi.mp3,1
7799,Marathi,73_Marathi.mp3,1
7800,Marathi,74_Marathi.mp3,1
7801,Marathi,75_Marathi.mp3,1
7802,Marathi,76_Marathi.mp3,1
7803,Marathi,77_Marathi.mp3,0
7804,Marathi,78_Marathi.mp3,1
7805,Marathi,79_Marathi.mp3,0
7806,Marathi,80_Marathi.mp3,0
7807,Marathi,81_Marathi.mp3,1
7808,Marathi,82_Marathi.mp3,0
7809,Marathi,83_Marathi.mp3,1
7810,Marathi,84_Marathi.mp3,0
7811,Marathi,85_Marathi.mp3,0
7812,Marathi,86_Marathi.mp3,1
7813,Marathi,87_Marathi.mp3,1
7814,Marathi,88_Marathi.mp3,1
7815,Marathi,89_Marathi.mp3,0
7816,Marathi,90_Marathi.mp3,1
7817,Marathi,91_Marathi.mp3,0
7818,Marathi,92_Marathi.mp3,0
7819,Marathi,93_Marathi.mp3,0
7820,Marathi,94_Marathi.mp3,0
7821,Marathi,95_Marathi.mp3,0
7822,Marathi,96_Marathi.mp3,0
7823,Marathi,97_Marathi.mp3,1
7824,Marathi,98_Marathi.mp3,1
7825,Marathi,99_Marathi.mp3,1
7826,Marathi,100_Marathi.mp3,0
7827,Marathi,101_Marathi.mp3,0
7828,Marathi,102_Marathi.mp3,1
7829,Marathi,103_Marathi.mp3,1
7830,Marathi,104_Marathi.mp3,1
7831,Marathi,105_Marathi.mp3,1
7832,Marathi,106_Marathi.mp3,1
7833,Marathi,107_Marathi.mp3,1
7834,Marathi,108_Marathi.mp3,1
7835,Marathi,109_Marathi.mp3,0
7836,Marathi,110_Marathi.mp3,1
7837,Marathi,111_Marathi.mp3,0
7838,Marathi,112_Marathi.mp3,0
7839,Marathi,113_Marathi.mp3,0
7840,Marathi,114_Marathi.mp3,0
7841,Marathi,115_Marathi.mp3,1
7842,Marathi,116_Marathi.mp3,1
7843,Marathi,117_Marathi.mp3,1
7844,Marathi,118_Marathi.mp3,1
7845,Marathi,119_Marathi.mp3,1
7846,Marathi,120_Marathi.mp3,1
7847,Marathi,121_Marathi.mp3,0
7848,Marathi,122_Marathi.mp3,0
7849,Marathi,123_Marathi.mp3,0
7850,Marathi,124_Marathi.mp3,1
7851,Marathi,125_Marathi.mp3,0
7852,Marathi,126_Marathi.mp3,1
7853,Marathi,127_Marathi.mp3,1
7854,Marathi,128_Marathi.mp3,0
7855,Marathi,129_Marathi.mp3,1
7856,Marathi,130_Marathi.mp3,0
7857,Marathi,131_Marathi.mp3,1
7858,Marathi,132_Marathi.mp3,0
7859,Marathi,133_Marathi.mp3,1
7860,Marathi,134_Marathi.mp3,1
7861,Marathi,135_Marathi.mp3,0
7862,Marathi,136_Marathi.mp3,0
7863,Marathi,137_Marathi.mp3,1
7864,Marathi,138_Marathi.mp3,0
7865,Marathi,139_Marathi.mp3,0
7866,Marathi,140_Marathi.mp3,0
7867,Marathi,141_Marathi.mp3,0
7868,Marathi,142_Marathi.mp3,1
7869,Marathi,143_Marathi.mp3,0
7870,Marathi,144_Marathi.mp3,0
7871,Marathi,145_Marathi.mp3,0
7872,Marathi,146_Marathi.mp3,1
7873,Marathi,147_Marathi.mp3,1
7874,Marathi,148_Marathi.mp3,1
7875,Marathi,149_Marathi.mp3,1
7876,Marathi,150_Marathi.mp3,1
7877,Marathi,151_Marathi.mp3,0
7878,Marathi,152_Marathi.mp3,1
7879,Marathi,153_Marathi.mp3,1
7880,Marathi,154_Marathi.mp3,1
7881,Marathi,155_Marathi.mp3,0
7882,Marathi,156_Marathi.mp3,1
7883,Marathi,157_Marathi.mp3,1
7884,Marathi,158_Marathi.mp3,1
7885,Marathi,159_Marathi.mp3,1
7886,Marathi,160_Marathi.mp3,0
7887,Marathi,161_Marathi.mp3,1
7888,Marathi,162_Marathi.mp3,0
7889,Marathi,163_Marathi.mp3,1
7890,Marathi,164_Marathi.mp3,0
7891,Marathi,165_Marathi.mp3,0
7892,Marathi,166_Marathi.mp3,1
7893,Marathi,167_Marathi.mp3,0
7894,Marathi,168_Marathi.mp3,1
7895,Marathi,169_Marathi.mp3,1
7896,Marathi,170_Marathi.mp3,0
7897,Marathi,171_Marathi.mp3,1
7898,Marathi,172_Marathi.mp3,0
7899,Marathi,173_Marathi.mp3,1
7900,Marathi,174_Marathi.mp3,0
7901,Marathi,175_Marathi.mp3,1
7902,Marathi,176_Marathi.mp3,0
7903,Marathi,177_Marathi.mp3,0
7904,Marathi,178_Marathi.mp3,1
7905,Marathi,179_Marathi.mp3,0
7906,Marathi,180_Marathi.mp3,1
7907,Marathi,181_Marathi.mp3,1
7908,Marathi,182_Marathi.mp3,1
7909,Marathi,183_Marathi.mp3,0
7910,Marathi,184_Marathi.mp3,1
7911,Marathi,185_Marathi.mp3,0
7912,Nepali,1_Nepali.mp3,1
7913,Nepali,2_Nepali.mp3,0
7914,Nepali,3_Nepali.mp3,1
7915,Nepali,4_Nepali.mp3,1
7916,Nepali,5_Nepali.mp3,0
7917,Nepali,6_Nepali.mp3,1
7918,Nepali,7_Nepali.mp3,0
7919,Nepali,8_Nepali.mp3,0
7920,Nepali,9_Nepali.mp3,1
7921,Nepali,10_Nepali.mp3,0
7922,Nepali,11_Nepali.mp3,1
7923,Nepali,12_Nepali.mp3,1
7924,Nepali,13_Nepali.mp3,0
7925,Nepali,14_Nepali.mp3,0
7926,Nepali,15_Nepali.mp3,0
7927,Nepali,16_Nepali.mp3,1
7928,Nepali,17_Nepali.mp3,1
7929,Nepali,18_Nepali.mp3,0
7930,Nepali,19_Nepali.mp3,1
7931,Nepali,20_Nepali.mp3,1
7932,Nepali,21_Nepali.mp3,1
7933,Nepali,22_Nepali.mp3,1
7934,Nepali,23_Nepali.mp3,1
7935,Nepali,24_Nepali.mp3,1
7936,Nepali,25_Nepali.mp3,0
7937,Nepali,26_Nepali.mp3,1
7938,Nepali,27_Nepali.mp3,1
7939,Nepali,28_Nepali.mp3,1
7940,Nepali,29_Nepali.mp3,1
7941,Nepali,30_Nepali.mp3,1
7942,Nepali,31_Nepali.mp3,0
7943,Nepali,32_Nepali.mp3,0
7944,Nepali,33_Nepali.mp3,1
7945,Nepali,34_Nepali.mp3,1
7946,Nepali,35_Nepali.mp3,0
7947,Nepali,36_Nepali.mp3,0
7948,Nepali,37_Nepali.mp3,1
7949,Nepali,38_Nepali.mp3,1
7950,Nepali,39_Nepali.mp3,0
7951,Nepali,40_Nepali.mp3,1
7952,Nepali,41_Nepali.mp3,1
7953,Nepali,42_Nepali.mp3,0
7954,Nepali,43_Nepali.mp3,0
7955,Nepali,44_Nepali.mp3,1
7956,Nepali,45_Nepali.mp3,1
7957,Nepali,46_Nepali.mp3,0
7958,Nepali,47_Nepali.mp3,1
7959,Nepali,48_Nepali.mp3,1
7960,Nepali,49_Nepali.mp3,0
7961,Nepali,50_Nepali.mp3,1
7962,Nepali,51_Nepali.mp3,1
7963,Nepali,52_Nepali.mp3,1
7964,Nepali,53_Nepali.mp3,0
7965,Nepali,54_Nepali.mp3,1
7966,Nepali,55_Nepali.mp3,0
7967,Nepali,56_Nepali.mp3,1
7968,Nepali,57_Nepali.mp3,1
7969,Nepali,58_Nepali.mp3,0
7970,Nepali,59_Nepali.mp3,0
7971,Nepali,60_Nepali.mp3,0
7972,Nepali,61_Nepali.mp3,1
7973,Nepali,62_Nepali.mp3,0
7974,Nepali,63_Nepali.mp3,1
7975,Nepali,64_Nepali.mp3,1
7976,Nepali,65_Nepali.mp3,1
7977,Nepali,66_Nepali.mp3,1
7978,Nepali,67_Nepali.mp3,1
7979,Nepali,68_Nepali.mp3,1
7980,Nepali,69_Nepali.mp3,1
7981,Nepali,70_Nepali.mp3,1
7982,Nepali,71_Nepali.mp3,1
7983,Nepali,72_Nepali.mp3,0
7984,Nepali,73_Nepali.mp3,1
7985,Nepali,74_Nepali.mp3,0
7986,Nepali,75_Nepali.mp3,1
7987,Nepali,76_Nepali.mp3,1
7988,Nepali,77_Nepali.mp3,0
7989,Nepali,78_Nepali.mp3,0
7990,Nepali,79_Nepali.mp3,0
7991,Nepali,80_Nepali.mp3,1
7992,Nepali,81_Nepali.mp3,1
7993,Nepali,82_Nepali.mp3,1
7994,Nepali,83_Nepali.mp3,0
7995,Nepali,84_Nepali.mp3,1
7996,Nepali,85_Nepali.mp3,0
7997,Nepali,86_Nepali.mp3,1
7998,Nepali,87_Nepali.mp3,0
7999,Nepali,88_Nepali.mp3,0
8000,Nepali,89_Nepali.mp3,0
8001,Nepali,90_Nepali.mp3,0
8002,Nepali,91_Nepali.mp3,1
8003,Nepali,92_Nepali.mp3,0
8004,Nepali,93_Nepali.mp3,1
8005,Nepali,94_Nepali.mp3,0
8006,Nepali,95_Nepali.mp3,0
8007,Nepali,96_Nepali.mp3,0
8008,Nepali,97_Nepali.mp3,0
8009,Nepali,98_Nepali.mp3,1
8010,Nepali,99_Nepali.mp3,0
8011,Nepali,100_Nepali.mp3,0
8012,Nepali,101_Nepali.mp3,1
8013,Nepali,102_Nepali.mp3,1
8014,Nepali,103_Nepali.mp3,1
8015,Nepali,104_Nepali.mp3,0
8016,Nepali,105_Nepali.mp3,1
8017,Nepali,106_Nepali.mp3,1
8018,Nepali,107_Nepali.mp3,0
8019,Nepali,108_Nepali.mp3,0
8020,Nepali,109_Nepali.mp3,1
8021,Nepali,110_Nepali.mp3,0
8022,Nepali,111_Nepali.mp3,0
8023,Nepali,112_Nepali.mp3,1
8024,Nepali,113_Nepali.mp3,1
8025,Nepali,114_Nepali.mp3,0
8026,Nepali,115_Nepali.mp3,0
8027,Nepali,116_Nepali.mp3,0
8028,Nepali,117_Nepali.mp3,0
8029,Nepali,118_Nepali.mp3,0
8030,Nepali,119_Nepali.mp3,1
8031,Nepali,120_Nepali.mp3,1
8032,Nepali,121_Nepali.mp3,0
8033,Nepali,122_Nepali.mp3,0
8034,Nepali,123_Nepali.mp3,1
8035,Nepali,124_Nepali.mp3,1
8036,Nepali,125_Nepali.mp3,0
8037,Nepali,126_Nepali.mp3,0
8038,Nepali,127_Nepali.mp3,1
8039,Nepali,128_Nepali.mp3,1
8040,Nepali,129_Nepali.mp3,1
8041,Nepali,130_Nepali.mp3,1
8042,Nepali,131_Nepali.mp3,1
8043,Nepali,132_Nepali.mp3,1
8044,Nepali,133_Nepali.mp3,1
8045,Nepali,134_Nepali.mp3,0
8046,Nepali,135_Nepali.mp3,1
8047,Nepali,136_Nepali.mp3,1
8048,Nepali,137_Nepali.mp3,1
8049,Nepali,138_Nepali.mp3,0
8050,Nepali,139_Nepali.mp3,1
8051,Nepali,140_Nepali.mp3,0
8052,Nepali,141_Nepali.mp3,0
8053,Nepali,142_Nepali.mp3,1
8054,Nepali,143_Nepali.mp3,1
8055,Nepali,144_Nepali.mp3,1
8056,Nepali,145_Nepali.mp3,1
8057,Nepali,146_Nepali.mp3,0
8058,Nepali,147_Nepali.mp3,0
8059,Nepali,148_Nepali.mp3,0
8060,Nepali,149_Nepali.mp3,1
8061,Nepali,150_Nepali.mp3,0
8062,Nepali,151_Nepali.mp3,1
8063,Nepali,152_Nepali.mp3,1
8064,Nepali,153_Nepali.mp3,1
8065,Nepali,154_Nepali.mp3,0
8066,Nepali,155_Nepali.mp3,1
8067,Nepali,156_Nepali.mp3,1
8068,Nepali,157_Nepali.mp3,0
8069,Nepali,158_Nepali.mp3,1
8070,Nepali,159_Nepali.mp3,1
8071,Nepali,160_Nepali.mp3,0
8072,Nepali,161_Nepali.mp3,1
8073,Nepali,162_Nepali.mp3,0
8074,Nepali,163_Nepali.mp3,0
8075,Nepali,164_Nepali.mp3,1
8076,Nepali,165_Nepali.mp3,0
8077,Nepali,166_Nepali.mp3,1
8078,Nepali,167_Nepali.mp3,0
8079,Nepali,168_Nepali.mp3,1
8080,Nepali,169_Nepali.mp3,1
8081,Nepali,170_Nepali.mp3,0
8082,Nepali,171_Nepali.mp3,0
8083,Nepali,172_Nepali.mp3,0
8084,Nepali,173_Nepali.mp3,1
8085,Nepali,174_Nepali.mp3,1
8086,Nepali,175_Nepali.mp3,1
8087,Nepali,176_Nepali.mp3,0
8088,Nepali,177_Nepali.mp3,0
8089,Nepali,178_Nepali.mp3,0
8090,Nepali,179_Nepali.mp3,0
8091,Nepali,180_Nepali.mp3,1
8092,Nepali,181_Nepali.mp3,1
8093,Nepali,182_Nepali.mp3,1
8094,Nepali,183_Nepali.mp3,1
8095,Nepali,184_Nepali.mp3,0
8096,Nepali,185_Nepali.mp3,1
8097,Nepali,186_Nepali.mp3,0
8098,Nepali,187_Nepali.mp3,0
8099,Nepali,188_Nepali.mp3,0
8100,Nepali,189_Nepali.mp3,1
8101,Nepali,190_Nepali.mp3,1
8102,Nepali,191_Nepali.mp3,1
8103,Nepali,192_Nepali.mp3,0
8104,Nepali,193_Nepali.mp3,0
8105,Nepali,194_Nepali.mp3,0
8106,Nepali,195_Nepali.mp3,1
8107,Nepali,196_Nepali.mp3,1
8108,Nepali,197_Nepali.mp3,1
8109,Nepali,198_Nepali.mp3,1
8110,Nepali,199_Nepali.mp3,1
8111,Nepali,200_Nepali.mp3,1
8112,Nepali,201_Nepali.mp3,0
8113,Nepali,202_Nepali.mp3,1
8114,Nepali,203_Nepali.mp3,0
8115,Nepali,204_Nepali.mp3,1
8116,Nepali,205_Nepali.mp3,1
8117,Nepali,206_Nepali.mp3,0
8118,Nepali,207_Nepali.mp3,1
8119,Nepali,208_Nepali.mp3,1
8120,Nepali,209_Nepali.mp3,1
8121,Nepali,210_Nepali.mp3,1
8122,Nepali,211_Nepali.mp3,1
8123,Nepali,212_Nepali.mp3,1
8124,Nepali,213_Nepali.mp3,0
8125,Nepali,214_Nepali.mp3,0
8126,Nepali,215_Nepali.mp3,1
8127,Nepali,216_Nepali.mp3,1
8128,Nepali,217_Nepali.mp3,1
8129,Nepali,218_Nepali.mp3,1
8130,Nepali,219_Nepali.mp3,1
8131,Nepali,220_Nepali.mp3,0
8132,Nepali,221_Nepali.mp3,1
8133,Pashto,1_Pashto.mp3,1
8134,Pashto,2_Pashto.mp3,1
8135,Pashto,3_Pashto.mp3,1
8136,Pashto,4_Pashto.mp3,0
8137,Pashto,5_Pashto.mp3,0
8138,Pashto,6_Pashto.mp3,1
8139,Pashto,7_Pashto.mp3,0
8140,Pashto,8_Pashto.mp3,0
8141,Pashto,9_Pashto.mp3,1
8142,Pashto,10_Pashto.mp3,1
8143,Pashto,11_Pashto.mp3,0
8144,Pashto,12_Pashto.mp3,1
8145,Pashto,13_Pashto.mp3,0
8146,Pashto,14_Pashto.mp3,1
8147,Pashto,15_Pashto.mp3,1
8148,Pashto,16_Pashto.mp3,1
8149,Pashto,17_Pashto.mp3,1
8150,Pashto,18_Pashto.mp3,1
8151,Pashto,19_Pashto.mp3,1
8152,Pashto,20_Pashto.mp3,1
8153,Pashto,21_Pashto.mp3,0
8154,Pashto,22_Pashto.mp3,1
8155,Pashto,23_Pashto.mp3,1
8156,Pashto,24_Pashto.mp3,1
8157,Pashto,25_Pashto.mp3,0
8158,Pashto,26_Pashto.mp3,0
8159,Pashto,27_Pashto.mp3,1
8160,Pashto,28_Pashto.mp3,1
8161,Pashto,29_Pashto.mp3,1
8162,Pashto,30_Pashto.mp3,0
8163,Pashto,31_Pashto.mp3,1
8164,Pashto,32_Pashto.mp3,0
8165,Pashto,33_Pashto.mp3,1
8166,Pashto,34_Pashto.mp3,0
8167,Pashto,35_Pashto.mp3,0
8168,Pashto,36_Pashto.mp3,0
8169,Pashto,37_Pashto.mp3,1
8170,Pashto,38_Pashto.mp3,1
8171,Pashto,39_Pashto.mp3,1
8172,Pashto,40_Pashto.mp3,0
8173,Pashto,41_Pashto.mp3,1
8174,Pashto,42_Pashto.mp3,0
8175,Pashto,43_Pashto.mp3,1
8176,Pashto,44_Pashto.mp3,1
8177,Pashto,45_Pashto.mp3,1
8178,Pashto,46_Pashto.mp3,1
8179,Pashto,47_Pashto.mp3,0
8180,Pashto,48_Pashto.mp3,1
8181,Pashto,49_Pashto.mp3,1
8182,Pashto,50_Pashto.mp3,0
8183,Pashto,51_Pashto.mp3,1
8184,Pashto,52_Pashto.mp3,1
8185,Pashto,53_Pashto.mp3,1
8186,Pashto,54_Pashto.mp3,0
8187,Pashto,55_Pashto.mp3,1
8188,Pashto,56_Pashto.mp3,1
8189,Pashto,57_Pashto.mp3,1
8190,Pashto,58_Pashto.mp3,1
8191,Pashto,59_Pashto.mp3,1
8192,Pashto,60_Pashto.mp3,0
8193,Pashto,61_Pashto.mp3,1
8194,Pashto,62_Pashto.mp3,1
8195,Pashto,63_Pashto.mp3,0
8196,Pashto,64_Pashto.mp3,0
8197,Pashto,65_Pashto.mp3,1
8198,Pashto,66_Pashto.mp3,0
8199,Pashto,67_Pashto.mp3,1
8200,Pashto,68_Pashto.mp3,0
8201,Pashto,69_Pashto.mp3,1
8202,Pashto,70_Pashto.mp3,1
8203,Pashto,71_Pashto.mp3,1
8204,Pashto,72_Pashto.mp3,1
8205,Pashto,73_Pashto.mp3,1
8206,Pashto,74_Pashto.mp3,1
8207,Pashto,75_Pashto.mp3,1
8208,Pashto,76_Pashto.mp3,0
8209,Pashto,77_Pashto.mp3,0
8210,Pashto,78_Pashto.mp3,1
8211,Pashto,79_Pashto.mp3,0
8212,Pashto,80_Pashto.mp3,0
8213,Pashto,81_Pashto.mp3,1
8214,Pashto,82_Pashto.mp3,1
8215,Pashto,83_Pashto.mp3,1
8216,Pashto,84_Pashto.mp3,0
8217,Pashto,85_Pashto.mp3,0
8218,Pashto,86_Pashto.mp3,1
8219,Pashto,87_Pashto.mp3,1
8220,Pashto,88_Pashto.mp3,0
8221,Pashto,89_Pashto.mp3,0
8222,Pashto,90_Pashto.mp3,0
8223,Pashto,91_Pashto.mp3,0
8224,Pashto,92_Pashto.mp3,1
8225,Pashto,93_Pashto.mp3,0
8226,Pashto,94_Pashto.mp3,0
8227,Pashto,95_Pashto.mp3,0
8228,Pashto,96_Pashto.mp3,0
8229,Pashto,97_Pashto.mp3,0
8230,Pashto,98_Pashto.mp3,1
8231,Pashto,99_Pashto.mp3,1
8232,Pashto,100_Pashto.mp3,0
8233,Pashto,101_Pashto.mp3,1
8234,Pashto,102_Pashto.mp3,0
8235,Pashto,103_Pashto.mp3,1
8236,Pashto,104_Pashto.mp3,0
8237,Pashto,105_Pashto.mp3,1
8238,Pashto,106_Pashto.mp3,0
8239,Pashto,107_Pashto.mp3,1
8240,Pashto,108_Pashto.mp3,0
8241,Pashto,109_Pashto.mp3,0
8242,Pashto,110_Pashto.mp3,0
8243,Pashto,111_Pashto.mp3,0
8244,Pashto,112_Pashto.mp3,0
8245,Pashto,113_Pashto.mp3,1
8246,Pashto,114_Pashto.mp3,1
8247,Pashto,115_Pashto.mp3,1
8248,Pashto,116_Pashto.mp3,0
8249,Pashto,117_Pashto.mp3,1
8250,Pashto,118_Pashto.mp3,1
8251,Pashto,119_Pashto.mp3,1
8252,Pashto,120_Pashto.mp3,0
8253,Pashto,121_Pashto.mp3,1
8254,Pashto,122_Pashto.mp3,1
8255,Pashto,123_Pashto.mp3,1
8256,Pashto,124_Pashto.mp3,0
8257,Pashto,125_Pashto.mp3,0
8258,Pashto,126_Pashto.mp3,1
8259,Pashto,127_Pashto.mp3,0
8260,Pashto,128_Pashto.mp3,1
8261,Pashto,129_Pashto.mp3,1
8262,Pashto,130_Pashto.mp3,0
8263,Pashto,131_Pashto.mp3,1
8264,Pashto,132_Pashto.mp3,0
8265,Pashto,133_Pashto.mp3,0
8266,Pashto,134_Pashto.mp3,0
8267,Pashto,135_Pashto.mp3,1
8268,Pashto,136_Pashto.mp3,0
8269,Pashto,137_Pashto.mp3,1
8270,Pashto,138_Pashto.mp3,1
8271,Pashto,139_Pashto.mp3,1
8272,Pashto,140_Pashto.mp3,1
8273,Pashto,141_Pashto.mp3,1
8274,Pashto,142_Pashto.mp3,1
8275,Pashto,143_Pashto.mp3,0
8276,Pashto,144_Pashto.mp3,0
8277,Pashto,145_Pashto.mp3,1
8278,Pashto,146_Pashto.mp3,1
8279,Pashto,147_Pashto.mp3,1
8280,Pashto,148_Pashto.mp3,1
8281,Pashto,149_Pashto.mp3,0
8282,Pashto,150_Pashto.mp3,1
8283,Pashto,151_Pashto.mp3,0
8284,Pashto,152_Pashto.mp3,0
8285,Pashto,153_Pashto.mp3,1
8286,Pashto,154_Pashto.mp3,0
8287,Pashto,155_Pashto.mp3,1
8288,Pashto,156_Pashto.mp3,1
8289,Pashto,157_Pashto.mp3,0
8290,Pashto,158_Pashto.mp3,1
8291,Pashto,159_Pashto.mp3,0
8292,Pashto,160_Pashto.mp3,0
8293,Pashto,161_Pashto.mp3,0
8294,Pashto,162_Pashto.mp3,0
8295,Pashto,163_Pashto.mp3,1
8296,Pashto,164_Pashto.mp3,1
8297,Pashto,165_Pashto.mp3,1
8298,Pashto,166_Pashto.mp3,1
8299,Pashto,167_Pashto.mp3,0
8300,Pashto,168_Pashto.mp3,0
8301,Pashto,169_Pashto.mp3,0
8302,Pashto,170_Pashto.mp3,1
8303,Pashto,171_Pashto.mp3,1
8304,Pashto,172_Pashto.mp3,1
8305,Pashto,173_Pashto.mp3,1
8306,Pashto,174_Pashto.mp3,0
8307,Pashto,175_Pashto.mp3,1
8308,Pashto,176_Pashto.mp3,1
8309,Pashto,177_Pashto.mp3,0
8310,Pashto,178_Pashto.mp3,1
8311,Pashto,179_Pashto.mp3,1
8312,Pashto,180_Pashto.mp3,1
8313,Pashto,181_Pashto.mp3,1
8314,Pashto,182_Pashto.mp3,1
8315,Pashto,183_Pashto.mp3,1
8316,Pashto,184_Pashto.mp3,1
8317,Pashto,185_Pashto.mp3,1
8318,Pashto,186_Pashto.mp3,1
8319,Pashto,187_Pashto.mp3,1
8320,Pashto,188_Pashto.mp3,0
8321,Pashto,189_Pashto.mp3,1
8322,Pashto,190_Pashto.mp3,0
8323,Pashto,191_Pashto.mp3,1
8324,Pashto,192_Pashto.mp3,0
8325,Pashto,193_Pashto.mp3,0
8326,Pashto,194_Pashto.mp3,1
8327,Pashto,195_Pashto.mp3,1
8328,Pashto,196_Pashto.mp3,0
8329,Pashto,197_Pashto.mp3,1
8330,Pashto,198_Pashto.mp3,0
8331,Pashto,199_Pashto.mp3,1
8332,Pashto,200_Pashto.mp3,1
8333,Pashto,201_Pashto.mp3,1
8334,Pashto,202_Pashto.mp3,0
8335,Pashto,203_Pashto.mp3,0
8336,Pashto,204_Pashto.mp3,1
8337,Pashto,205_Pashto.mp3,1
8338,Pashto,206_Pashto.mp3,1
8339,Pashto,207_Pashto.mp3,1
8340,Pashto,208_Pashto.mp3,1
8341,Pashto,209_Pashto.mp3,1
8342,Pashto,210_Pashto.mp3,1
8343,Pashto,211_Pashto.mp3,0
8344,Pashto,212_Pashto.mp3,0
8345,Pashto,213_Pashto.mp3,1
8346,Pashto,214_Pashto.mp3,0
8347,Pashto,215_Pashto.mp3,0
8348,Pashto,216_Pashto.mp3,0
8349,Pashto,217_Pashto.mp3,1
8350,Pashto,218_Pashto.mp3,0
8351,Persian,1_Persian.mp3,1
8352,Persian,2_Persian.mp3,1
8353,Persian,3_Persian.mp3,1
8354,Persian,4_Persian.mp3,1
8355,Persian,5_Persian.mp3,0
8356,Persian,6_Persian.mp3,1
8357,Persian,7_Persian.mp3,1
8358,Persian,8_Persian.mp3,0
8359,Persian,9_Persian.mp3,0
8360,Persian,10_Persian.mp3,1
8361,Persian,11_Persian.mp3,0
8362,Persian,12_Persian.mp3,1
8363,Persian,13_Persian.mp3,0
8364,Persian,14_Persian.mp3,0
8365,Persian,15_Persian.mp3,0
8366,Persian,16_Persian.mp3,0
8367,Persian,17_Persian.mp3,0
8368,Persian,18_Persian.mp3,1
8369,Persian,19_Persian.mp3,0
8370,Persian,20_Persian.mp3,0
8371,Persian,21_Persian.mp3,1
8372,Persian,22_Persian.mp3,0
8373,Persian,23_Persian.mp3,1
8374,Persian,24_Persian.mp3,1
8375,Persian,25_Persian.mp3,0
8376,Persian,26_Persian.mp3,1
8377,Persian,27_Persian.mp3,1
8378,Persian,28_Persian.mp3,1
8379,Persian,29_Persian.mp3,1
8380,Persian,30_Persian.mp3,0
8381,Persian,31_Persian.mp3,1
8382,Persian,32_Persian.mp3,0
8383,Persian,33_Persian.mp3,1
8384,Persian,34_Persian.mp3,0
8385,Persian,35_Persian.mp3,0
8386,Persian,36_Persian.mp3,1
8387,Persian,37_Persian.mp3,0
8388,Persian,38_Persian.mp3,1
8389,Persian,39_Persian.mp3,0
8390,Persian,40_Persian.mp3,1
8391,Persian,41_Persian.mp3,0
8392,Persian,42_Persian.mp3,0
8393,Persian,43_Persian.mp3,0
8394,Persian,44_Persian.mp3,0
8395,Persian,45_Persian.mp3,0
8396,Persian,46_Persian.mp3,0
8397,Persian,47_Persian.mp3,0
8398,Persian,48_Persian.mp3,1
8399,Persian,49_Persian.mp3,1
8400,Persian,50_Persian.mp3,0
8401,Persian,51_Persian.mp3,0
8402,Persian,52_Persian.mp3,1
8403,Persian,53_Persian.mp3,1
8404,Persian,54_Persian.mp3,1
8405,Persian,55_Persian.mp3,0
8406,Persian,56_Persian.mp3,1
8407,Persian,57_Persian.mp3,0
8408,Persian,58_Persian.mp3,0
8409,Persian,59_Persian.mp3,0
8410,Persian,60_Persian.mp3,1
8411,Persian,61_Persian.mp3,0
8412,Persian,62_Persian.mp3,0
8413,Persian,63_Persian.mp3,0
8414,Persian,64_Persian.mp3,1
8415,Persian,65_Persian.mp3,0
8416,Persian,66_Persian.mp3,0
8417,Persian,67_Persian.mp3,1
8418,Persian,68_Persian.mp3,0
8419,Persian,69_Persian.mp3,0
8420,Persian,70_Persian.mp3,1
8421,Persian,71_Persian.mp3,0
8422,Persian,72_Persian.mp3,0
8423,Persian,73_Persian.mp3,1
8424,Persian,74_Persian.mp3,0
8425,Persian,75_Persian.mp3,1
8426,Persian,76_Persian.mp3,0
8427,Persian,77_Persian.mp3,1
8428,Persian,78_Persian.mp3,0
8429,Persian,79_Persian.mp3,1
8430,Persian,80_Persian.mp3,0
8431,Persian,81_Persian.mp3,0
8432,Persian,82_Persian.mp3,1
8433,Persian,83_Persian.mp3,0
8434,Persian,84_Persian.mp3,0
8435,Persian,85_Persian.mp3,1
8436,Persian,86_Persian.mp3,1
8437,Persian,87_Persian.mp3,1
8438,Persian,88_Persian.mp3,0
8439,Persian,89_Persian.mp3,0
8440,Persian,90_Persian.mp3,0
8441,Persian,91_Persian.mp3,0
8442,Persian,92_Persian.mp3,0
8443,Persian,93_Persian.mp3,0
8444,Persian,94_Persian.mp3,1
8445,Persian,95_Persian.mp3,0
8446,Persian,96_Persian.mp3,1
8447,Persian,97_Persian.mp3,0
8448,Persian,98_Persian.mp3,0
8449,Persian,99_Persian.mp3,1
8450,Persian,100_Persian.mp3,0
8451,Persian,101_Persian.mp3,1
8452,Persian,102_Persian.mp3,0
8453,Persian,103_Persian.mp3,1
8454,Persian,104_Persian.mp3,0
8455,Persian,105_Persian.mp3,1
8456,Persian,106_Persian.mp3,1
8457,Persian,107_Persian.mp3,0
8458,Persian,108_Persian.mp3,1
8459,Persian,109_Persian.mp3,0
8460,Persian,110_Persian.mp3,0
8461,Persian,111_Persian.mp3,1
8462,Persian,112_Persian.mp3,1
8463,Persian,113_Persian.mp3,0
8464,Persian,114_Persian.mp3,1
8465,Persian,115_Persian.mp3,0
8466,Persian,116_Persian.mp3,1
8467,Persian,117_Persian.mp3,0
8468,Persian,118_Persian.mp3,0
8469,Persian,119_Persian.mp3,0
8470,Persian,120_Persian.mp3,1
8471,Persian,121_Persian.mp3,1
8472,Persian,122_Persian.mp3,0
8473,Persian,123_Persian.mp3,0
8474,Persian,124_Persian.mp3,0
8475,Persian,125_Persian.mp3,1
8476,Persian,126_Persian.mp3,0
8477,Persian,127_Persian.mp3,1
8478,Persian,128_Persian.mp3,0
8479,Persian,129_Persian.mp3,0
8480,Persian,130_Persian.mp3,0
8481,Persian,131_Persian.mp3,1
8482,Persian,132_Persian.mp3,0
8483,Persian,133_Persian.mp3,1
8484,Persian,134_Persian.mp3,0
8485,Persian,135_Persian.mp3,1
8486,Persian,136_Persian.mp3,1
8487,Persian,137_Persian.mp3,0
8488,Persian,138_Persian.mp3,1
8489,Persian,139_Persian.mp3,1
8490,Persian,140_Persian.mp3,1
8491,Persian,141_Persian.mp3,1
8492,Persian,142_Persian.mp3,1
8493,Persian,143_Persian.mp3,0
8494,Persian,144_Persian.mp3,1
8495,Persian,145_Persian.mp3,0
8496,Persian,146_Persian.mp3,1
8497,Persian,147_Persian.mp3,1
8498,Persian,148_Persian.mp3,1
8499,Persian,149_Persian.mp3,0
8500,Persian,150_Persian.mp3,0
8501,Persian,151_Persian.mp3,0
8502,Persian,152_Persian.mp3,1
8503,Persian,153_Persian.mp3,1
8504,Persian,154_Persian.mp3,1
8505,Persian,155_Persian.mp3,1
8506,Persian,156_Persian.mp3,0
8507,Persian,157_Persian.mp3,1
8508,Persian,158_Persian.mp3,1
8509,Persian,159_Persian.mp3,1
8510,Persian,160_Persian.mp3,0
8511,Persian,161_Persian.mp3,1
8512,Persian,162_Persian.mp3,1
8513,Persian,163_Persian.mp3,1
8514,Persian,164_Persian.mp3,0
8515,Persian,165_Persian.mp3,1
8516,Persian,166_Persian.mp3,1
8517,Persian,167_Persian.mp3,1
8518,Persian,168_Persian.mp3,0
8519,Persian,169_Persian.mp3,0
8520,Persian,170_Persian.mp3,1
8521,Persian,171_Persian.mp3,0
8522,Persian,172_Persian.mp3,1
8523,Persian,173_Persian.mp3,1
8524,Persian,174_Persian.mp3,0
8525,Persian,175_Persian.mp3,1
8526,Persian,176_Persian.mp3,0
8527,Polish,1_Polish.mp3,0
8528,Polish,2_Polish.mp3,1
8529,Polish,3_Polish.mp3,0
8530,Polish,4_Polish.mp3,0
8531,Polish,5_Polish.mp3,1
8532,Polish,6_Polish.mp3,1
8533,Polish,7_Polish.mp3,0
8534,Polish,8_Polish.mp3,0
8535,Polish,9_Polish.mp3,1
8536,Polish,10_Polish.mp3,1
8537,Polish,11_Polish.mp3,0
8538,Polish,12_Polish.mp3,1
8539,Polish,13_Polish.mp3,1
8540,Polish,14_Polish.mp3,0
8541,Polish,15_Polish.mp3,1
8542,Polish,16_Polish.mp3,0
8543,Polish,17_Polish.mp3,1
8544,Polish,18_Polish.mp3,0
8545,Polish,19_Polish.mp3,1
8546,Polish,20_Polish.mp3,1
8547,Polish,21_Polish.mp3,1
8548,Polish,22_Polish.mp3,1
8549,Polish,23_Polish.mp3,0
8550,Polish,24_Polish.mp3,0
8551,Polish,25_Polish.mp3,0
8552,Polish,26_Polish.mp3,0
8553,Polish,27_Polish.mp3,1
8554,Polish,28_Polish.mp3,0
8555,Polish,29_Polish.mp3,1
8556,Polish,30_Polish.mp3,1
8557,Polish,31_Polish.mp3,1
8558,Polish,32_Polish.mp3,0
8559,Polish,33_Polish.mp3,0
8560,Polish,34_Polish.mp3,0
8561,Polish,35_Polish.mp3,0
8562,Polish,36_Polish.mp3,1
8563,Polish,37_Polish.mp3,0
8564,Polish,38_Polish.mp3,0
8565,Polish,39_Polish.mp3,0
8566,Polish,40_Polish.mp3,0
8567,Polish,41_Polish.mp3,0
8568,Polish,42_Polish.mp3,1
8569,Polish,43_Polish.mp3,0
8570,Polish,44_Polish.mp3,1
8571,Polish,45_Polish.mp3,1
8572,Polish,46_Polish.mp3,0
8573,Polish,47_Polish.mp3,0
8574,Polish,48_Polish.mp3,0
8575,Polish,49_Polish.mp3,0
8576,Polish,50_Polish.mp3,1
8577,Polish,51_Polish.mp3,1
8578,Polish,52_Polish.mp3,0
8579,Polish,53_Polish.mp3,1
8580,Polish,54_Polish.mp3,1
8581,Polish,55_Polish.mp3,0
8582,Polish,56_Polish.mp3,1
8583,Polish,57_Polish.mp3,0
8584,Polish,58_Polish.mp3,1
8585,Polish,59_Polish.mp3,0
8586,Polish,60_Polish.mp3,1
8587,Polish,61_Polish.mp3,1
8588,Polish,62_Polish.mp3,0
8589,Polish,63_Polish.mp3,1
8590,Polish,64_Polish.mp3,1
8591,Polish,65_Polish.mp3,0
8592,Polish,66_Polish.mp3,0
8593,Polish,67_Polish.mp3,0
8594,Polish,68_Polish.mp3,0
8595,Polish,69_Polish.mp3,0
8596,Polish,70_Polish.mp3,1
8597,Polish,71_Polish.mp3,0
8598,Polish,72_Polish.mp3,0
8599,Polish,73_Polish.mp3,0
8600,Polish,74_Polish.mp3,0
8601,Polish,75_Polish.mp3,0
8602,Polish,76_Polish.mp3,1
8603,Polish,77_Polish.mp3,1
8604,Polish,78_Polish.mp3,0
8605,Polish,79_Polish.mp3,0
8606,Polish,80_Polish.mp3,0
8607,Polish,81_Polish.mp3,0
8608,Polish,82_Polish.mp3,0
8609,Polish,83_Polish.mp3,1
8610,Polish,84_Polish.mp3,0
8611,Polish,85_Polish.mp3,1
8612,Polish,86_Polish.mp3,1
8613,Polish,87_Polish.mp3,1
8614,Polish,88_Polish.mp3,1
8615,Polish,89_Polish.mp3,1
8616,Polish,90_Polish.mp3,1
8617,Polish,91_Polish.mp3,0
8618,Polish,92_Polish.mp3,1
8619,Polish,93_Polish.mp3,0
8620,Polish,94_Polish.mp3,1
8621,Polish,95_Polish.mp3,0
8622,Polish,96_Polish.mp3,1
8623,Polish,97_Polish.mp3,1
8624,Polish,98_Polish.mp3,0
8625,Polish,99_Polish.mp3,1
8626,Polish,100_Polish.mp3,1
8627,Polish,101_Polish.mp3,1
8628,Polish,102_Polish.mp3,1
8629,Polish,103_Polish.mp3,0
8630,Polish,104_Polish.mp3,1
8631,Polish,105_Polish.mp3,1
8632,Polish,106_Polish.mp3,0
8633,Polish,107_Polish.mp3,0
8634,Polish,108_Polish.mp3,0
8635,Polish,109_Polish.mp3,1
8636,Polish,110_Polish.mp3,1
8637,Polish,111_Polish.mp3,1
8638,Polish,112_Polish.mp3,1
8639,Polish,113_Polish.mp3,1
8640,Polish,114_Polish.mp3,1
8641,Polish,115_Polish.mp3,0
8642,Polish,116_Polish.mp3,1
8643,Polish,117_Polish.mp3,1
8644,Polish,118_Polish.mp3,1
8645,Polish,119_Polish.mp3,0
8646,Polish,120_Polish.mp3,1
8647,Polish,121_Polish.mp3,0
8648,Polish,122_Polish.mp3,0
8649,Polish,123_Polish.mp3,0
8650,Polish,124_Polish.mp3,0
8651,Polish,125_Polish.mp3,1
8652,Polish,126_Polish.mp3,0
8653,Polish,127_Polish.mp3,0
8654,Polish,128_Polish.mp3,1
8655,Polish,129_Polish.mp3,1
8656,Polish,130_Polish.mp3,0
8657,Polish,131_Polish.mp3,0
8658,Polish,132_Polish.mp3,0
8659,Polish,133_Polish.mp3,1
8660,Polish,134_Polish.mp3,0
8661,Polish,135_Polish.mp3,1
8662,Polish,136_Polish.mp3,0
8663,Polish,137_Polish.mp3,0
8664,Polish,138_Polish.mp3,0
8665,Polish,139_Polish.mp3,0
8666,Polish,140_Polish.mp3,0
8667,Polish,141_Polish.mp3,1
8668,Polish,142_Polish.mp3,1
8669,Polish,143_Polish.mp3,1
8670,Polish,144_Polish.mp3,1
8671,Polish,145_Polish.mp3,0
8672,Polish,146_Polish.mp3,0
8673,Polish,147_Polish.mp3,1
8674,Polish,148_Polish.mp3,0
8675,Polish,149_Polish.mp3,1
8676,Polish,150_Polish.mp3,1
8677,Polish,151_Polish.mp3,0
8678,Polish,152_Polish.mp3,1
8679,Polish,153_Polish.mp3,0
8680,Polish,154_Polish.mp3,1
8681,Polish,155_Polish.mp3,1
8682,Polish,156_Polish.mp3,0
8683,Polish,157_Polish.mp3,1
8684,Polish,158_Polish.mp3,0
8685,Polish,159_Polish.mp3,1
8686,Polish,160_Polish.mp3,0
8687,Polish,161_Polish.mp3,0
8688,Polish,162_Polish.mp3,1
8689,Polish,163_Polish.mp3,0
8690,Polish,164_Polish.mp3,0
8691,Polish,165_Polish.mp3,0
8692,Polish,166_Polish.mp3,0
8693,Polish,167_Polish.mp3,1
8694,Polish,168_Polish.mp3,1
8695,Polish,169_Polish.mp3,1
8696,Polish,170_Polish.mp3,0
8697,Polish,171_Polish.mp3,1
8698,Polish,172_Polish.mp3,0
8699,Polish,173_Polish.mp3,0
8700,Polish,174_Polish.mp3,1
8701,Polish,175_Polish.mp3,1
8702,Polish,176_Polish.mp3,1
8703,Polish,177_Polish.mp3,0
8704,Polish,178_Polish.mp3,1
8705,Polish,179_Polish.mp3,0
8706,Polish,180_Polish.mp3,1
8707,Polish,181_Polish.mp3,0
8708,Polish,182_Polish.mp3,1
8709,Polish,183_Polish.mp3,1
8710,Polish,184_Polish.mp3,1
8711,Polish,185_Polish.mp3,1
8712,Polish,186_Polish.mp3,1
8713,Polish,187_Polish.mp3,1
8714,Portuguese,1_Portuguese.mp3,1
8715,Portuguese,2_Portuguese.mp3,0
8716,Portuguese,3_Portuguese.mp3,1
8717,Portuguese,4_Portuguese.mp3,1
8718,Portuguese,5_Portuguese.mp3,1
8719,Portuguese,6_Portuguese.mp3,0
8720,Portuguese,7_Portuguese.mp3,0
8721,Portuguese,8_Portuguese.mp3,1
8722,Portuguese,9_Portuguese.mp3,1
8723,Portuguese,10_Portuguese.mp3,0
8724,Portuguese,11_Portuguese.mp3,1
8725,Portuguese,12_Portuguese.mp3,0
8726,Portuguese,13_Portuguese.mp3,0
8727,Portuguese,14_Portuguese.mp3,0
8728,Portuguese,15_Portuguese.mp3,1
8729,Portuguese,16_Portuguese.mp3,0
8730,Portuguese,17_Portuguese.mp3,0
8731,Portuguese,18_Portuguese.mp3,0
8732,Portuguese,19_Portuguese.mp3,1
8733,Portuguese,20_Portuguese.mp3,1
8734,Portuguese,21_Portuguese.mp3,1
8735,Portuguese,22_Portuguese.mp3,0
8736,Portuguese,23_Portuguese.mp3,1
8737,Portuguese,24_Portuguese.mp3,1
8738,Portuguese,25_Portuguese.mp3,0
8739,Portuguese,26_Portuguese.mp3,0
8740,Portuguese,27_Portuguese.mp3,1
8741,Portuguese,28_Portuguese.mp3,0
8742,Portuguese,29_Portuguese.mp3,1
8743,Portuguese,30_Portuguese.mp3,0
8744,Portuguese,31_Portuguese.mp3,0
8745,Portuguese,32_Portuguese.mp3,1
8746,Portuguese,33_Portuguese.mp3,1
8747,Portuguese,34_Portuguese.mp3,1
8748,Portuguese,35_Portuguese.mp3,1
8749,Portuguese,36_Portuguese.mp3,0
8750,Portuguese,37_Portuguese.mp3,1
8751,Portuguese,38_Portuguese.mp3,1
8752,Portuguese,39_Portuguese.mp3,0
8753,Portuguese,40_Portuguese.mp3,0
8754,Portuguese,41_Portuguese.mp3,1
8755,Portuguese,42_Portuguese.mp3,0
8756,Portuguese,43_Portuguese.mp3,0
8757,Portuguese,44_Portuguese.mp3,0
8758,Portuguese,45_Portuguese.mp3,0
8759,Portuguese,46_Portuguese.mp3,0
8760,Portuguese,47_Portuguese.mp3,0
8761,Portuguese,48_Portuguese.mp3,0
8762,Portuguese,49_Portuguese.mp3,1
8763,Portuguese,50_Portuguese.mp3,0
8764,Portuguese,51_Portuguese.mp3,1
8765,Portuguese,52_Portuguese.mp3,1
8766,Portuguese,53_Portuguese.mp3,0
8767,Portuguese,54_Portuguese.mp3,0
8768,Portuguese,55_Portuguese.mp3,0
8769,Portuguese,56_Portuguese.mp3,0
8770,Portuguese,57_Portuguese.mp3,0
8771,Portuguese,58_Portuguese.mp3,0
8772,Portuguese,59_Portuguese.mp3,0
8773,Portuguese,60_Portuguese.mp3,1
8774,Portuguese,61_Portuguese.mp3,0
8775,Portuguese,62_Portuguese.mp3,0
8776,Portuguese,63_Portuguese.mp3,1
8777,Portuguese,64_Portuguese.mp3,1
8778,Portuguese,65_Portuguese.mp3,0
8779,Portuguese,66_Portuguese.mp3,1
8780,Portuguese,67_Portuguese.mp3,0
8781,Portuguese,68_Portuguese.mp3,0
8782,Portuguese,69_Portuguese.mp3,1
8783,Portuguese,70_Portuguese.mp3,0
8784,Portuguese,71_Portuguese.mp3,0
8785,Portuguese,72_Portuguese.mp3,1
8786,Portuguese,73_Portuguese.mp3,1
8787,Portuguese,74_Portuguese.mp3,1
8788,Portuguese,75_Portuguese.mp3,1
8789,Portuguese,76_Portuguese.mp3,1
8790,Portuguese,77_Portuguese.mp3,0
8791,Portuguese,78_Portuguese.mp3,1
8792,Portuguese,79_Portuguese.mp3,0
8793,Portuguese,80_Portuguese.mp3,0
8794,Portuguese,81_Portuguese.mp3,1
8795,Portuguese,82_Portuguese.mp3,0
8796,Portuguese,83_Portuguese.mp3,1
8797,Portuguese,84_Portuguese.mp3,0
8798,Portuguese,85_Portuguese.mp3,0
8799,Portuguese,86_Portuguese.mp3,0
8800,Portuguese,87_Portuguese.mp3,0
8801,Portuguese,88_Portuguese.mp3,1
8802,Portuguese,89_Portuguese.mp3,0
8803,Portuguese,90_Portuguese.mp3,1
8804,Portuguese,91_Portuguese.mp3,0
8805,Portuguese,92_Portuguese.mp3,0
8806,Portuguese,93_Portuguese.mp3,0
8807,Portuguese,94_Portuguese.mp3,0
8808,Portuguese,95_Portuguese.mp3,0
8809,Portuguese,96_Portuguese.mp3,0
8810,Portuguese,97_Portuguese.mp3,1
8811,Portuguese,98_Portuguese.mp3,1
8812,Portuguese,99_Portuguese.mp3,1
8813,Portuguese,100_Portuguese.mp3,0
8814,Portuguese,101_Portuguese.mp3,0
8815,Portuguese,102_Portuguese.mp3,1
8816,Portuguese,103_Portuguese.mp3,1
8817,Portuguese,104_Portuguese.mp3,1
8818,Portuguese,105_Portuguese.mp3,1
8819,Portuguese,106_Portuguese.mp3,1
8820,Portuguese,107_Portuguese.mp3,1
8821,Portuguese,108_Portuguese.mp3,1
8822,Portuguese,109_Portuguese.mp3,0
8823,Portuguese,110_Portuguese.mp3,1
8824,Portuguese,111_Portuguese.mp3,0
8825,Portuguese,112_Portuguese.mp3,0
8826,Portuguese,113_Portuguese.mp3,0
8827,Portuguese,114_Portuguese.mp3,0
8828,Portuguese,115_Portuguese.mp3,1
8829,Portuguese,116_Portuguese.mp3,1
8830,Portuguese,117_Portuguese.mp3,1
8831,Portuguese,118_Portuguese.mp3,1
8832,Portuguese,119_Portuguese.mp3,1
8833,Portuguese,120_Portuguese.mp3,1
8834,Portuguese,121_Portuguese.mp3,0
8835,Portuguese,122_Portuguese.mp3,0
8836,Portuguese,123_Portuguese.mp3,0
8837,Portuguese,124_Portuguese.mp3,1
8838,Portuguese,125_Portuguese.mp3,0
8839,Portuguese,126_Portuguese.mp3,1
8840,Portuguese,127_Portuguese.mp3,1
8841,Portuguese,128_Portuguese.mp3,0
8842,Portuguese,129_Portuguese.mp3,1
8843,Portuguese,130_Portuguese.mp3,0
8844,Portuguese,131_Portuguese.mp3,1
8845,Portuguese,132_Portuguese.mp3,0
8846,Portuguese,133_Portuguese.mp3,1
8847,Portuguese,134_Portuguese.mp3,1
8848,Portuguese,135_Portuguese.mp3,0
8849,Portuguese,136_Portuguese.mp3,0
8850,Portuguese,137_Portuguese.mp3,1
8851,Portuguese,138_Portuguese.mp3,0
8852,Portuguese,139_Portuguese.mp3,0
8853,Portuguese,140_Portuguese.mp3,0
8854,Portuguese,141_Portuguese.mp3,0
8855,Portuguese,142_Portuguese.mp3,1
8856,Portuguese,143_Portuguese.mp3,0
8857,Portuguese,144_Portuguese.mp3,0
8858,Portuguese,145_Portuguese.mp3,0
8859,Portuguese,146_Portuguese.mp3,1
8860,Portuguese,147_Portuguese.mp3,1
8861,Portuguese,148_Portuguese.mp3,1
8862,Portuguese,149_Portuguese.mp3,1
8863,Portuguese,150_Portuguese.mp3,1
8864,Portuguese,151_Portuguese.mp3,0
8865,Portuguese,152_Portuguese.mp3,1
8866,Portuguese,153_Portuguese.mp3,1
8867,Portuguese,154_Portuguese.mp3,1
8868,Portuguese,155_Portuguese.mp3,0
8869,Portuguese,156_Portuguese.mp3,1
8870,Portuguese,157_Portuguese.mp3,1
8871,Portuguese,158_Portuguese.mp3,1
8872,Portuguese,159_Portuguese.mp3,1
8873,Portuguese,160_Portuguese.mp3,0
8874,Portuguese,161_Portuguese.mp3,1
8875,Portuguese,162_Portuguese.mp3,0
8876,Portuguese,163_Portuguese.mp3,1
8877,Portuguese,164_Portuguese.mp3,0
8878,Portuguese,165_Portuguese.mp3,0
8879,Portuguese,166_Portuguese.mp3,1
8880,Portuguese,167_Portuguese.mp3,0
8881,Portuguese,168_Portuguese.mp3,1
8882,Portuguese,169_Portuguese.mp3,1
8883,Portuguese,170_Portuguese.mp3,0
8884,Portuguese,171_Portuguese.mp3,1
8885,Portuguese,172_Portuguese.mp3,0
8886,Portuguese,173_Portuguese.mp3,1
8887,Portuguese,174_Portuguese.mp3,0
8888,Portuguese,175_Portuguese.mp3,1
8889,Portuguese,176_Portuguese.mp3,0
8890,Portuguese,177_Portuguese.mp3,0
8891,Portuguese,178_Portuguese.mp3,1
8892,Portuguese,179_Portuguese.mp3,0
8893,Portuguese,180_Portuguese.mp3,1
8894,Portuguese,181_Portuguese.mp3,1
8895,Portuguese,182_Portuguese.mp3,1
8896,Portuguese,183_Portuguese.mp3,0
8897,Portuguese,184_Portuguese.mp3,1
8898,Romanian,1_Romanian.mp3,1
8899,Romanian,2_Romanian.mp3,1
8900,Romanian,3_Romanian.mp3,1
8901,Romanian,4_Romanian.mp3,0
8902,Romanian,5_Romanian.mp3,1
8903,Romanian,6_Romanian.mp3,1
8904,Romanian,7_Romanian.mp3,1
8905,Romanian,8_Romanian.mp3,0
8906,Romanian,9_Romanian.mp3,0
8907,Romanian,10_Romanian.mp3,1
8908,Romanian,11_Romanian.mp3,0
8909,Romanian,12_Romanian.mp3,1
8910,Romanian,13_Romanian.mp3,0
8911,Romanian,14_Romanian.mp3,0
8912,Romanian,15_Romanian.mp3,0
8913,Romanian,16_Romanian.mp3,1
8914,Romanian,17_Romanian.mp3,0
8915,Romanian,18_Romanian.mp3,1
8916,Romanian,19_Romanian.mp3,1
8917,Romanian,20_Romanian.mp3,1
8918,Romanian,21_Romanian.mp3,1
8919,Romanian,22_Romanian.mp3,1
8920,Romanian,23_Romanian.mp3,0
8921,Romanian,24_Romanian.mp3,1
8922,Romanian,25_Romanian.mp3,0
8923,Romanian,26_Romanian.mp3,1
8924,Romanian,27_Romanian.mp3,0
8925,Romanian,28_Romanian.mp3,0
8926,Romanian,29_Romanian.mp3,0
8927,Romanian,30_Romanian.mp3,1
8928,Romanian,31_Romanian.mp3,0
8929,Romanian,32_Romanian.mp3,1
8930,Romanian,33_Romanian.mp3,1
8931,Romanian,34_Romanian.mp3,0
8932,Romanian,35_Romanian.mp3,1
8933,Romanian,36_Romanian.mp3,0
8934,Romanian,37_Romanian.mp3,1
8935,Romanian,38_Romanian.mp3,0
8936,Romanian,39_Romanian.mp3,1
8937,Romanian,40_Romanian.mp3,0
8938,Romanian,41_Romanian.mp3,0
8939,Romanian,42_Romanian.mp3,0
8940,Romanian,43_Romanian.mp3,0
8941,Romanian,44_Romanian.mp3,0
8942,Romanian,45_Romanian.mp3,0
8943,Romanian,46_Romanian.mp3,0
8944,Romanian,47_Romanian.mp3,1
8945,Romanian,48_Romanian.mp3,0
8946,Romanian,49_Romanian.mp3,1
8947,Romanian,50_Romanian.mp3,0
8948,Romanian,51_Romanian.mp3,1
8949,Romanian,52_Romanian.mp3,1
8950,Romanian,53_Romanian.mp3,0
8951,Romanian,54_Romanian.mp3,0
8952,Romanian,55_Romanian.mp3,0
8953,Romanian,56_Romanian.mp3,1
8954,Romanian,57_Romanian.mp3,0
8955,Romanian,58_Romanian.mp3,1
8956,Romanian,59_Romanian.mp3,0
8957,Romanian,60_Romanian.mp3,1
8958,Romanian,61_Romanian.mp3,1
8959,Romanian,62_Romanian.mp3,0
8960,Romanian,63_Romanian.mp3,1
8961,Romanian,64_Romanian.mp3,1
8962,Romanian,65_Romanian.mp3,0
8963,Romanian,66_Romanian.mp3,0
8964,Romanian,67_Romanian.mp3,1
8965,Romanian,68_Romanian.mp3,1
8966,Romanian,69_Romanian.mp3,1
8967,Romanian,70_Romanian.mp3,0
8968,Romanian,71_Romanian.mp3,0
8969,Romanian,72_Romanian.mp3,1
8970,Romanian,73_Romanian.mp3,0
8971,Romanian,74_Romanian.mp3,1
8972,Romanian,75_Romanian.mp3,1
8973,Romanian,76_Romanian.mp3,1
8974,Romanian,77_Romanian.mp3,0
8975,Romanian,78_Romanian.mp3,1
8976,Romanian,79_Romanian.mp3,0
8977,Romanian,80_Romanian.mp3,1
8978,Romanian,81_Romanian.mp3,1
8979,Romanian,82_Romanian.mp3,0
8980,Romanian,83_Romanian.mp3,0
8981,Romanian,84_Romanian.mp3,1
8982,Romanian,85_Romanian.mp3,1
8983,Romanian,86_Romanian.mp3,1
8984,Romanian,87_Romanian.mp3,0
8985,Romanian,88_Romanian.mp3,0
8986,Romanian,89_Romanian.mp3,1
8987,Romanian,90_Romanian.mp3,1
8988,Romanian,91_Romanian.mp3,1
8989,Romanian,92_Romanian.mp3,0
8990,Romanian,93_Romanian.mp3,0
8991,Romanian,94_Romanian.mp3,1
8992,Romanian,95_Romanian.mp3,0
8993,Romanian,96_Romanian.mp3,1
8994,Romanian,97_Romanian.mp3,1
8995,Romanian,98_Romanian.mp3,0
8996,Romanian,99_Romanian.mp3,1
8997,Romanian,100_Romanian.mp3,1
8998,Romanian,101_Romanian.mp3,0
8999,Romanian,102_Romanian.mp3,0
9000,Romanian,103_Romanian.mp3,1
9001,Romanian,104_Romanian.mp3,1
9002,Romanian,105_Romanian.mp3,0
9003,Romanian,106_Romanian.mp3,0
9004,Romanian,107_Romanian.mp3,1
9005,Romanian,108_Romanian.mp3,0
9006,Romanian,109_Romanian.mp3,1
9007,Romanian,110_Romanian.mp3,0
9008,Romanian,111_Romanian.mp3,0
9009,Romanian,112_Romanian.mp3,0
9010,Romanian,113_Romanian.mp3,0
9011,Romanian,114_Romanian.mp3,0
9012,Romanian,115_Romanian.mp3,1
9013,Romanian,116_Romanian.mp3,0
9014,Romanian,117_Romanian.mp3,0
9015,Romanian,118_Romanian.mp3,1
9016,Romanian,119_Romanian.mp3,1
9017,Romanian,120_Romanian.mp3,0
9018,Romanian,121_Romanian.mp3,0
9019,Romanian,122_Romanian.mp3,1
9020,Romanian,123_Romanian.mp3,1
9021,Romanian,124_Romanian.mp3,1
9022,Romanian,125_Romanian.mp3,0
9023,Romanian,126_Romanian.mp3,1
9024,Romanian,127_Romanian.mp3,1
9025,Romanian,128_Romanian.mp3,1
9026,Romanian,129_Romanian.mp3,0
9027,Romanian,130_Romanian.mp3,1
9028,Romanian,131_Romanian.mp3,1
9029,Romanian,132_Romanian.mp3,0
9030,Romanian,133_Romanian.mp3,0
9031,Romanian,134_Romanian.mp3,1
9032,Romanian,135_Romanian.mp3,1
9033,Romanian,136_Romanian.mp3,1
9034,Romanian,137_Romanian.mp3,1
9035,Romanian,138_Romanian.mp3,1
9036,Romanian,139_Romanian.mp3,1
9037,Romanian,140_Romanian.mp3,0
9038,Romanian,141_Romanian.mp3,1
9039,Romanian,142_Romanian.mp3,1
9040,Romanian,143_Romanian.mp3,1
9041,Romanian,144_Romanian.mp3,0
9042,Romanian,145_Romanian.mp3,1
9043,Romanian,146_Romanian.mp3,0
9044,Romanian,147_Romanian.mp3,1
9045,Romanian,148_Romanian.mp3,0
9046,Romanian,149_Romanian.mp3,0
9047,Romanian,150_Romanian.mp3,0
9048,Romanian,151_Romanian.mp3,0
9049,Romanian,152_Romanian.mp3,1
9050,Romanian,153_Romanian.mp3,0
9051,Romanian,154_Romanian.mp3,1
9052,Romanian,155_Romanian.mp3,0
9053,Romanian,156_Romanian.mp3,0
9054,Romanian,157_Romanian.mp3,1
9055,Romanian,158_Romanian.mp3,0
9056,Romanian,159_Romanian.mp3,1
9057,Romanian,160_Romanian.mp3,1
9058,Romanian,161_Romanian.mp3,0
9059,Romanian,162_Romanian.mp3,1
9060,Romanian,163_Romanian.mp3,0
9061,Romanian,164_Romanian.mp3,0
9062,Romanian,165_Romanian.mp3,0
9063,Romanian,166_Romanian.mp3,1
9064,Romanian,167_Romanian.mp3,0
9065,Romanian,168_Romanian.mp3,0
9066,Romanian,169_Romanian.mp3,0
9067,Romanian,170_Romanian.mp3,0
9068,Romanian,171_Romanian.mp3,0
9069,Romanian,172_Romanian.mp3,0
9070,Romanian,173_Romanian.mp3,1
9071,Russian,1_Russian.mp3,1
9072,Russian,2_Russian.mp3,1
9073,Russian,3_Russian.mp3,0
9074,Russian,4_Russian.mp3,0
9075,Russian,5_Russian.mp3,0
9076,Russian,6_Russian.mp3,1
9077,Russian,7_Russian.mp3,0
9078,Russian,8_Russian.mp3,1
9079,Russian,9_Russian.mp3,1
9080,Russian,10_Russian.mp3,1
9081,Russian,11_Russian.mp3,0
9082,Russian,12_Russian.mp3,1
9083,Russian,13_Russian.mp3,1
9084,Russian,14_Russian.mp3,1
9085,Russian,15_Russian.mp3,0
9086,Russian,16_Russian.mp3,0
9087,Russian,17_Russian.mp3,1
9088,Russian,18_Russian.mp3,0
9089,Russian,19_Russian.mp3,1
9090,Russian,20_Russian.mp3,0
9091,Russian,21_Russian.mp3,1
9092,Russian,22_Russian.mp3,1
9093,Russian,23_Russian.mp3,0
9094,Russian,24_Russian.mp3,0
9095,Russian,25_Russian.mp3,1
9096,Russian,26_Russian.mp3,1
9097,Russian,27_Russian.mp3,0
9098,Russian,28_Russian.mp3,1
9099,Russian,29_Russian.mp3,0
9100,Russian,30_Russian.mp3,0
9101,Russian,31_Russian.mp3,0
9102,Russian,32_Russian.mp3,1
9103,Russian,33_Russian.mp3,1
9104,Russian,34_Russian.mp3,1
9105,Russian,35_Russian.mp3,1
9106,Russian,36_Russian.mp3,0
9107,Russian,37_Russian.mp3,0
9108,Russian,38_Russian.mp3,0
9109,Russian,39_Russian.mp3,0
9110,Russian,40_Russian.mp3,0
9111,Russian,41_Russian.mp3,1
9112,Russian,42_Russian.mp3,0
9113,Russian,43_Russian.mp3,0
9114,Russian,44_Russian.mp3,1
9115,Russian,45_Russian.mp3,1
9116,Russian,46_Russian.mp3,0
9117,Russian,47_Russian.mp3,0
9118,Russian,48_Russian.mp3,1
9119,Russian,49_Russian.mp3,1
9120,Russian,50_Russian.mp3,1
9121,Russian,51_Russian.mp3,1
9122,Russian,52_Russian.mp3,0
9123,Russian,53_Russian.mp3,0
9124,Russian,54_Russian.mp3,0
9125,Russian,55_Russian.mp3,0
9126,Russian,56_Russian.mp3,0
9127,Russian,57_Russian.mp3,0
9128,Russian,58_Russian.mp3,1
9129,Russian,59_Russian.mp3,1
9130,Russian,60_Russian.mp3,1
9131,Russian,61_Russian.mp3,1
9132,Russian,62_Russian.mp3,0
9133,Russian,63_Russian.mp3,1
9134,Russian,64_Russian.mp3,1
9135,Russian,65_Russian.mp3,0
9136,Russian,66_Russian.mp3,0
9137,Russian,67_Russian.mp3,0
9138,Russian,68_Russian.mp3,1
9139,Russian,69_Russian.mp3,0
9140,Russian,70_Russian.mp3,1
9141,Russian,71_Russian.mp3,0
9142,Russian,72_Russian.mp3,1
9143,Russian,73_Russian.mp3,0
9144,Russian,74_Russian.mp3,0
9145,Russian,75_Russian.mp3,1
9146,Russian,76_Russian.mp3,0
9147,Russian,77_Russian.mp3,1
9148,Russian,78_Russian.mp3,0
9149,Russian,79_Russian.mp3,1
9150,Russian,80_Russian.mp3,0
9151,Russian,81_Russian.mp3,1
9152,Russian,82_Russian.mp3,1
9153,Russian,83_Russian.mp3,1
9154,Russian,84_Russian.mp3,0
9155,Russian,85_Russian.mp3,0
9156,Russian,86_Russian.mp3,0
9157,Russian,87_Russian.mp3,0
9158,Russian,88_Russian.mp3,1
9159,Russian,89_Russian.mp3,0
9160,Russian,90_Russian.mp3,1
9161,Russian,91_Russian.mp3,1
9162,Russian,92_Russian.mp3,1
9163,Russian,93_Russian.mp3,1
9164,Russian,94_Russian.mp3,0
9165,Russian,95_Russian.mp3,0
9166,Russian,96_Russian.mp3,1
9167,Russian,97_Russian.mp3,1
9168,Russian,98_Russian.mp3,0
9169,Russian,99_Russian.mp3,1
9170,Russian,100_Russian.mp3,1
9171,Russian,101_Russian.mp3,0
9172,Russian,102_Russian.mp3,1
9173,Russian,103_Russian.mp3,1
9174,Russian,104_Russian.mp3,1
9175,Russian,105_Russian.mp3,0
9176,Russian,106_Russian.mp3,0
9177,Russian,107_Russian.mp3,0
9178,Russian,108_Russian.mp3,0
9179,Russian,109_Russian.mp3,1
9180,Russian,110_Russian.mp3,1
9181,Russian,111_Russian.mp3,1
9182,Russian,112_Russian.mp3,1
9183,Russian,113_Russian.mp3,0
9184,Russian,114_Russian.mp3,0
9185,Russian,115_Russian.mp3,0
9186,Russian,116_Russian.mp3,0
9187,Russian,117_Russian.mp3,1
9188,Russian,118_Russian.mp3,1
9189,Russian,119_Russian.mp3,1
9190,Russian,120_Russian.mp3,0
9191,Russian,121_Russian.mp3,0
9192,Russian,122_Russian.mp3,1
9193,Russian,123_Russian.mp3,1
9194,Russian,124_Russian.mp3,0
9195,Russian,125_Russian.mp3,1
9196,Russian,126_Russian.mp3,0
9197,Russian,127_Russian.mp3,0
9198,Russian,128_Russian.mp3,1
9199,Russian,129_Russian.mp3,0
9200,Russian,130_Russian.mp3,1
9201,Russian,131_Russian.mp3,0
9202,Russian,132_Russian.mp3,0
9203,Russian,133_Russian.mp3,1
9204,Russian,134_Russian.mp3,0
9205,Russian,135_Russian.mp3,1
9206,Russian,136_Russian.mp3,1
9207,Russian,137_Russian.mp3,1
9208,Russian,138_Russian.mp3,0
9209,Russian,139_Russian.mp3,0
9210,Russian,140_Russian.mp3,1
9211,Russian,141_Russian.mp3,1
9212,Russian,142_Russian.mp3,0
9213,Russian,143_Russian.mp3,0
9214,Russian,144_Russian.mp3,0
9215,Russian,145_Russian.mp3,0
9216,Russian,146_Russian.mp3,1
9217,Russian,147_Russian.mp3,0
9218,Russian,148_Russian.mp3,1
9219,Russian,149_Russian.mp3,1
9220,Russian,150_Russian.mp3,1
9221,Russian,151_Russian.mp3,1
9222,Russian,152_Russian.mp3,1
9223,Russian,153_Russian.mp3,1
9224,Russian,154_Russian.mp3,0
9225,Russian,155_Russian.mp3,1
9226,Russian,156_Russian.mp3,1
9227,Russian,157_Russian.mp3,1
9228,Russian,158_Russian.mp3,0
9229,Russian,159_Russian.mp3,1
9230,Russian,160_Russian.mp3,1
9231,Russian,161_Russian.mp3,0
9232,Russian,162_Russian.mp3,0
9233,Russian,163_Russian.mp3,0
9234,Russian,164_Russian.mp3,0
9235,Russian,165_Russian.mp3,1
9236,Russian,166_Russian.mp3,0
9237,Russian,167_Russian.mp3,1
9238,Russian,168_Russian.mp3,1
9239,Russian,169_Russian.mp3,0
9240,Russian,170_Russian.mp3,0
9241,Russian,171_Russian.mp3,1
9242,Russian,172_Russian.mp3,0
9243,Russian,173_Russian.mp3,1
9244,Russian,174_Russian.mp3,0
9245,Russian,175_Russian.mp3,0
9246,Russian,176_Russian.mp3,1
9247,Russian,177_Russian.mp3,0
9248,Russian,178_Russian.mp3,1
9249,Russian,179_Russian.mp3,0
9250,Russian,180_Russian.mp3,1
9251,Russian,181_Russian.mp3,0
9252,Russian,182_Russian.mp3,0
9253,Russian,183_Russian.mp3,1
9254,Sinhala,1_Sinhala.mp3,1
9255,Sinhala,2_Sinhala.mp3,1
9256,Sinhala,3_Sinhala.mp3,0
9257,Sinhala,4_Sinhala.mp3,0
9258,Sinhala,5_Sinhala.mp3,0
9259,Sinhala,6_Sinhala.mp3,1
9260,Sinhala,7_Sinhala.mp3,0
9261,Sinhala,8_Sinhala.mp3,1
9262,Sinhala,9_Sinhala.mp3,1
9263,Sinhala,10_Sinhala.mp3,1
9264,Sinhala,11_Sinhala.mp3,0
9265,Sinhala,12_Sinhala.mp3,1
9266,Sinhala,13_Sinhala.mp3,1
9267,Sinhala,14_Sinhala.mp3,1
9268,Sinhala,15_Sinhala.mp3,0
9269,Sinhala,16_Sinhala.mp3,0
9270,Sinhala,17_Sinhala.mp3,1
9271,Sinhala,18_Sinhala.mp3,0
9272,Sinhala,19_Sinhala.mp3,1
9273,Sinhala,20_Sinhala.mp3,0
9274,Sinhala,21_Sinhala.mp3,1
9275,Sinhala,22_Sinhala.mp3,1
9276,Sinhala,23_Sinhala.mp3,0
9277,Sinhala,24_Sinhala.mp3,0
9278,Sinhala,25_Sinhala.mp3,1
9279,Sinhala,26_Sinhala.mp3,1
9280,Sinhala,27_Sinhala.mp3,0
9281,Sinhala,28_Sinhala.mp3,1
9282,Sinhala,29_Sinhala.mp3,0
9283,Sinhala,30_Sinhala.mp3,0
9284,Sinhala,31_Sinhala.mp3,0
9285,Sinhala,32_Sinhala.mp3,1
9286,Sinhala,33_Sinhala.mp3,1
9287,Sinhala,34_Sinhala.mp3,1
9288,Sinhala,35_Sinhala.mp3,1
9289,Sinhala,36_Sinhala.mp3,0
9290,Sinhala,37_Sinhala.mp3,0
9291,Sinhala,38_Sinhala.mp3,0
9292,Sinhala,39_Sinhala.mp3,0
9293,Sinhala,40_Sinhala.mp3,0
9294,Sinhala,41_Sinhala.mp3,1
9295,Sinhala,42_Sinhala.mp3,0
9296,Sinhala,43_Sinhala.mp3,0
9297,Sinhala,44_Sinhala.mp3,1
9298,Sinhala,45_Sinhala.mp3,1
9299,Sinhala,46_Sinhala.mp3,0
9300,Sinhala,47_Sinhala.mp3,0
9301,Sinhala,48_Sinhala.mp3,1
9302,Sinhala,49_Sinhala.mp3,1
9303,Sinhala,50_Sinhala.mp3,1
9304,Sinhala,51_Sinhala.mp3,1
9305,Sinhala,52_Sinhala.mp3,0
9306,Sinhala,53_Sinhala.mp3,0
9307,Sinhala,54_Sinhala.mp3,0
9308,Sinhala,55_Sinhala.mp3,0
9309,Sinhala,56_Sinhala.mp3,0
9310,Sinhala,57_Sinhala.mp3,0
9311,Sinhala,58_Sinhala.mp3,1
9312,Sinhala,59_Sinhala.mp3,1
9313,Sinhala,60_Sinhala.mp3,1
9314,Sinhala,61_Sinhala.mp3,1
9315,Sinhala,62_Sinhala.mp3,0
9316,Sinhala,63_Sinhala.mp3,1
9317,Sinhala,64_Sinhala.mp3,1
9318,Sinhala,65_Sinhala.mp3,0
9319,Sinhala,66_Sinhala.mp3,0
9320,Sinhala,67_Sinhala.mp3,0
9321,Sinhala,68_Sinhala.mp3,1
9322,Sinhala,69_Sinhala.mp3,0
9323,Sinhala,70_Sinhala.mp3,1
9324,Sinhala,71_Sinhala.mp3,0
9325,Sinhala,72_Sinhala.mp3,1
9326,Sinhala,73_Sinhala.mp3,0
9327,Sinhala,74_Sinhala.mp3,0
9328,Sinhala,75_Sinhala.mp3,1
9329,Sinhala,76_Sinhala.mp3,0
9330,Sinhala,77_Sinhala.mp3,1
9331,Sinhala,78_Sinhala.mp3,0
9332,Sinhala,79_Sinhala.mp3,1
9333,Sinhala,80_Sinhala.mp3,0
9334,Sinhala,81_Sinhala.mp3,1
9335,Sinhala,82_Sinhala.mp3,1
9336,Sinhala,83_Sinhala.mp3,1
9337,Sinhala,84_Sinhala.mp3,0
9338,Sinhala,85_Sinhala.mp3,0
9339,Sinhala,86_Sinhala.mp3,0
9340,Sinhala,87_Sinhala.mp3,0
9341,Sinhala,88_Sinhala.mp3,1
9342,Sinhala,89_Sinhala.mp3,0
9343,Sinhala,90_Sinhala.mp3,1
9344,Sinhala,91_Sinhala.mp3,1
9345,Sinhala,92_Sinhala.mp3,1
9346,Sinhala,93_Sinhala.mp3,1
9347,Sinhala,94_Sinhala.mp3,0
9348,Sinhala,95_Sinhala.mp3,0
9349,Sinhala,96_Sinhala.mp3,0
9350,Sinhala,97_Sinhala.mp3,1
9351,Sinhala,98_Sinhala.mp3,0
9352,Sinhala,99_Sinhala.mp3,1
9353,Sinhala,100_Sinhala.mp3,1
9354,Sinhala,101_Sinhala.mp3,0
9355,Sinhala,102_Sinhala.mp3,1
9356,Sinhala,103_Sinhala.mp3,1
9357,Sinhala,104_Sinhala.mp3,1
9358,Sinhala,105_Sinhala.mp3,0
9359,Sinhala,106_Sinhala.mp3,0
9360,Sinhala,107_Sinhala.mp3,0
9361,Sinhala,108_Sinhala.mp3,0
9362,Sinhala,109_Sinhala.mp3,1
9363,Sinhala,110_Sinhala.mp3,1
9364,Sinhala,111_Sinhala.mp3,1
9365,Sinhala,112_Sinhala.mp3,1
9366,Sinhala,113_Sinhala.mp3,0
9367,Sinhala,114_Sinhala.mp3,0
9368,Sinhala,115_Sinhala.mp3,0
9369,Sinhala,116_Sinhala.mp3,0
9370,Sinhala,117_Sinhala.mp3,1
9371,Sinhala,118_Sinhala.mp3,1
9372,Sinhala,119_Sinhala.mp3,1
9373,Sinhala,120_Sinhala.mp3,0
9374,Sinhala,121_Sinhala.mp3,0
9375,Sinhala,122_Sinhala.mp3,1
9376,Sinhala,123_Sinhala.mp3,1
9377,Sinhala,124_Sinhala.mp3,0
9378,Sinhala,125_Sinhala.mp3,1
9379,Sinhala,126_Sinhala.mp3,0
9380,Sinhala,127_Sinhala.mp3,0
9381,Sinhala,128_Sinhala.mp3,1
9382,Sinhala,129_Sinhala.mp3,0
9383,Sinhala,130_Sinhala.mp3,1
9384,Sinhala,131_Sinhala.mp3,0
9385,Sinhala,132_Sinhala.mp3,0
9386,Sinhala,133_Sinhala.mp3,1
9387,Sinhala,134_Sinhala.mp3,0
9388,Sinhala,135_Sinhala.mp3,1
9389,Sinhala,136_Sinhala.mp3,1
9390,Sinhala,137_Sinhala.mp3,1
9391,Sinhala,138_Sinhala.mp3,0
9392,Sinhala,139_Sinhala.mp3,0
9393,Sinhala,140_Sinhala.mp3,1
9394,Sinhala,141_Sinhala.mp3,1
9395,Sinhala,142_Sinhala.mp3,0
9396,Sinhala,143_Sinhala.mp3,0
9397,Sinhala,144_Sinhala.mp3,0
9398,Sinhala,145_Sinhala.mp3,0
9399,Sinhala,146_Sinhala.mp3,1
9400,Sinhala,147_Sinhala.mp3,0
9401,Sinhala,148_Sinhala.mp3,1
9402,Sinhala,149_Sinhala.mp3,1
9403,Sinhala,150_Sinhala.mp3,1
9404,Sinhala,151_Sinhala.mp3,1
9405,Sinhala,152_Sinhala.mp3,1
9406,Sinhala,153_Sinhala.mp3,0
9407,Sinhala,154_Sinhala.mp3,0
9408,Sinhala,155_Sinhala.mp3,1
9409,Sinhala,156_Sinhala.mp3,1
9410,Sinhala,157_Sinhala.mp3,1
9411,Sinhala,158_Sinhala.mp3,0
9412,Sinhala,159_Sinhala.mp3,1
9413,Sinhala,160_Sinhala.mp3,1
9414,Sinhala,161_Sinhala.mp3,0
9415,Sinhala,162_Sinhala.mp3,0
9416,Sinhala,163_Sinhala.mp3,0
9417,Sinhala,164_Sinhala.mp3,0
9418,Sinhala,165_Sinhala.mp3,1
9419,Sinhala,166_Sinhala.mp3,0
9420,Sinhala,167_Sinhala.mp3,1
9421,Sinhala,168_Sinhala.mp3,1
9422,Sinhala,169_Sinhala.mp3,0
9423,Sinhala,170_Sinhala.mp3,0
9424,Sinhala,171_Sinhala.mp3,1
9425,Sinhala,172_Sinhala.mp3,0
9426,Sinhala,173_Sinhala.mp3,1
9427,Sinhala,174_Sinhala.mp3,0
9428,Sinhala,175_Sinhala.mp3,0
9429,Sinhala,176_Sinhala.mp3,1
9430,Sinhala,177_Sinhala.mp3,0
9431,Sinhala,178_Sinhala.mp3,1
9432,Sinhala,179_Sinhala.mp3,0
9433,Sinhala,180_Sinhala.mp3,1
9434,Slovak,1_Slovak.mp3,1
9435,Slovak,2_Slovak.mp3,0
9436,Slovak,3_Slovak.mp3,1
9437,Slovak,4_Slovak.mp3,1
9438,Slovak,5_Slovak.mp3,0
9439,Slovak,6_Slovak.mp3,1
9440,Slovak,7_Slovak.mp3,0
9441,Slovak,8_Slovak.mp3,0
9442,Slovak,9_Slovak.mp3,1
9443,Slovak,10_Slovak.mp3,0
9444,Slovak,11_Slovak.mp3,1
9445,Slovak,12_Slovak.mp3,1
9446,Slovak,13_Slovak.mp3,0
9447,Slovak,14_Slovak.mp3,0
9448,Slovak,15_Slovak.mp3,0
9449,Slovak,16_Slovak.mp3,1
9450,Slovak,17_Slovak.mp3,1
9451,Slovak,18_Slovak.mp3,0
9452,Slovak,19_Slovak.mp3,1
9453,Slovak,20_Slovak.mp3,1
9454,Slovak,21_Slovak.mp3,1
9455,Slovak,22_Slovak.mp3,1
9456,Slovak,23_Slovak.mp3,1
9457,Slovak,24_Slovak.mp3,1
9458,Slovak,25_Slovak.mp3,0
9459,Slovak,26_Slovak.mp3,1
9460,Slovak,27_Slovak.mp3,1
9461,Slovak,28_Slovak.mp3,1
9462,Slovak,29_Slovak.mp3,1
9463,Slovak,30_Slovak.mp3,1
9464,Slovak,31_Slovak.mp3,0
9465,Slovak,32_Slovak.mp3,0
9466,Slovak,33_Slovak.mp3,1
9467,Slovak,34_Slovak.mp3,1
9468,Slovak,35_Slovak.mp3,0
9469,Slovak,36_Slovak.mp3,0
9470,Slovak,37_Slovak.mp3,1
9471,Slovak,38_Slovak.mp3,1
9472,Slovak,39_Slovak.mp3,0
9473,Slovak,40_Slovak.mp3,1
9474,Slovak,41_Slovak.mp3,1
9475,Slovak,42_Slovak.mp3,0
9476,Slovak,43_Slovak.mp3,0
9477,Slovak,44_Slovak.mp3,1
9478,Slovak,45_Slovak.mp3,1
9479,Slovak,46_Slovak.mp3,0
9480,Slovak,47_Slovak.mp3,1
9481,Slovak,48_Slovak.mp3,1
9482,Slovak,49_Slovak.mp3,0
9483,Slovak,50_Slovak.mp3,1
9484,Slovak,51_Slovak.mp3,1
9485,Slovak,52_Slovak.mp3,1
9486,Slovak,53_Slovak.mp3,0
9487,Slovak,54_Slovak.mp3,1
9488,Slovak,55_Slovak.mp3,0
9489,Slovak,56_Slovak.mp3,1
9490,Slovak,57_Slovak.mp3,1
9491,Slovak,58_Slovak.mp3,0
9492,Slovak,59_Slovak.mp3,0
9493,Slovak,60_Slovak.mp3,0
9494,Slovak,61_Slovak.mp3,1
9495,Slovak,62_Slovak.mp3,0
9496,Slovak,63_Slovak.mp3,1
9497,Slovak,64_Slovak.mp3,1
9498,Slovak,65_Slovak.mp3,1
9499,Slovak,66_Slovak.mp3,1
9500,Slovak,67_Slovak.mp3,1
9501,Slovak,68_Slovak.mp3,1
9502,Slovak,69_Slovak.mp3,1
9503,Slovak,70_Slovak.mp3,1
9504,Slovak,71_Slovak.mp3,1
9505,Slovak,72_Slovak.mp3,0
9506,Slovak,73_Slovak.mp3,1
9507,Slovak,74_Slovak.mp3,0
9508,Slovak,75_Slovak.mp3,1
9509,Slovak,76_Slovak.mp3,1
9510,Slovak,77_Slovak.mp3,0
9511,Slovak,78_Slovak.mp3,0
9512,Slovak,79_Slovak.mp3,0
9513,Slovak,80_Slovak.mp3,1
9514,Slovak,81_Slovak.mp3,1
9515,Slovak,82_Slovak.mp3,1
9516,Slovak,83_Slovak.mp3,0
9517,Slovak,84_Slovak.mp3,1
9518,Slovak,85_Slovak.mp3,0
9519,Slovak,86_Slovak.mp3,1
9520,Slovak,87_Slovak.mp3,0
9521,Slovak,88_Slovak.mp3,0
9522,Slovak,89_Slovak.mp3,0
9523,Slovak,90_Slovak.mp3,0
9524,Slovak,91_Slovak.mp3,1
9525,Slovak,92_Slovak.mp3,0
9526,Slovak,93_Slovak.mp3,1
9527,Slovak,94_Slovak.mp3,0
9528,Slovak,95_Slovak.mp3,0
9529,Slovak,96_Slovak.mp3,0
9530,Slovak,97_Slovak.mp3,0
9531,Slovak,98_Slovak.mp3,1
9532,Slovak,99_Slovak.mp3,0
9533,Slovak,100_Slovak.mp3,0
9534,Slovak,101_Slovak.mp3,1
9535,Slovak,102_Slovak.mp3,1
9536,Slovak,103_Slovak.mp3,1
9537,Slovak,104_Slovak.mp3,0
9538,Slovak,105_Slovak.mp3,1
9539,Slovak,106_Slovak.mp3,1
9540,Slovak,107_Slovak.mp3,0
9541,Slovak,108_Slovak.mp3,0
9542,Slovak,109_Slovak.mp3,1
9543,Slovak,110_Slovak.mp3,0
9544,Slovak,111_Slovak.mp3,0
9545,Slovak,112_Slovak.mp3,1
9546,Slovak,113_Slovak.mp3,1
9547,Slovak,114_Slovak.mp3,0
9548,Slovak,115_Slovak.mp3,0
9549,Slovak,116_Slovak.mp3,0
9550,Slovak,117_Slovak.mp3,0
9551,Slovak,118_Slovak.mp3,0
9552,Slovak,119_Slovak.mp3,1
9553,Slovak,120_Slovak.mp3,1
9554,Slovak,121_Slovak.mp3,0
9555,Slovak,122_Slovak.mp3,0
9556,Slovak,123_Slovak.mp3,1
9557,Slovak,124_Slovak.mp3,0
9558,Slovak,125_Slovak.mp3,0
9559,Slovak,126_Slovak.mp3,0
9560,Slovak,127_Slovak.mp3,1
9561,Slovak,128_Slovak.mp3,1
9562,Slovak,129_Slovak.mp3,1
9563,Slovak,130_Slovak.mp3,1
9564,Slovak,131_Slovak.mp3,1
9565,Slovak,132_Slovak.mp3,1
9566,Slovak,133_Slovak.mp3,1
9567,Slovak,134_Slovak.mp3,0
9568,Slovak,135_Slovak.mp3,1
9569,Slovak,136_Slovak.mp3,1
9570,Slovak,137_Slovak.mp3,1
9571,Slovak,138_Slovak.mp3,0
9572,Slovak,139_Slovak.mp3,1
9573,Slovak,140_Slovak.mp3,0
9574,Slovak,141_Slovak.mp3,0
9575,Slovak,142_Slovak.mp3,1
9576,Slovak,143_Slovak.mp3,1
9577,Slovak,144_Slovak.mp3,1
9578,Slovak,145_Slovak.mp3,1
9579,Slovak,146_Slovak.mp3,0
9580,Slovak,147_Slovak.mp3,0
9581,Slovak,148_Slovak.mp3,0
9582,Slovak,149_Slovak.mp3,1
9583,Slovak,150_Slovak.mp3,0
9584,Slovak,151_Slovak.mp3,1
9585,Slovak,152_Slovak.mp3,1
9586,Slovak,153_Slovak.mp3,0
9587,Slovak,154_Slovak.mp3,0
9588,Slovak,155_Slovak.mp3,1
9589,Slovak,156_Slovak.mp3,1
9590,Slovak,157_Slovak.mp3,0
9591,Slovak,158_Slovak.mp3,1
9592,Slovak,159_Slovak.mp3,1
9593,Slovak,160_Slovak.mp3,0
9594,Slovak,161_Slovak.mp3,1
9595,Slovak,162_Slovak.mp3,0
9596,Slovak,163_Slovak.mp3,0
9597,Slovak,164_Slovak.mp3,1
9598,Slovak,165_Slovak.mp3,0
9599,Slovak,166_Slovak.mp3,1
9600,Slovak,167_Slovak.mp3,0
9601,Slovak,168_Slovak.mp3,1
9602,Slovak,169_Slovak.mp3,1
9603,Slovak,170_Slovak.mp3,0
9604,Slovak,171_Slovak.mp3,0
9605,Slovak,172_Slovak.mp3,0
9606,Slovak,173_Slovak.mp3,1
9607,Slovak,174_Slovak.mp3,1
9608,Slovak,175_Slovak.mp3,1
9609,Slovak,176_Slovak.mp3,0
9610,Slovak,177_Slovak.mp3,0
9611,Slovak,178_Slovak.mp3,0
9612,Slovak,179_Slovak.mp3,0
9613,Slovak,180_Slovak.mp3,1
9614,Slovak,181_Slovak.mp3,1
9615,Slovak,182_Slovak.mp3,1
9616,Slovak,183_Slovak.mp3,1
9617,Slovak,184_Slovak.mp3,0
9618,Slovak,185_Slovak.mp3,1
9619,Slovak,186_Slovak.mp3,0
9620,Slovak,187_Slovak.mp3,0
9621,Slovak,188_Slovak.mp3,0
9622,Slovak,189_Slovak.mp3,1
9623,Slovak,190_Slovak.mp3,1
9624,Slovak,191_Slovak.mp3,1
9625,Slovak,192_Slovak.mp3,0
9626,Slovak,193_Slovak.mp3,0
9627,Slovak,194_Slovak.mp3,0
9628,Slovak,195_Slovak.mp3,1
9629,Slovak,196_Slovak.mp3,1
9630,Slovak,197_Slovak.mp3,1
9631,Slovak,198_Slovak.mp3,1
9632,Slovak,199_Slovak.mp3,1
9633,Slovak,200_Slovak.mp3,1
9634,Slovak,201_Slovak.mp3,0
9635,Slovak,202_Slovak.mp3,1
9636,Slovak,203_Slovak.mp3,0
9637,Slovak,204_Slovak.mp3,1
9638,Slovak,205_Slovak.mp3,1
9639,Slovak,206_Slovak.mp3,0
9640,Slovak,207_Slovak.mp3,1
9641,Slovak,208_Slovak.mp3,1
9642,Slovak,209_Slovak.mp3,1
9643,Slovak,210_Slovak.mp3,1
9644,Slovak,211_Slovak.mp3,1
9645,Slovak,212_Slovak.mp3,1
9646,Slovak,213_Slovak.mp3,0
9647,Slovak,214_Slovak.mp3,0
9648,Slovak,215_Slovak.mp3,1
9649,Slovak,216_Slovak.mp3,1
9650,Slovak,217_Slovak.mp3,1
9651,Slovak,218_Slovak.mp3,1
9652,Slovak,219_Slovak.mp3,1
9653,Slovak,220_Slovak.mp3,0
9654,Slovak,221_Slovak.mp3,1
9655,Somali,1_Somali.mp3,1
9656,Somali,2_Somali.mp3,1
9657,Somali,3_Somali.mp3,1
9658,Somali,4_Somali.mp3,1
9659,Somali,5_Somali.mp3,1
9660,Somali,6_Somali.mp3,1
9661,Somali,7_Somali.mp3,1
9662,Somali,8_Somali.mp3,0
9663,Somali,9_Somali.mp3,1
9664,Somali,10_Somali.mp3,0
9665,Somali,11_Somali.mp3,0
9666,Somali,12_Somali.mp3,1
9667,Somali,13_Somali.mp3,1
9668,Somali,14_Somali.mp3,0
9669,Somali,15_Somali.mp3,0
9670,Somali,16_Somali.mp3,0
9671,Somali,17_Somali.mp3,0
9672,Somali,18_Somali.mp3,1
9673,Somali,19_Somali.mp3,0
9674,Somali,20_Somali.mp3,0
9675,Somali,21_Somali.mp3,1
9676,Somali,22_Somali.mp3,1
9677,Somali,23_Somali.mp3,1
9678,Somali,24_Somali.mp3,1
9679,Somali,25_Somali.mp3,1
9680,Somali,26_Somali.mp3,1
9681,Somali,27_Somali.mp3,1
9682,Somali,28_Somali.mp3,1
9683,Somali,29_Somali.mp3,1
9684,Somali,30_Somali.mp3,1
9685,Somali,31_Somali.mp3,0
9686,Somali,32_Somali.mp3,1
9687,Somali,33_Somali.mp3,0
9688,Somali,34_Somali.mp3,0
9689,Somali,35_Somali.mp3,1
9690,Somali,36_Somali.mp3,0
9691,Somali,37_Somali.mp3,1
9692,Somali,38_Somali.mp3,1
9693,Somali,39_Somali.mp3,1
9694,Somali,40_Somali.mp3,0
9695,Somali,41_Somali.mp3,1
9696,Somali,42_Somali.mp3,1
9697,Somali,43_Somali.mp3,0
9698,Somali,44_Somali.mp3,0
9699,Somali,45_Somali.mp3,0
9700,Somali,46_Somali.mp3,0
9701,Somali,47_Somali.mp3,1
9702,Somali,48_Somali.mp3,1
9703,Somali,49_Somali.mp3,1
9704,Somali,50_Somali.mp3,0
9705,Somali,51_Somali.mp3,0
9706,Somali,52_Somali.mp3,1
9707,Somali,53_Somali.mp3,0
9708,Somali,54_Somali.mp3,0
9709,Somali,55_Somali.mp3,1
9710,Somali,56_Somali.mp3,1
9711,Somali,57_Somali.mp3,1
9712,Somali,58_Somali.mp3,0
9713,Somali,59_Somali.mp3,1
9714,Somali,60_Somali.mp3,0
9715,Somali,61_Somali.mp3,0
9716,Somali,62_Somali.mp3,1
9717,Somali,63_Somali.mp3,0
9718,Somali,64_Somali.mp3,1
9719,Somali,65_Somali.mp3,1
9720,Somali,66_Somali.mp3,1
9721,Somali,67_Somali.mp3,0
9722,Somali,68_Somali.mp3,0
9723,Somali,69_Somali.mp3,1
9724,Somali,70_Somali.mp3,0
9725,Somali,71_Somali.mp3,0
9726,Somali,72_Somali.mp3,1
9727,Somali,73_Somali.mp3,1
9728,Somali,74_Somali.mp3,1
9729,Somali,75_Somali.mp3,0
9730,Somali,76_Somali.mp3,1
9731,Somali,77_Somali.mp3,1
9732,Somali,78_Somali.mp3,1
9733,Somali,79_Somali.mp3,0
9734,Somali,80_Somali.mp3,1
9735,Somali,81_Somali.mp3,0
9736,Somali,82_Somali.mp3,0
9737,Somali,83_Somali.mp3,1
9738,Somali,84_Somali.mp3,1
9739,Somali,85_Somali.mp3,0
9740,Somali,86_Somali.mp3,0
9741,Somali,87_Somali.mp3,1
9742,Somali,88_Somali.mp3,0
9743,Somali,89_Somali.mp3,1
9744,Somali,90_Somali.mp3,1
9745,Somali,91_Somali.mp3,0
9746,Somali,92_Somali.mp3,1
9747,Somali,93_Somali.mp3,0
9748,Somali,94_Somali.mp3,1
9749,Somali,95_Somali.mp3,0
9750,Somali,96_Somali.mp3,0
9751,Somali,97_Somali.mp3,1
9752,Somali,98_Somali.mp3,0
9753,Somali,99_Somali.mp3,1
9754,Somali,100_Somali.mp3,1
9755,Somali,101_Somali.mp3,1
9756,Somali,102_Somali.mp3,1
9757,Somali,103_Somali.mp3,1
9758,Somali,104_Somali.mp3,1
9759,Somali,105_Somali.mp3,0
9760,Somali,106_Somali.mp3,0
9761,Somali,107_Somali.mp3,1
9762,Somali,108_Somali.mp3,1
9763,Somali,109_Somali.mp3,0
9764,Somali,110_Somali.mp3,1
9765,Somali,111_Somali.mp3,1
9766,Somali,112_Somali.mp3,1
9767,Somali,113_Somali.mp3,1
9768,Somali,114_Somali.mp3,1
9769,Somali,115_Somali.mp3,0
9770,Somali,116_Somali.mp3,0
9771,Somali,117_Somali.mp3,1
9772,Somali,118_Somali.mp3,1
9773,Somali,119_Somali.mp3,0
9774,Somali,120_Somali.mp3,0
9775,Somali,121_Somali.mp3,1
9776,Somali,122_Somali.mp3,1
9777,Somali,123_Somali.mp3,0
9778,Somali,124_Somali.mp3,1
9779,Somali,125_Somali.mp3,0
9780,Somali,126_Somali.mp3,0
9781,Somali,127_Somali.mp3,1
9782,Somali,128_Somali.mp3,1
9783,Somali,129_Somali.mp3,1
9784,Somali,130_Somali.mp3,0
9785,Somali,131_Somali.mp3,1
9786,Somali,132_Somali.mp3,0
9787,Somali,133_Somali.mp3,1
9788,Somali,134_Somali.mp3,1
9789,Somali,135_Somali.mp3,1
9790,Somali,136_Somali.mp3,0
9791,Somali,137_Somali.mp3,1
9792,Somali,138_Somali.mp3,0
9793,Somali,139_Somali.mp3,1
9794,Somali,140_Somali.mp3,1
9795,Somali,141_Somali.mp3,1
9796,Somali,142_Somali.mp3,1
9797,Somali,143_Somali.mp3,1
9798,Somali,144_Somali.mp3,1
9799,Somali,145_Somali.mp3,0
9800,Somali,146_Somali.mp3,0
9801,Somali,147_Somali.mp3,1
9802,Somali,148_Somali.mp3,1
9803,Somali,149_Somali.mp3,0
9804,Somali,150_Somali.mp3,1
9805,Somali,151_Somali.mp3,1
9806,Somali,152_Somali.mp3,1
9807,Somali,153_Somali.mp3,0
9808,Somali,154_Somali.mp3,1
9809,Somali,155_Somali.mp3,1
9810,Somali,156_Somali.mp3,0
9811,Somali,157_Somali.mp3,0
9812,Somali,158_Somali.mp3,1
9813,Somali,159_Somali.mp3,1
9814,Somali,160_Somali.mp3,0
9815,Somali,161_Somali.mp3,1
9816,Somali,162_Somali.mp3,1
9817,Somali,163_Somali.mp3,0
9818,Somali,164_Somali.mp3,1
9819,Somali,165_Somali.mp3,0
9820,Somali,166_Somali.mp3,0
9821,Somali,167_Somali.mp3,1
9822,Somali,168_Somali.mp3,0
9823,Somali,169_Somali.mp3,1
9824,Somali,170_Somali.mp3,1
9825,Somali,171_Somali.mp3,1
9826,Somali,172_Somali.mp3,1
9827,Somali,173_Somali.mp3,1
9828,Somali,174_Somali.mp3,1
9829,Somali,175_Somali.mp3,0
9830,Somali,176_Somali.mp3,0
9831,Somali,177_Somali.mp3,0
9832,Somali,178_Somali.mp3,1
9833,Somali,179_Somali.mp3,1
9834,Somali,180_Somali.mp3,0
9835,Somali,181_Somali.mp3,0
9836,Somali,182_Somali.mp3,1
9837,Somali,183_Somali.mp3,1
9838,Somali,184_Somali.mp3,1
9839,Somali,185_Somali.mp3,1
9840,Somali,186_Somali.mp3,0
9841,Somali,187_Somali.mp3,1
9842,Somali,188_Somali.mp3,0
9843,Somali,189_Somali.mp3,0
9844,Somali,190_Somali.mp3,1
9845,Somali,191_Somali.mp3,1
9846,Somali,192_Somali.mp3,1
9847,Somali,193_Somali.mp3,1
9848,Somali,194_Somali.mp3,0
9849,Somali,195_Somali.mp3,1
9850,Somali,196_Somali.mp3,1
9851,Somali,197_Somali.mp3,1
9852,Somali,198_Somali.mp3,0
9853,Somali,199_Somali.mp3,1
9854,Somali,200_Somali.mp3,0
9855,Somali,201_Somali.mp3,0
9856,Somali,202_Somali.mp3,1
9857,Somali,203_Somali.mp3,1
9858,Somali,204_Somali.mp3,0
9859,Somali,205_Somali.mp3,1
9860,Somali,206_Somali.mp3,1
9861,Somali,207_Somali.mp3,1
9862,Somali,208_Somali.mp3,0
9863,Somali,209_Somali.mp3,1
9864,Somali,210_Somali.mp3,1
9865,Somali,211_Somali.mp3,1
9866,Somali,212_Somali.mp3,0
9867,Somali,213_Somali.mp3,0
9868,Somali,214_Somali.mp3,1
9869,Somali,215_Somali.mp3,1
9870,Somali,216_Somali.mp3,1
9871,Somali,217_Somali.mp3,1
9872,Somali,218_Somali.mp3,1
9873,Somali,219_Somali.mp3,0
9874,Somali,220_Somali.mp3,1
9875,Somali,221_Somali.mp3,1
9876,Somali,222_Somali.mp3,1
9877,Somali,223_Somali.mp3,1
9878,Somali,224_Somali.mp3,1
9879,Somali,225_Somali.mp3,0
9880,Somali,226_Somali.mp3,1
9881,Somali,227_Somali.mp3,1
9882,Somali,228_Somali.mp3,1
9883,Somali,229_Somali.mp3,1
9884,Somali,230_Somali.mp3,1
9885,Somali,231_Somali.mp3,1
9886,Somali,232_Somali.mp3,1
9887,Somali,233_Somali.mp3,1
9888,Somali,234_Somali.mp3,1
9889,Somali,235_Somali.mp3,1
9890,Somali,236_Somali.mp3,1
9891,Somali,237_Somali.mp3,1
9892,Somali,238_Somali.mp3,1
9893,Somali,239_Somali.mp3,0
9894,Somali,240_Somali.mp3,1
9895,Spanish,1_Spanish.mp3,1
9896,Spanish,2_Spanish.mp3,1
9897,Spanish,3_Spanish.mp3,1
9898,Spanish,4_Spanish.mp3,1
9899,Spanish,5_Spanish.mp3,1
9900,Spanish,6_Spanish.mp3,1
9901,Spanish,7_Spanish.mp3,1
9902,Spanish,8_Spanish.mp3,0
9903,Spanish,9_Spanish.mp3,1
9904,Spanish,10_Spanish.mp3,0
9905,Spanish,11_Spanish.mp3,0
9906,Spanish,12_Spanish.mp3,1
9907,Spanish,13_Spanish.mp3,1
9908,Spanish,14_Spanish.mp3,0
9909,Spanish,15_Spanish.mp3,0
9910,Spanish,16_Spanish.mp3,0
9911,Spanish,17_Spanish.mp3,0
9912,Spanish,18_Spanish.mp3,1
9913,Spanish,19_Spanish.mp3,0
9914,Spanish,20_Spanish.mp3,0
9915,Spanish,21_Spanish.mp3,1
9916,Spanish,22_Spanish.mp3,1
9917,Spanish,23_Spanish.mp3,1
9918,Spanish,24_Spanish.mp3,1
9919,Spanish,25_Spanish.mp3,1
9920,Spanish,26_Spanish.mp3,1
9921,Spanish,27_Spanish.mp3,1
9922,Spanish,28_Spanish.mp3,1
9923,Spanish,29_Spanish.mp3,1
9924,Spanish,30_Spanish.mp3,1
9925,Spanish,31_Spanish.mp3,0
9926,Spanish,32_Spanish.mp3,0
9927,Spanish,33_Spanish.mp3,0
9928,Spanish,34_Spanish.mp3,0
9929,Spanish,35_Spanish.mp3,1
9930,Spanish,36_Spanish.mp3,0
9931,Spanish,37_Spanish.mp3,1
9932,Spanish,38_Spanish.mp3,1
9933,Spanish,39_Spanish.mp3,1
9934,Spanish,40_Spanish.mp3,0
9935,Spanish,41_Spanish.mp3,1
9936,Spanish,42_Spanish.mp3,1
9937,Spanish,43_Spanish.mp3,0
9938,Spanish,44_Spanish.mp3,0
9939,Spanish,45_Spanish.mp3,0
9940,Spanish,46_Spanish.mp3,0
9941,Spanish,47_Spanish.mp3,1
9942,Spanish,48_Spanish.mp3,1
9943,Spanish,49_Spanish.mp3,1
9944,Spanish,50_Spanish.mp3,0
9945,Spanish,51_Spanish.mp3,0
9946,Spanish,52_Spanish.mp3,1
9947,Spanish,53_Spanish.mp3,0
9948,Spanish,54_Spanish.mp3,0
9949,Spanish,55_Spanish.mp3,1
9950,Spanish,56_Spanish.mp3,1
9951,Spanish,57_Spanish.mp3,1
9952,Spanish,58_Spanish.mp3,0
9953,Spanish,59_Spanish.mp3,1
9954,Spanish,60_Spanish.mp3,0
9955,Spanish,61_Spanish.mp3,0
9956,Spanish,62_Spanish.mp3,1
9957,Spanish,63_Spanish.mp3,0
9958,Spanish,64_Spanish.mp3,1
9959,Spanish,65_Spanish.mp3,1
9960,Spanish,66_Spanish.mp3,1
9961,Spanish,67_Spanish.mp3,0
9962,Spanish,68_Spanish.mp3,0
9963,Spanish,69_Spanish.mp3,1
9964,Spanish,70_Spanish.mp3,0
9965,Spanish,71_Spanish.mp3,0
9966,Spanish,72_Spanish.mp3,1
9967,Spanish,73_Spanish.mp3,1
9968,Spanish,74_Spanish.mp3,1
9969,Spanish,75_Spanish.mp3,0
9970,Spanish,76_Spanish.mp3,1
9971,Spanish,77_Spanish.mp3,1
9972,Spanish,78_Spanish.mp3,1
9973,Spanish,79_Spanish.mp3,0
9974,Spanish,80_Spanish.mp3,1
9975,Spanish,81_Spanish.mp3,0
9976,Spanish,82_Spanish.mp3,0
9977,Spanish,83_Spanish.mp3,1
9978,Spanish,84_Spanish.mp3,1
9979,Spanish,85_Spanish.mp3,0
9980,Spanish,86_Spanish.mp3,0
9981,Spanish,87_Spanish.mp3,1
9982,Spanish,88_Spanish.mp3,0
9983,Spanish,89_Spanish.mp3,1
9984,Spanish,90_Spanish.mp3,1
9985,Spanish,91_Spanish.mp3,0
9986,Spanish,92_Spanish.mp3,1
9987,Spanish,93_Spanish.mp3,0
9988,Spanish,94_Spanish.mp3,1
9989,Spanish,95_Spanish.mp3,0
9990,Spanish,96_Spanish.mp3,0
9991,Spanish,97_Spanish.mp3,1
9992,Spanish,98_Spanish.mp3,0
9993,Spanish,99_Spanish.mp3,1
9994,Spanish,100_Spanish.mp3,1
9995,Spanish,101_Spanish.mp3,1
9996,Spanish,102_Spanish.mp3,1
9997,Spanish,103_Spanish.mp3,1
9998,Spanish,104_Spanish.mp3,1
9999,Spanish,105_Spanish.mp3,0
10000,Spanish,106_Spanish.mp3,0
10001,Spanish,107_Spanish.mp3,1
10002,Spanish,108_Spanish.mp3,1
10003,Spanish,109_Spanish.mp3,0
10004,Spanish,110_Spanish.mp3,1
10005,Spanish,111_Spanish.mp3,1
10006,Spanish,112_Spanish.mp3,1
10007,Spanish,113_Spanish.mp3,1
10008,Spanish,114_Spanish.mp3,0
10009,Spanish,115_Spanish.mp3,0
10010,Spanish,116_Spanish.mp3,0
10011,Spanish,117_Spanish.mp3,1
10012,Spanish,118_Spanish.mp3,1
10013,Spanish,119_Spanish.mp3,0
10014,Spanish,120_Spanish.mp3,0
10015,Spanish,121_Spanish.mp3,1
10016,Spanish,122_Spanish.mp3,1
10017,Spanish,123_Spanish.mp3,0
10018,Spanish,124_Spanish.mp3,1
10019,Spanish,125_Spanish.mp3,0
10020,Spanish,126_Spanish.mp3,0
10021,Spanish,127_Spanish.mp3,0
10022,Spanish,128_Spanish.mp3,1
10023,Spanish,129_Spanish.mp3,1
10024,Spanish,130_Spanish.mp3,0
10025,Spanish,131_Spanish.mp3,1
10026,Spanish,132_Spanish.mp3,0
10027,Spanish,133_Spanish.mp3,1
10028,Spanish,134_Spanish.mp3,1
10029,Spanish,135_Spanish.mp3,1
10030,Spanish,136_Spanish.mp3,0
10031,Spanish,137_Spanish.mp3,1
10032,Spanish,138_Spanish.mp3,0
10033,Spanish,139_Spanish.mp3,1
10034,Spanish,140_Spanish.mp3,1
10035,Spanish,141_Spanish.mp3,1
10036,Spanish,142_Spanish.mp3,1
10037,Spanish,143_Spanish.mp3,1
10038,Spanish,144_Spanish.mp3,1
10039,Spanish,145_Spanish.mp3,0
10040,Spanish,146_Spanish.mp3,0
10041,Spanish,147_Spanish.mp3,1
10042,Spanish,148_Spanish.mp3,1
10043,Spanish,149_Spanish.mp3,0
10044,Spanish,150_Spanish.mp3,1
10045,Spanish,151_Spanish.mp3,1
10046,Spanish,152_Spanish.mp3,1
10047,Spanish,153_Spanish.mp3,0
10048,Spanish,154_Spanish.mp3,1
10049,Spanish,155_Spanish.mp3,1
10050,Spanish,156_Spanish.mp3,0
10051,Spanish,157_Spanish.mp3,0
10052,Spanish,158_Spanish.mp3,1
10053,Spanish,159_Spanish.mp3,1
10054,Spanish,160_Spanish.mp3,0
10055,Spanish,161_Spanish.mp3,1
10056,Spanish,162_Spanish.mp3,1
10057,Spanish,163_Spanish.mp3,0
10058,Spanish,164_Spanish.mp3,1
10059,Spanish,165_Spanish.mp3,0
10060,Spanish,166_Spanish.mp3,0
10061,Spanish,167_Spanish.mp3,1
10062,Spanish,168_Spanish.mp3,0
10063,Spanish,169_Spanish.mp3,1
10064,Spanish,170_Spanish.mp3,1
10065,Spanish,171_Spanish.mp3,1
10066,Spanish,172_Spanish.mp3,1
10067,Spanish,173_Spanish.mp3,1
10068,Spanish,174_Spanish.mp3,1
10069,Spanish,175_Spanish.mp3,0
10070,Spanish,176_Spanish.mp3,0
10071,Spanish,177_Spanish.mp3,0
10072,Spanish,178_Spanish.mp3,1
10073,Spanish,179_Spanish.mp3,1
10074,Spanish,180_Spanish.mp3,0
10075,Spanish,181_Spanish.mp3,0
10076,Spanish,182_Spanish.mp3,1
10077,Spanish,183_Spanish.mp3,1
10078,Spanish,184_Spanish.mp3,1
10079,Spanish,185_Spanish.mp3,1
10080,Spanish,186_Spanish.mp3,0
10081,Spanish,187_Spanish.mp3,1
10082,Spanish,188_Spanish.mp3,0
10083,Spanish,189_Spanish.mp3,0
10084,Spanish,190_Spanish.mp3,1
10085,Spanish,191_Spanish.mp3,1
10086,Spanish,192_Spanish.mp3,1
10087,Spanish,193_Spanish.mp3,1
10088,Spanish,194_Spanish.mp3,0
10089,Spanish,195_Spanish.mp3,1
10090,Spanish,196_Spanish.mp3,1
10091,Spanish,197_Spanish.mp3,1
10092,Spanish,198_Spanish.mp3,0
10093,Spanish,199_Spanish.mp3,1
10094,Spanish,200_Spanish.mp3,0
10095,Spanish,201_Spanish.mp3,0
10096,Spanish,202_Spanish.mp3,1
10097,Spanish,203_Spanish.mp3,1
10098,Spanish,204_Spanish.mp3,0
10099,Spanish,205_Spanish.mp3,1
10100,Spanish,206_Spanish.mp3,1
10101,Spanish,207_Spanish.mp3,1
10102,Spanish,208_Spanish.mp3,0
10103,Spanish,209_Spanish.mp3,1
10104,Spanish,210_Spanish.mp3,1
10105,Spanish,211_Spanish.mp3,1
10106,Spanish,212_Spanish.mp3,0
10107,Spanish,213_Spanish.mp3,0
10108,Spanish,214_Spanish.mp3,1
10109,Spanish,215_Spanish.mp3,1
10110,Spanish,216_Spanish.mp3,1
10111,Spanish,217_Spanish.mp3,1
10112,Spanish,218_Spanish.mp3,1
10113,Spanish,219_Spanish.mp3,0
10114,Spanish,220_Spanish.mp3,1
10115,Spanish,221_Spanish.mp3,1
10116,Spanish,222_Spanish.mp3,1
10117,Spanish,223_Spanish.mp3,0
10118,Spanish,224_Spanish.mp3,1
10119,Spanish,225_Spanish.mp3,0
10120,Spanish,226_Spanish.mp3,1
10121,Spanish,227_Spanish.mp3,1
10122,Spanish,228_Spanish.mp3,1
10123,Spanish,229_Spanish.mp3,1
10124,Spanish,230_Spanish.mp3,1
10125,Spanish,231_Spanish.mp3,1
10126,Spanish,232_Spanish.mp3,1
10127,Spanish,233_Spanish.mp3,1
10128,Spanish,234_Spanish.mp3,1
10129,Spanish,235_Spanish.mp3,1
10130,Spanish,236_Spanish.mp3,1
10131,Spanish,237_Spanish.mp3,1
10132,Spanish,238_Spanish.mp3,1
10133,Spanish,239_Spanish.mp3,0
10134,Sundanese,1_Sundanese.mp3,0
10135,Sundanese,2_Sundanese.mp3,1
10136,Sundanese,3_Sundanese.mp3,0
10137,Sundanese,4_Sundanese.mp3,0
10138,Sundanese,5_Sundanese.mp3,1
10139,Sundanese,6_Sundanese.mp3,0
10140,Sundanese,7_Sundanese.mp3,0
10141,Sundanese,8_Sundanese.mp3,0
10142,Sundanese,9_Sundanese.mp3,1
10143,Sundanese,10_Sundanese.mp3,1
10144,Sundanese,11_Sundanese.mp3,1
10145,Sundanese,12_Sundanese.mp3,0
10146,Sundanese,13_Sundanese.mp3,0
10147,Sundanese,14_Sundanese.mp3,1
10148,Sundanese,15_Sundanese.mp3,0
10149,Sundanese,16_Sundanese.mp3,1
10150,Sundanese,17_Sundanese.mp3,1
10151,Sundanese,18_Sundanese.mp3,1
10152,Sundanese,19_Sundanese.mp3,0
10153,Sundanese,20_Sundanese.mp3,1
10154,Sundanese,21_Sundanese.mp3,0
10155,Sundanese,22_Sundanese.mp3,0
10156,Sundanese,23_Sundanese.mp3,1
10157,Sundanese,24_Sundanese.mp3,0
10158,Sundanese,25_Sundanese.mp3,0
10159,Sundanese,26_Sundanese.mp3,0
10160,Sundanese,27_Sundanese.mp3,0
10161,Sundanese,28_Sundanese.mp3,1
10162,Sundanese,29_Sundanese.mp3,1
10163,Sundanese,30_Sundanese.mp3,0
10164,Sundanese,31_Sundanese.mp3,1
10165,Sundanese,32_Sundanese.mp3,0
10166,Sundanese,33_Sundanese.mp3,0
10167,Sundanese,34_Sundanese.mp3,1
10168,Sundanese,35_Sundanese.mp3,1
10169,Sundanese,36_Sundanese.mp3,1
10170,Sundanese,37_Sundanese.mp3,0
10171,Sundanese,38_Sundanese.mp3,0
10172,Sundanese,39_Sundanese.mp3,0
10173,Sundanese,40_Sundanese.mp3,0
10174,Sundanese,41_Sundanese.mp3,0
10175,Sundanese,42_Sundanese.mp3,1
10176,Sundanese,43_Sundanese.mp3,1
10177,Sundanese,44_Sundanese.mp3,0
10178,Sundanese,45_Sundanese.mp3,0
10179,Sundanese,46_Sundanese.mp3,0
10180,Sundanese,47_Sundanese.mp3,0
10181,Sundanese,48_Sundanese.mp3,1
10182,Sundanese,49_Sundanese.mp3,1
10183,Sundanese,50_Sundanese.mp3,1
10184,Sundanese,51_Sundanese.mp3,1
10185,Sundanese,52_Sundanese.mp3,1
10186,Sundanese,53_Sundanese.mp3,0
10187,Sundanese,54_Sundanese.mp3,0
10188,Sundanese,55_Sundanese.mp3,0
10189,Sundanese,56_Sundanese.mp3,0
10190,Sundanese,57_Sundanese.mp3,1
10191,Sundanese,58_Sundanese.mp3,0
10192,Sundanese,59_Sundanese.mp3,0
10193,Sundanese,60_Sundanese.mp3,1
10194,Sundanese,61_Sundanese.mp3,0
10195,Sundanese,62_Sundanese.mp3,0
10196,Sundanese,63_Sundanese.mp3,1
10197,Sundanese,64_Sundanese.mp3,0
10198,Sundanese,65_Sundanese.mp3,0
10199,Sundanese,66_Sundanese.mp3,0
10200,Sundanese,67_Sundanese.mp3,0
10201,Sundanese,68_Sundanese.mp3,1
10202,Sundanese,69_Sundanese.mp3,0
10203,Sundanese,70_Sundanese.mp3,1
10204,Sundanese,71_Sundanese.mp3,0
10205,Sundanese,72_Sundanese.mp3,0
10206,Sundanese,73_Sundanese.mp3,1
10207,Sundanese,74_Sundanese.mp3,0
10208,Sundanese,75_Sundanese.mp3,1
10209,Sundanese,76_Sundanese.mp3,1
10210,Sundanese,77_Sundanese.mp3,0
10211,Sundanese,78_Sundanese.mp3,1
10212,Sundanese,79_Sundanese.mp3,0
10213,Sundanese,80_Sundanese.mp3,1
10214,Sundanese,81_Sundanese.mp3,0
10215,Sundanese,82_Sundanese.mp3,0
10216,Sundanese,83_Sundanese.mp3,1
10217,Sundanese,84_Sundanese.mp3,0
10218,Sundanese,85_Sundanese.mp3,1
10219,Sundanese,86_Sundanese.mp3,0
10220,Sundanese,87_Sundanese.mp3,0
10221,Sundanese,88_Sundanese.mp3,0
10222,Sundanese,89_Sundanese.mp3,1
10223,Sundanese,90_Sundanese.mp3,1
10224,Sundanese,91_Sundanese.mp3,0
10225,Sundanese,92_Sundanese.mp3,1
10226,Sundanese,93_Sundanese.mp3,0
10227,Sundanese,94_Sundanese.mp3,0
10228,Sundanese,95_Sundanese.mp3,1
10229,Sundanese,96_Sundanese.mp3,1
10230,Sundanese,97_Sundanese.mp3,1
10231,Sundanese,98_Sundanese.mp3,0
10232,Sundanese,99_Sundanese.mp3,1
10233,Sundanese,100_Sundanese.mp3,0
10234,Sundanese,101_Sundanese.mp3,0
10235,Sundanese,102_Sundanese.mp3,1
10236,Sundanese,103_Sundanese.mp3,1
10237,Sundanese,104_Sundanese.mp3,1
10238,Sundanese,105_Sundanese.mp3,1
10239,Sundanese,106_Sundanese.mp3,1
10240,Sundanese,107_Sundanese.mp3,0
10241,Sundanese,108_Sundanese.mp3,1
10242,Sundanese,109_Sundanese.mp3,1
10243,Sundanese,110_Sundanese.mp3,1
10244,Sundanese,111_Sundanese.mp3,0
10245,Sundanese,112_Sundanese.mp3,1
10246,Sundanese,113_Sundanese.mp3,1
10247,Sundanese,114_Sundanese.mp3,1
10248,Sundanese,115_Sundanese.mp3,1
10249,Sundanese,116_Sundanese.mp3,0
10250,Sundanese,117_Sundanese.mp3,1
10251,Sundanese,118_Sundanese.mp3,1
10252,Sundanese,119_Sundanese.mp3,1
10253,Sundanese,120_Sundanese.mp3,1
10254,Sundanese,121_Sundanese.mp3,1
10255,Sundanese,122_Sundanese.mp3,0
10256,Sundanese,123_Sundanese.mp3,1
10257,Sundanese,124_Sundanese.mp3,1
10258,Sundanese,125_Sundanese.mp3,0
10259,Sundanese,126_Sundanese.mp3,1
10260,Sundanese,127_Sundanese.mp3,1
10261,Sundanese,128_Sundanese.mp3,0
10262,Sundanese,129_Sundanese.mp3,0
10263,Sundanese,130_Sundanese.mp3,0
10264,Sundanese,131_Sundanese.mp3,0
10265,Sundanese,132_Sundanese.mp3,1
10266,Sundanese,133_Sundanese.mp3,1
10267,Sundanese,134_Sundanese.mp3,0
10268,Sundanese,135_Sundanese.mp3,1
10269,Sundanese,136_Sundanese.mp3,1
10270,Sundanese,137_Sundanese.mp3,1
10271,Sundanese,138_Sundanese.mp3,1
10272,Sundanese,139_Sundanese.mp3,0
10273,Sundanese,140_Sundanese.mp3,1
10274,Sundanese,141_Sundanese.mp3,1
10275,Sundanese,142_Sundanese.mp3,0
10276,Sundanese,143_Sundanese.mp3,0
10277,Sundanese,144_Sundanese.mp3,1
10278,Sundanese,145_Sundanese.mp3,1
10279,Sundanese,146_Sundanese.mp3,1
10280,Sundanese,147_Sundanese.mp3,0
10281,Sundanese,148_Sundanese.mp3,0
10282,Sundanese,149_Sundanese.mp3,1
10283,Sundanese,150_Sundanese.mp3,1
10284,Sundanese,151_Sundanese.mp3,1
10285,Sundanese,152_Sundanese.mp3,0
10286,Sundanese,153_Sundanese.mp3,1
10287,Sundanese,154_Sundanese.mp3,0
10288,Sundanese,155_Sundanese.mp3,1
10289,Sundanese,156_Sundanese.mp3,0
10290,Sundanese,157_Sundanese.mp3,0
10291,Sundanese,158_Sundanese.mp3,0
10292,Sundanese,159_Sundanese.mp3,0
10293,Sundanese,160_Sundanese.mp3,1
10294,Sundanese,161_Sundanese.mp3,1
10295,Sundanese,162_Sundanese.mp3,1
10296,Sundanese,163_Sundanese.mp3,0
10297,Sundanese,164_Sundanese.mp3,0
10298,Sundanese,165_Sundanese.mp3,0
10299,Sundanese,166_Sundanese.mp3,1
10300,Sundanese,167_Sundanese.mp3,1
10301,Sundanese,168_Sundanese.mp3,0
10302,Sundanese,169_Sundanese.mp3,1
10303,Sundanese,170_Sundanese.mp3,0
10304,Sundanese,171_Sundanese.mp3,1
10305,Sundanese,172_Sundanese.mp3,0
10306,Sundanese,173_Sundanese.mp3,0
10307,Sundanese,174_Sundanese.mp3,0
10308,Sundanese,175_Sundanese.mp3,0
10309,Sundanese,176_Sundanese.mp3,0
10310,Sundanese,177_Sundanese.mp3,1
10311,Sundanese,178_Sundanese.mp3,1
10312,Sundanese,179_Sundanese.mp3,0
10313,Swahili,1_Swahili.mp3,1
10314,Swahili,2_Swahili.mp3,1
10315,Swahili,3_Swahili.mp3,0
10316,Swahili,4_Swahili.mp3,0
10317,Swahili,5_Swahili.mp3,0
10318,Swahili,6_Swahili.mp3,1
10319,Swahili,7_Swahili.mp3,0
10320,Swahili,8_Swahili.mp3,1
10321,Swahili,9_Swahili.mp3,1
10322,Swahili,10_Swahili.mp3,1
10323,Swahili,11_Swahili.mp3,0
10324,Swahili,12_Swahili.mp3,1
10325,Swahili,13_Swahili.mp3,1
10326,Swahili,14_Swahili.mp3,1
10327,Swahili,15_Swahili.mp3,0
10328,Swahili,16_Swahili.mp3,0
10329,Swahili,17_Swahili.mp3,1
10330,Swahili,18_Swahili.mp3,0
10331,Swahili,19_Swahili.mp3,1
10332,Swahili,20_Swahili.mp3,0
10333,Swahili,21_Swahili.mp3,1
10334,Swahili,22_Swahili.mp3,1
10335,Swahili,23_Swahili.mp3,0
10336,Swahili,24_Swahili.mp3,0
10337,Swahili,25_Swahili.mp3,1
10338,Swahili,26_Swahili.mp3,1
10339,Swahili,27_Swahili.mp3,0
10340,Swahili,28_Swahili.mp3,1
10341,Swahili,29_Swahili.mp3,0
10342,Swahili,30_Swahili.mp3,0
10343,Swahili,31_Swahili.mp3,0
10344,Swahili,32_Swahili.mp3,1
10345,Swahili,33_Swahili.mp3,1
10346,Swahili,34_Swahili.mp3,1
10347,Swahili,35_Swahili.mp3,1
10348,Swahili,36_Swahili.mp3,0
10349,Swahili,37_Swahili.mp3,0
10350,Swahili,38_Swahili.mp3,0
10351,Swahili,39_Swahili.mp3,0
10352,Swahili,40_Swahili.mp3,0
10353,Swahili,41_Swahili.mp3,1
10354,Swahili,42_Swahili.mp3,0
10355,Swahili,43_Swahili.mp3,0
10356,Swahili,44_Swahili.mp3,1
10357,Swahili,45_Swahili.mp3,1
10358,Swahili,46_Swahili.mp3,0
10359,Swahili,47_Swahili.mp3,0
10360,Swahili,48_Swahili.mp3,1
10361,Swahili,49_Swahili.mp3,1
10362,Swahili,50_Swahili.mp3,1
10363,Swahili,51_Swahili.mp3,1
10364,Swahili,52_Swahili.mp3,0
10365,Swahili,53_Swahili.mp3,0
10366,Swahili,54_Swahili.mp3,0
10367,Swahili,55_Swahili.mp3,0
10368,Swahili,56_Swahili.mp3,0
10369,Swahili,57_Swahili.mp3,0
10370,Swahili,58_Swahili.mp3,1
10371,Swahili,59_Swahili.mp3,1
10372,Swahili,60_Swahili.mp3,1
10373,Swahili,61_Swahili.mp3,1
10374,Swahili,62_Swahili.mp3,0
10375,Swahili,63_Swahili.mp3,1
10376,Swahili,64_Swahili.mp3,1
10377,Swahili,65_Swahili.mp3,0
10378,Swahili,66_Swahili.mp3,0
10379,Swahili,67_Swahili.mp3,0
10380,Swahili,68_Swahili.mp3,1
10381,Swahili,69_Swahili.mp3,0
10382,Swahili,70_Swahili.mp3,1
10383,Swahili,71_Swahili.mp3,0
10384,Swahili,72_Swahili.mp3,1
10385,Swahili,73_Swahili.mp3,0
10386,Swahili,74_Swahili.mp3,0
10387,Swahili,75_Swahili.mp3,1
10388,Swahili,76_Swahili.mp3,0
10389,Swahili,77_Swahili.mp3,1
10390,Swahili,78_Swahili.mp3,0
10391,Swahili,79_Swahili.mp3,1
10392,Swahili,80_Swahili.mp3,0
10393,Swahili,81_Swahili.mp3,1
10394,Swahili,82_Swahili.mp3,1
10395,Swahili,83_Swahili.mp3,1
10396,Swahili,84_Swahili.mp3,0
10397,Swahili,85_Swahili.mp3,0
10398,Swahili,86_Swahili.mp3,0
10399,Swahili,87_Swahili.mp3,0
10400,Swahili,88_Swahili.mp3,1
10401,Swahili,89_Swahili.mp3,0
10402,Swahili,90_Swahili.mp3,1
10403,Swahili,91_Swahili.mp3,1
10404,Swahili,92_Swahili.mp3,1
10405,Swahili,93_Swahili.mp3,1
10406,Swahili,94_Swahili.mp3,0
10407,Swahili,95_Swahili.mp3,0
10408,Swahili,96_Swahili.mp3,0
10409,Swahili,97_Swahili.mp3,1
10410,Swahili,98_Swahili.mp3,0
10411,Swahili,99_Swahili.mp3,1
10412,Swahili,100_Swahili.mp3,1
10413,Swahili,101_Swahili.mp3,0
10414,Swahili,102_Swahili.mp3,1
10415,Swahili,103_Swahili.mp3,1
10416,Swahili,104_Swahili.mp3,1
10417,Swahili,105_Swahili.mp3,0
10418,Swahili,106_Swahili.mp3,0
10419,Swahili,107_Swahili.mp3,0
10420,Swahili,108_Swahili.mp3,0
10421,Swahili,109_Swahili.mp3,1
10422,Swahili,110_Swahili.mp3,1
10423,Swahili,111_Swahili.mp3,1
10424,Swahili,112_Swahili.mp3,1
10425,Swahili,113_Swahili.mp3,0
10426,Swahili,114_Swahili.mp3,0
10427,Swahili,115_Swahili.mp3,0
10428,Swahili,116_Swahili.mp3,0
10429,Swahili,117_Swahili.mp3,1
10430,Swahili,118_Swahili.mp3,1
10431,Swahili,119_Swahili.mp3,1
10432,Swahili,120_Swahili.mp3,0
10433,Swahili,121_Swahili.mp3,0
10434,Swahili,122_Swahili.mp3,1
10435,Swahili,123_Swahili.mp3,1
10436,Swahili,124_Swahili.mp3,0
10437,Swahili,125_Swahili.mp3,1
10438,Swahili,126_Swahili.mp3,0
10439,Swahili,127_Swahili.mp3,0
10440,Swahili,128_Swahili.mp3,1
10441,Swahili,129_Swahili.mp3,0
10442,Swahili,130_Swahili.mp3,1
10443,Swahili,131_Swahili.mp3,0
10444,Swahili,132_Swahili.mp3,0
10445,Swahili,133_Swahili.mp3,1
10446,Swahili,134_Swahili.mp3,0
10447,Swahili,135_Swahili.mp3,1
10448,Swahili,136_Swahili.mp3,1
10449,Swahili,137_Swahili.mp3,1
10450,Swahili,138_Swahili.mp3,0
10451,Swahili,139_Swahili.mp3,0
10452,Swahili,140_Swahili.mp3,1
10453,Swahili,141_Swahili.mp3,1
10454,Swahili,142_Swahili.mp3,0
10455,Swahili,143_Swahili.mp3,0
10456,Swahili,144_Swahili.mp3,0
10457,Swahili,145_Swahili.mp3,0
10458,Swahili,146_Swahili.mp3,1
10459,Swahili,147_Swahili.mp3,0
10460,Swahili,148_Swahili.mp3,1
10461,Swahili,149_Swahili.mp3,1
10462,Swahili,150_Swahili.mp3,1
10463,Swahili,151_Swahili.mp3,1
10464,Swahili,152_Swahili.mp3,1
10465,Swahili,153_Swahili.mp3,0
10466,Swahili,154_Swahili.mp3,0
10467,Swahili,155_Swahili.mp3,1
10468,Swahili,156_Swahili.mp3,1
10469,Swahili,157_Swahili.mp3,1
10470,Swahili,158_Swahili.mp3,0
10471,Swahili,159_Swahili.mp3,1
10472,Swahili,160_Swahili.mp3,1
10473,Swahili,161_Swahili.mp3,0
10474,Swahili,162_Swahili.mp3,0
10475,Swahili,163_Swahili.mp3,0
10476,Swahili,164_Swahili.mp3,0
10477,Swahili,165_Swahili.mp3,1
10478,Swahili,166_Swahili.mp3,0
10479,Swahili,167_Swahili.mp3,1
10480,Swahili,168_Swahili.mp3,1
10481,Swahili,169_Swahili.mp3,0
10482,Swahili,170_Swahili.mp3,0
10483,Swahili,171_Swahili.mp3,1
10484,Swahili,172_Swahili.mp3,0
10485,Swahili,173_Swahili.mp3,1
10486,Swahili,174_Swahili.mp3,0
10487,Swahili,175_Swahili.mp3,0
10488,Swahili,176_Swahili.mp3,1
10489,Swahili,177_Swahili.mp3,0
10490,Swahili,178_Swahili.mp3,1
10491,Swahili,179_Swahili.mp3,0
10492,Swahili,180_Swahili.mp3,1
10493,Swahili,181_Swahili.mp3,1
10494,Tamil,1_Tamil.mp3,1
10495,Tamil,2_Tamil.mp3,0
10496,Tamil,3_Tamil.mp3,1
10497,Tamil,4_Tamil.mp3,1
10498,Tamil,5_Tamil.mp3,0
10499,Tamil,6_Tamil.mp3,0
10500,Tamil,7_Tamil.mp3,0
10501,Tamil,8_Tamil.mp3,1
10502,Tamil,9_Tamil.mp3,1
10503,Tamil,10_Tamil.mp3,0
10504,Tamil,11_Tamil.mp3,1
10505,Tamil,12_Tamil.mp3,0
10506,Tamil,13_Tamil.mp3,0
10507,Tamil,14_Tamil.mp3,0
10508,Tamil,15_Tamil.mp3,1
10509,Tamil,16_Tamil.mp3,0
10510,Tamil,17_Tamil.mp3,0
10511,Tamil,18_Tamil.mp3,0
10512,Tamil,19_Tamil.mp3,1
10513,Tamil,20_Tamil.mp3,1
10514,Tamil,21_Tamil.mp3,1
10515,Tamil,22_Tamil.mp3,0
10516,Tamil,23_Tamil.mp3,1
10517,Tamil,24_Tamil.mp3,1
10518,Tamil,25_Tamil.mp3,0
10519,Tamil,26_Tamil.mp3,0
10520,Tamil,27_Tamil.mp3,1
10521,Tamil,28_Tamil.mp3,0
10522,Tamil,29_Tamil.mp3,1
10523,Tamil,30_Tamil.mp3,0
10524,Tamil,31_Tamil.mp3,0
10525,Tamil,32_Tamil.mp3,1
10526,Tamil,33_Tamil.mp3,1
10527,Tamil,34_Tamil.mp3,1
10528,Tamil,35_Tamil.mp3,1
10529,Tamil,36_Tamil.mp3,0
10530,Tamil,37_Tamil.mp3,1
10531,Tamil,38_Tamil.mp3,1
10532,Tamil,39_Tamil.mp3,0
10533,Tamil,40_Tamil.mp3,0
10534,Tamil,41_Tamil.mp3,1
10535,Tamil,42_Tamil.mp3,0
10536,Tamil,43_Tamil.mp3,0
10537,Tamil,44_Tamil.mp3,0
10538,Tamil,45_Tamil.mp3,0
10539,Tamil,46_Tamil.mp3,0
10540,Tamil,47_Tamil.mp3,0
10541,Tamil,48_Tamil.mp3,0
10542,Tamil,49_Tamil.mp3,1
10543,Tamil,50_Tamil.mp3,0
10544,Tamil,51_Tamil.mp3,1
10545,Tamil,52_Tamil.mp3,1
10546,Tamil,53_Tamil.mp3,0
10547,Tamil,54_Tamil.mp3,0
10548,Tamil,55_Tamil.mp3,0
10549,Tamil,56_Tamil.mp3,0
10550,Tamil,57_Tamil.mp3,0
10551,Tamil,58_Tamil.mp3,0
10552,Tamil,59_Tamil.mp3,0
10553,Tamil,60_Tamil.mp3,1
10554,Tamil,61_Tamil.mp3,0
10555,Tamil,62_Tamil.mp3,0
10556,Tamil,63_Tamil.mp3,1
10557,Tamil,64_Tamil.mp3,1
10558,Tamil,65_Tamil.mp3,0
10559,Tamil,66_Tamil.mp3,1
10560,Tamil,67_Tamil.mp3,0
10561,Tamil,68_Tamil.mp3,0
10562,Tamil,69_Tamil.mp3,1
10563,Tamil,70_Tamil.mp3,0
10564,Tamil,71_Tamil.mp3,0
10565,Tamil,72_Tamil.mp3,1
10566,Tamil,73_Tamil.mp3,1
10567,Tamil,74_Tamil.mp3,1
10568,Tamil,75_Tamil.mp3,1
10569,Tamil,76_Tamil.mp3,1
10570,Tamil,77_Tamil.mp3,0
10571,Tamil,78_Tamil.mp3,1
10572,Tamil,79_Tamil.mp3,0
10573,Tamil,80_Tamil.mp3,0
10574,Tamil,81_Tamil.mp3,1
10575,Tamil,82_Tamil.mp3,0
10576,Tamil,83_Tamil.mp3,1
10577,Tamil,84_Tamil.mp3,0
10578,Tamil,85_Tamil.mp3,0
10579,Tamil,86_Tamil.mp3,0
10580,Tamil,87_Tamil.mp3,0
10581,Tamil,88_Tamil.mp3,1
10582,Tamil,89_Tamil.mp3,0
10583,Tamil,90_Tamil.mp3,1
10584,Tamil,91_Tamil.mp3,0
10585,Tamil,92_Tamil.mp3,0
10586,Tamil,93_Tamil.mp3,0
10587,Tamil,94_Tamil.mp3,0
10588,Tamil,95_Tamil.mp3,0
10589,Tamil,96_Tamil.mp3,0
10590,Tamil,97_Tamil.mp3,1
10591,Tamil,98_Tamil.mp3,1
10592,Tamil,99_Tamil.mp3,1
10593,Tamil,100_Tamil.mp3,0
10594,Tamil,101_Tamil.mp3,0
10595,Tamil,102_Tamil.mp3,1
10596,Tamil,103_Tamil.mp3,1
10597,Tamil,104_Tamil.mp3,1
10598,Tamil,105_Tamil.mp3,1
10599,Tamil,106_Tamil.mp3,1
10600,Tamil,107_Tamil.mp3,1
10601,Tamil,108_Tamil.mp3,1
10602,Tamil,109_Tamil.mp3,0
10603,Tamil,110_Tamil.mp3,1
10604,Tamil,111_Tamil.mp3,0
10605,Tamil,112_Tamil.mp3,0
10606,Tamil,113_Tamil.mp3,0
10607,Tamil,114_Tamil.mp3,0
10608,Tamil,115_Tamil.mp3,1
10609,Tamil,116_Tamil.mp3,1
10610,Tamil,117_Tamil.mp3,1
10611,Tamil,118_Tamil.mp3,1
10612,Tamil,119_Tamil.mp3,1
10613,Tamil,120_Tamil.mp3,1
10614,Tamil,121_Tamil.mp3,0
10615,Tamil,122_Tamil.mp3,0
10616,Tamil,123_Tamil.mp3,0
10617,Tamil,124_Tamil.mp3,1
10618,Tamil,125_Tamil.mp3,0
10619,Tamil,126_Tamil.mp3,1
10620,Tamil,127_Tamil.mp3,1
10621,Tamil,128_Tamil.mp3,0
10622,Tamil,129_Tamil.mp3,1
10623,Tamil,130_Tamil.mp3,0
10624,Tamil,131_Tamil.mp3,1
10625,Tamil,132_Tamil.mp3,0
10626,Tamil,133_Tamil.mp3,1
10627,Tamil,134_Tamil.mp3,1
10628,Tamil,135_Tamil.mp3,0
10629,Tamil,136_Tamil.mp3,0
10630,Tamil,137_Tamil.mp3,1
10631,Tamil,138_Tamil.mp3,0
10632,Tamil,139_Tamil.mp3,0
10633,Tamil,140_Tamil.mp3,0
10634,Tamil,141_Tamil.mp3,0
10635,Tamil,142_Tamil.mp3,1
10636,Tamil,143_Tamil.mp3,0
10637,Tamil,144_Tamil.mp3,0
10638,Tamil,145_Tamil.mp3,0
10639,Tamil,146_Tamil.mp3,1
10640,Tamil,147_Tamil.mp3,1
10641,Tamil,148_Tamil.mp3,1
10642,Tamil,149_Tamil.mp3,1
10643,Tamil,150_Tamil.mp3,1
10644,Tamil,151_Tamil.mp3,0
10645,Tamil,152_Tamil.mp3,1
10646,Tamil,153_Tamil.mp3,1
10647,Tamil,154_Tamil.mp3,1
10648,Tamil,155_Tamil.mp3,0
10649,Tamil,156_Tamil.mp3,1
10650,Tamil,157_Tamil.mp3,1
10651,Tamil,158_Tamil.mp3,1
10652,Tamil,159_Tamil.mp3,1
10653,Tamil,160_Tamil.mp3,0
10654,Tamil,161_Tamil.mp3,1
10655,Tamil,162_Tamil.mp3,0
10656,Tamil,163_Tamil.mp3,1
10657,Tamil,164_Tamil.mp3,0
10658,Tamil,165_Tamil.mp3,0
10659,Tamil,166_Tamil.mp3,1
10660,Tamil,167_Tamil.mp3,0
10661,Tamil,168_Tamil.mp3,1
10662,Tamil,169_Tamil.mp3,1
10663,Tamil,170_Tamil.mp3,0
10664,Tamil,171_Tamil.mp3,1
10665,Tamil,172_Tamil.mp3,0
10666,Tamil,173_Tamil.mp3,1
10667,Tamil,174_Tamil.mp3,0
10668,Tamil,175_Tamil.mp3,1
10669,Tamil,176_Tamil.mp3,0
10670,Tamil,177_Tamil.mp3,0
10671,Tamil,178_Tamil.mp3,1
10672,Tamil,179_Tamil.mp3,0
10673,Tamil,180_Tamil.mp3,1
10674,Tamil,181_Tamil.mp3,1
10675,Tamil,182_Tamil.mp3,1
10676,Tamil,183_Tamil.mp3,0
10677,Tamil,184_Tamil.mp3,1
10678,Tamil,185_Tamil.mp3,0
10679,Turkish,1_Turkish.mp3,0
10680,Turkish,2_Turkish.mp3,1
10681,Turkish,3_Turkish.mp3,0
10682,Turkish,4_Turkish.mp3,0
10683,Turkish,5_Turkish.mp3,1
10684,Turkish,6_Turkish.mp3,1
10685,Turkish,7_Turkish.mp3,0
10686,Turkish,8_Turkish.mp3,0
10687,Turkish,9_Turkish.mp3,1
10688,Turkish,10_Turkish.mp3,1
10689,Turkish,11_Turkish.mp3,0
10690,Turkish,12_Turkish.mp3,1
10691,Turkish,13_Turkish.mp3,1
10692,Turkish,14_Turkish.mp3,0
10693,Turkish,15_Turkish.mp3,1
10694,Turkish,16_Turkish.mp3,0
10695,Turkish,17_Turkish.mp3,1
10696,Turkish,18_Turkish.mp3,0
10697,Turkish,19_Turkish.mp3,1
10698,Turkish,20_Turkish.mp3,1
10699,Turkish,21_Turkish.mp3,1
10700,Turkish,22_Turkish.mp3,1
10701,Turkish,23_Turkish.mp3,0
10702,Turkish,24_Turkish.mp3,0
10703,Turkish,25_Turkish.mp3,0
10704,Turkish,26_Turkish.mp3,0
10705,Turkish,27_Turkish.mp3,1
10706,Turkish,28_Turkish.mp3,0
10707,Turkish,29_Turkish.mp3,1
10708,Turkish,30_Turkish.mp3,1
10709,Turkish,31_Turkish.mp3,1
10710,Turkish,32_Turkish.mp3,0
10711,Turkish,33_Turkish.mp3,0
10712,Turkish,34_Turkish.mp3,0
10713,Turkish,35_Turkish.mp3,0
10714,Turkish,36_Turkish.mp3,1
10715,Turkish,37_Turkish.mp3,0
10716,Turkish,38_Turkish.mp3,0
10717,Turkish,39_Turkish.mp3,0
10718,Turkish,40_Turkish.mp3,0
10719,Turkish,41_Turkish.mp3,0
10720,Turkish,42_Turkish.mp3,1
10721,Turkish,43_Turkish.mp3,0
10722,Turkish,44_Turkish.mp3,1
10723,Turkish,45_Turkish.mp3,1
10724,Turkish,46_Turkish.mp3,1
10725,Turkish,47_Turkish.mp3,0
10726,Turkish,48_Turkish.mp3,0
10727,Turkish,49_Turkish.mp3,0
10728,Turkish,50_Turkish.mp3,1
10729,Turkish,51_Turkish.mp3,1
10730,Turkish,52_Turkish.mp3,0
10731,Turkish,53_Turkish.mp3,1
10732,Turkish,54_Turkish.mp3,1
10733,Turkish,55_Turkish.mp3,0
10734,Turkish,56_Turkish.mp3,1
10735,Turkish,57_Turkish.mp3,0
10736,Turkish,58_Turkish.mp3,1
10737,Turkish,59_Turkish.mp3,0
10738,Turkish,60_Turkish.mp3,1
10739,Turkish,61_Turkish.mp3,1
10740,Turkish,62_Turkish.mp3,0
10741,Turkish,63_Turkish.mp3,1
10742,Turkish,64_Turkish.mp3,1
10743,Turkish,65_Turkish.mp3,0
10744,Turkish,66_Turkish.mp3,0
10745,Turkish,67_Turkish.mp3,0
10746,Turkish,68_Turkish.mp3,0
10747,Turkish,69_Turkish.mp3,0
10748,Turkish,70_Turkish.mp3,1
10749,Turkish,71_Turkish.mp3,0
10750,Turkish,72_Turkish.mp3,0
10751,Turkish,73_Turkish.mp3,0
10752,Turkish,74_Turkish.mp3,1
10753,Turkish,75_Turkish.mp3,0
10754,Turkish,76_Turkish.mp3,1
10755,Turkish,77_Turkish.mp3,1
10756,Turkish,78_Turkish.mp3,0
10757,Turkish,79_Turkish.mp3,0
10758,Turkish,80_Turkish.mp3,0
10759,Turkish,81_Turkish.mp3,0
10760,Turkish,82_Turkish.mp3,0
10761,Turkish,83_Turkish.mp3,1
10762,Turkish,84_Turkish.mp3,0
10763,Turkish,85_Turkish.mp3,1
10764,Turkish,86_Turkish.mp3,1
10765,Turkish,87_Turkish.mp3,1
10766,Turkish,88_Turkish.mp3,1
10767,Turkish,89_Turkish.mp3,1
10768,Turkish,90_Turkish.mp3,1
10769,Turkish,91_Turkish.mp3,0
10770,Turkish,92_Turkish.mp3,1
10771,Turkish,93_Turkish.mp3,1
10772,Turkish,94_Turkish.mp3,1
10773,Turkish,95_Turkish.mp3,0
10774,Turkish,96_Turkish.mp3,1
10775,Turkish,97_Turkish.mp3,1
10776,Turkish,98_Turkish.mp3,0
10777,Turkish,99_Turkish.mp3,1
10778,Turkish,100_Turkish.mp3,1
10779,Turkish,101_Turkish.mp3,1
10780,Turkish,102_Turkish.mp3,1
10781,Turkish,103_Turkish.mp3,0
10782,Turkish,104_Turkish.mp3,1
10783,Turkish,105_Turkish.mp3,1
10784,Turkish,106_Turkish.mp3,0
10785,Turkish,107_Turkish.mp3,1
10786,Turkish,108_Turkish.mp3,0
10787,Turkish,109_Turkish.mp3,1
10788,Turkish,110_Turkish.mp3,1
10789,Turkish,111_Turkish.mp3,1
10790,Turkish,112_Turkish.mp3,1
10791,Turkish,113_Turkish.mp3,1
10792,Turkish,114_Turkish.mp3,1
10793,Turkish,115_Turkish.mp3,0
10794,Turkish,116_Turkish.mp3,1
10795,Turkish,117_Turkish.mp3,1
10796,Turkish,118_Turkish.mp3,1
10797,Turkish,119_Turkish.mp3,0
10798,Turkish,120_Turkish.mp3,1
10799,Turkish,121_Turkish.mp3,0
10800,Turkish,122_Turkish.mp3,0
10801,Turkish,123_Turkish.mp3,0
10802,Turkish,124_Turkish.mp3,0
10803,Turkish,125_Turkish.mp3,1
10804,Turkish,126_Turkish.mp3,0
10805,Turkish,127_Turkish.mp3,0
10806,Turkish,128_Turkish.mp3,1
10807,Turkish,129_Turkish.mp3,1
10808,Turkish,130_Turkish.mp3,0
10809,Turkish,131_Turkish.mp3,0
10810,Turkish,132_Turkish.mp3,0
10811,Turkish,133_Turkish.mp3,1
10812,Turkish,134_Turkish.mp3,0
10813,Turkish,135_Turkish.mp3,1
10814,Turkish,136_Turkish.mp3,0
10815,Turkish,137_Turkish.mp3,0
10816,Turkish,138_Turkish.mp3,0
10817,Turkish,139_Turkish.mp3,0
10818,Turkish,140_Turkish.mp3,0
10819,Turkish,141_Turkish.mp3,1
10820,Turkish,142_Turkish.mp3,1
10821,Turkish,143_Turkish.mp3,1
10822,Turkish,144_Turkish.mp3,1
10823,Turkish,145_Turkish.mp3,0
10824,Turkish,146_Turkish.mp3,0
10825,Turkish,147_Turkish.mp3,1
10826,Turkish,148_Turkish.mp3,0
10827,Turkish,149_Turkish.mp3,1
10828,Turkish,150_Turkish.mp3,1
10829,Turkish,151_Turkish.mp3,0
10830,Turkish,152_Turkish.mp3,1
10831,Turkish,153_Turkish.mp3,0
10832,Turkish,154_Turkish.mp3,1
10833,Turkish,155_Turkish.mp3,1
10834,Turkish,156_Turkish.mp3,0
10835,Turkish,157_Turkish.mp3,1
10836,Turkish,158_Turkish.mp3,0
10837,Turkish,159_Turkish.mp3,1
10838,Turkish,160_Turkish.mp3,0
10839,Turkish,161_Turkish.mp3,0
10840,Turkish,162_Turkish.mp3,1
10841,Turkish,163_Turkish.mp3,0
10842,Turkish,164_Turkish.mp3,0
10843,Turkish,165_Turkish.mp3,0
10844,Turkish,166_Turkish.mp3,0
10845,Turkish,167_Turkish.mp3,1
10846,Turkish,168_Turkish.mp3,1
10847,Turkish,169_Turkish.mp3,1
10848,Turkish,170_Turkish.mp3,0
10849,Turkish,171_Turkish.mp3,1
10850,Turkish,172_Turkish.mp3,0
10851,Turkish,173_Turkish.mp3,0
10852,Turkish,174_Turkish.mp3,1
10853,Turkish,175_Turkish.mp3,1
10854,Turkish,176_Turkish.mp3,1
10855,Turkish,177_Turkish.mp3,0
10856,Turkish,178_Turkish.mp3,1
10857,Turkish,179_Turkish.mp3,0
10858,Turkish,180_Turkish.mp3,1
10859,Turkish,181_Turkish.mp3,0
10860,Turkish,182_Turkish.mp3,1
10861,Turkish,183_Turkish.mp3,1
10862,Turkish,184_Turkish.mp3,1
10863,Turkish,185_Turkish.mp3,1
10864,Turkish,186_Turkish.mp3,1
10865,Turkish,187_Turkish.mp3,1
10866,Turkish,188_Turkish.mp3,0
10867,Vietnamese,1_Vietnamese.mp3,0
10868,Vietnamese,2_Vietnamese.mp3,1
10869,Vietnamese,3_Vietnamese.mp3,0
10870,Vietnamese,4_Vietnamese.mp3,0
10871,Vietnamese,5_Vietnamese.mp3,1
10872,Vietnamese,6_Vietnamese.mp3,1
10873,Vietnamese,7_Vietnamese.mp3,0
10874,Vietnamese,8_Vietnamese.mp3,0
10875,Vietnamese,9_Vietnamese.mp3,0
10876,Vietnamese,10_Vietnamese.mp3,1
10877,Vietnamese,11_Vietnamese.mp3,0
10878,Vietnamese,12_Vietnamese.mp3,1
10879,Vietnamese,13_Vietnamese.mp3,1
10880,Vietnamese,14_Vietnamese.mp3,0
10881,Vietnamese,15_Vietnamese.mp3,1
10882,Vietnamese,16_Vietnamese.mp3,0
10883,Vietnamese,17_Vietnamese.mp3,1
10884,Vietnamese,18_Vietnamese.mp3,0
10885,Vietnamese,19_Vietnamese.mp3,1
10886,Vietnamese,20_Vietnamese.mp3,1
10887,Vietnamese,21_Vietnamese.mp3,1
10888,Vietnamese,22_Vietnamese.mp3,1
10889,Vietnamese,23_Vietnamese.mp3,0
10890,Vietnamese,24_Vietnamese.mp3,0
10891,Vietnamese,25_Vietnamese.mp3,0
10892,Vietnamese,26_Vietnamese.mp3,0
10893,Vietnamese,27_Vietnamese.mp3,1
10894,Vietnamese,28_Vietnamese.mp3,0
10895,Vietnamese,29_Vietnamese.mp3,1
10896,Vietnamese,30_Vietnamese.mp3,1
10897,Vietnamese,31_Vietnamese.mp3,1
10898,Vietnamese,32_Vietnamese.mp3,0
10899,Vietnamese,33_Vietnamese.mp3,0
10900,Vietnamese,34_Vietnamese.mp3,0
10901,Vietnamese,35_Vietnamese.mp3,0
10902,Vietnamese,36_Vietnamese.mp3,1
10903,Vietnamese,37_Vietnamese.mp3,0
10904,Vietnamese,38_Vietnamese.mp3,0
10905,Vietnamese,39_Vietnamese.mp3,0
10906,Vietnamese,40_Vietnamese.mp3,0
10907,Vietnamese,41_Vietnamese.mp3,0
10908,Vietnamese,42_Vietnamese.mp3,1
10909,Vietnamese,43_Vietnamese.mp3,0
10910,Vietnamese,44_Vietnamese.mp3,1
10911,Vietnamese,45_Vietnamese.mp3,1
10912,Vietnamese,46_Vietnamese.mp3,0
10913,Vietnamese,47_Vietnamese.mp3,0
10914,Vietnamese,48_Vietnamese.mp3,0
10915,Vietnamese,49_Vietnamese.mp3,0
10916,Vietnamese,50_Vietnamese.mp3,1
10917,Vietnamese,51_Vietnamese.mp3,1
10918,Vietnamese,52_Vietnamese.mp3,0
10919,Vietnamese,53_Vietnamese.mp3,1
10920,Vietnamese,54_Vietnamese.mp3,1
10921,Vietnamese,55_Vietnamese.mp3,0
10922,Vietnamese,56_Vietnamese.mp3,1
10923,Vietnamese,57_Vietnamese.mp3,0
10924,Vietnamese,58_Vietnamese.mp3,1
10925,Vietnamese,59_Vietnamese.mp3,0
10926,Vietnamese,60_Vietnamese.mp3,1
10927,Vietnamese,61_Vietnamese.mp3,1
10928,Vietnamese,62_Vietnamese.mp3,0
10929,Vietnamese,63_Vietnamese.mp3,1
10930,Vietnamese,64_Vietnamese.mp3,1
10931,Vietnamese,65_Vietnamese.mp3,0
10932,Vietnamese,66_Vietnamese.mp3,0
10933,Vietnamese,67_Vietnamese.mp3,0
10934,Vietnamese,68_Vietnamese.mp3,0
10935,Vietnamese,69_Vietnamese.mp3,0
10936,Vietnamese,70_Vietnamese.mp3,1
10937,Vietnamese,71_Vietnamese.mp3,0
10938,Vietnamese,72_Vietnamese.mp3,0
10939,Vietnamese,73_Vietnamese.mp3,0
10940,Vietnamese,74_Vietnamese.mp3,0
10941,Vietnamese,75_Vietnamese.mp3,0
10942,Vietnamese,76_Vietnamese.mp3,1
10943,Vietnamese,77_Vietnamese.mp3,1
10944,Vietnamese,78_Vietnamese.mp3,0
10945,Vietnamese,79_Vietnamese.mp3,0
10946,Vietnamese,80_Vietnamese.mp3,0
10947,Vietnamese,81_Vietnamese.mp3,0
10948,Vietnamese,82_Vietnamese.mp3,0
10949,Vietnamese,83_Vietnamese.mp3,1
10950,Vietnamese,84_Vietnamese.mp3,0
10951,Vietnamese,85_Vietnamese.mp3,1
10952,Vietnamese,86_Vietnamese.mp3,1
10953,Vietnamese,87_Vietnamese.mp3,1
10954,Vietnamese,88_Vietnamese.mp3,1
10955,Vietnamese,89_Vietnamese.mp3,1
10956,Vietnamese,90_Vietnamese.mp3,1
10957,Vietnamese,91_Vietnamese.mp3,0
10958,Vietnamese,92_Vietnamese.mp3,0
10959,Vietnamese,93_Vietnamese.mp3,0
10960,Vietnamese,94_Vietnamese.mp3,1
10961,Vietnamese,95_Vietnamese.mp3,0
10962,Vietnamese,96_Vietnamese.mp3,1
10963,Vietnamese,97_Vietnamese.mp3,1
10964,Vietnamese,98_Vietnamese.mp3,0
10965,Vietnamese,99_Vietnamese.mp3,1
10966,Vietnamese,100_Vietnamese.mp3,1
10967,Vietnamese,101_Vietnamese.mp3,1
10968,Vietnamese,102_Vietnamese.mp3,1
10969,Vietnamese,103_Vietnamese.mp3,0
10970,Vietnamese,104_Vietnamese.mp3,1
10971,Vietnamese,105_Vietnamese.mp3,1
10972,Vietnamese,106_Vietnamese.mp3,0
10973,Vietnamese,107_Vietnamese.mp3,0
10974,Vietnamese,108_Vietnamese.mp3,0
10975,Vietnamese,109_Vietnamese.mp3,1
10976,Vietnamese,110_Vietnamese.mp3,1
10977,Vietnamese,111_Vietnamese.mp3,1
10978,Vietnamese,112_Vietnamese.mp3,1
10979,Vietnamese,113_Vietnamese.mp3,0
10980,Vietnamese,114_Vietnamese.mp3,1
10981,Vietnamese,115_Vietnamese.mp3,0
10982,Vietnamese,116_Vietnamese.mp3,1
10983,Vietnamese,117_Vietnamese.mp3,1
10984,Vietnamese,118_Vietnamese.mp3,1
10985,Vietnamese,119_Vietnamese.mp3,0
10986,Vietnamese,120_Vietnamese.mp3,1
10987,Vietnamese,121_Vietnamese.mp3,0
10988,Vietnamese,122_Vietnamese.mp3,0
10989,Vietnamese,123_Vietnamese.mp3,0
10990,Vietnamese,124_Vietnamese.mp3,0
10991,Vietnamese,125_Vietnamese.mp3,1
10992,Vietnamese,126_Vietnamese.mp3,0
10993,Vietnamese,127_Vietnamese.mp3,0
10994,Vietnamese,128_Vietnamese.mp3,1
10995,Vietnamese,129_Vietnamese.mp3,1
10996,Vietnamese,130_Vietnamese.mp3,0
10997,Vietnamese,131_Vietnamese.mp3,0
10998,Vietnamese,132_Vietnamese.mp3,0
10999,Vietnamese,133_Vietnamese.mp3,1
11000,Vietnamese,134_Vietnamese.mp3,0
11001,Vietnamese,135_Vietnamese.mp3,1
11002,Vietnamese,136_Vietnamese.mp3,0
11003,Vietnamese,137_Vietnamese.mp3,0
11004,Vietnamese,138_Vietnamese.mp3,0
11005,Vietnamese,139_Vietnamese.mp3,0
11006,Vietnamese,140_Vietnamese.mp3,0
11007,Vietnamese,141_Vietnamese.mp3,1
11008,Vietnamese,142_Vietnamese.mp3,1
11009,Vietnamese,143_Vietnamese.mp3,1
11010,Vietnamese,144_Vietnamese.mp3,1
11011,Vietnamese,145_Vietnamese.mp3,0
11012,Vietnamese,146_Vietnamese.mp3,0
11013,Vietnamese,147_Vietnamese.mp3,1
11014,Vietnamese,148_Vietnamese.mp3,0
11015,Vietnamese,149_Vietnamese.mp3,1
11016,Vietnamese,150_Vietnamese.mp3,0
11017,Vietnamese,151_Vietnamese.mp3,0
11018,Vietnamese,152_Vietnamese.mp3,1
11019,Vietnamese,153_Vietnamese.mp3,0
11020,Vietnamese,154_Vietnamese.mp3,1
11021,Vietnamese,155_Vietnamese.mp3,1
11022,Vietnamese,156_Vietnamese.mp3,0
11023,Vietnamese,157_Vietnamese.mp3,1
11024,Vietnamese,158_Vietnamese.mp3,0
11025,Vietnamese,159_Vietnamese.mp3,1
11026,Vietnamese,160_Vietnamese.mp3,0
11027,Vietnamese,161_Vietnamese.mp3,0
11028,Vietnamese,162_Vietnamese.mp3,1
11029,Vietnamese,163_Vietnamese.mp3,0
11030,Vietnamese,164_Vietnamese.mp3,0
11031,Vietnamese,165_Vietnamese.mp3,0
11032,Vietnamese,166_Vietnamese.mp3,0
11033,Vietnamese,167_Vietnamese.mp3,1
11034,Vietnamese,168_Vietnamese.mp3,1
11035,Vietnamese,169_Vietnamese.mp3,1
11036,Vietnamese,170_Vietnamese.mp3,0
11037,Vietnamese,171_Vietnamese.mp3,1
11038,Vietnamese,172_Vietnamese.mp3,0
11039,Vietnamese,173_Vietnamese.mp3,0
11040,Vietnamese,174_Vietnamese.mp3,1
11041,Vietnamese,175_Vietnamese.mp3,1
11042,Vietnamese,176_Vietnamese.mp3,1
11043,Vietnamese,177_Vietnamese.mp3,0
11044,Vietnamese,178_Vietnamese.mp3,1
11045,Vietnamese,179_Vietnamese.mp3,0
11046,Vietnamese,180_Vietnamese.mp3,1
11047,Vietnamese,181_Vietnamese.mp3,0
11048,Vietnamese,182_Vietnamese.mp3,1
11049,Vietnamese,183_Vietnamese.mp3,1
11050,Vietnamese,184_Vietnamese.mp3,1
11051,Vietnamese,185_Vietnamese.mp3,1
11052,Vietnamese,186_Vietnamese.mp3,1
11053,Vietnamese,187_Vietnamese.mp3,1
11054,Zulu,1_Zulu.mp3,1
11055,Zulu,2_Zulu.mp3,1
11056,Zulu,3_Zulu.mp3,0
11057,Zulu,4_Zulu.mp3,0
11058,Zulu,5_Zulu.mp3,0
11059,Zulu,6_Zulu.mp3,1
11060,Zulu,7_Zulu.mp3,0
11061,Zulu,8_Zulu.mp3,1
11062,Zulu,9_Zulu.mp3,1
11063,Zulu,10_Zulu.mp3,1
11064,Zulu,11_Zulu.mp3,0
11065,Zulu,12_Zulu.mp3,1
11066,Zulu,13_Zulu.mp3,1
11067,Zulu,14_Zulu.mp3,1
11068,Zulu,15_Zulu.mp3,0
11069,Zulu,16_Zulu.mp3,0
11070,Zulu,17_Zulu.mp3,1
11071,Zulu,18_Zulu.mp3,0
11072,Zulu,19_Zulu.mp3,1
11073,Zulu,20_Zulu.mp3,0
11074,Zulu,21_Zulu.mp3,1
11075,Zulu,22_Zulu.mp3,1
11076,Zulu,23_Zulu.mp3,0
11077,Zulu,24_Zulu.mp3,0
11078,Zulu,25_Zulu.mp3,1
11079,Zulu,26_Zulu.mp3,1
11080,Zulu,27_Zulu.mp3,0
11081,Zulu,28_Zulu.mp3,1
11082,Zulu,29_Zulu.mp3,0
11083,Zulu,30_Zulu.mp3,0
11084,Zulu,31_Zulu.mp3,0
11085,Zulu,32_Zulu.mp3,1
11086,Zulu,33_Zulu.mp3,1
11087,Zulu,34_Zulu.mp3,1
11088,Zulu,35_Zulu.mp3,1
11089,Zulu,36_Zulu.mp3,0
11090,Zulu,37_Zulu.mp3,0
11091,Zulu,38_Zulu.mp3,0
11092,Zulu,39_Zulu.mp3,0
11093,Zulu,40_Zulu.mp3,0
11094,Zulu,41_Zulu.mp3,1
11095,Zulu,42_Zulu.mp3,0
11096,Zulu,43_Zulu.mp3,0
11097,Zulu,44_Zulu.mp3,1
11098,Zulu,45_Zulu.mp3,1
11099,Zulu,46_Zulu.mp3,0
11100,Zulu,47_Zulu.mp3,0
11101,Zulu,48_Zulu.mp3,1
11102,Zulu,49_Zulu.mp3,1
11103,Zulu,50_Zulu.mp3,1
11104,Zulu,51_Zulu.mp3,1
11105,Zulu,52_Zulu.mp3,0
11106,Zulu,53_Zulu.mp3,0
11107,Zulu,54_Zulu.mp3,0
11108,Zulu,55_Zulu.mp3,0
11109,Zulu,56_Zulu.mp3,0
11110,Zulu,57_Zulu.mp3,0
11111,Zulu,58_Zulu.mp3,1
11112,Zulu,59_Zulu.mp3,1
11113,Zulu,60_Zulu.mp3,1
11114,Zulu,61_Zulu.mp3,1
11115,Zulu,62_Zulu.mp3,0
11116,Zulu,63_Zulu.mp3,1
11117,Zulu,64_Zulu.mp3,1
11118,Zulu,65_Zulu.mp3,0
11119,Zulu,66_Zulu.mp3,0
11120,Zulu,67_Zulu.mp3,0
11121,Zulu,68_Zulu.mp3,1
11122,Zulu,69_Zulu.mp3,0
11123,Zulu,70_Zulu.mp3,1
11124,Zulu,71_Zulu.mp3,0
11125,Zulu,72_Zulu.mp3,1
11126,Zulu,73_Zulu.mp3,0
11127,Zulu,74_Zulu.mp3,0
11128,Zulu,75_Zulu.mp3,1
11129,Zulu,76_Zulu.mp3,0
11130,Zulu,77_Zulu.mp3,1
11131,Zulu,78_Zulu.mp3,0
11132,Zulu,79_Zulu.mp3,1
11133,Zulu,80_Zulu.mp3,0
11134,Zulu,81_Zulu.mp3,1
11135,Zulu,82_Zulu.mp3,1
11136,Zulu,83_Zulu.mp3,1
11137,Zulu,84_Zulu.mp3,0
11138,Zulu,85_Zulu.mp3,0
11139,Zulu,86_Zulu.mp3,0
11140,Zulu,87_Zulu.mp3,0
11141,Zulu,88_Zulu.mp3,1
11142,Zulu,89_Zulu.mp3,0
11143,Zulu,90_Zulu.mp3,1
11144,Zulu,91_Zulu.mp3,1
11145,Zulu,92_Zulu.mp3,1
11146,Zulu,93_Zulu.mp3,1
11147,Zulu,94_Zulu.mp3,0
11148,Zulu,95_Zulu.mp3,0
11149,Zulu,96_Zulu.mp3,0
11150,Zulu,97_Zulu.mp3,1
11151,Zulu,98_Zulu.mp3,0
11152,Zulu,99_Zulu.mp3,1
11153,Zulu,100_Zulu.mp3,1
11154,Zulu,101_Zulu.mp3,0
11155,Zulu,102_Zulu.mp3,1
11156,Zulu,103_Zulu.mp3,1
11157,Zulu,104_Zulu.mp3,1
11158,Zulu,105_Zulu.mp3,0
11159,Zulu,106_Zulu.mp3,0
11160,Zulu,107_Zulu.mp3,0
11161,Zulu,108_Zulu.mp3,0
11162,Zulu,109_Zulu.mp3,1
11163,Zulu,110_Zulu.mp3,1
11164,Zulu,111_Zulu.mp3,1
11165,Zulu,112_Zulu.mp3,1
11166,Zulu,113_Zulu.mp3,0
11167,Zulu,114_Zulu.mp3,0
11168,Zulu,115_Zulu.mp3,0
11169,Zulu,116_Zulu.mp3,0
11170,Zulu,117_Zulu.mp3,1
11171,Zulu,118_Zulu.mp3,1
11172,Zulu,119_Zulu.mp3,1
11173,Zulu,120_Zulu.mp3,0
11174,Zulu,121_Zulu.mp3,0
11175,Zulu,122_Zulu.mp3,1
11176,Zulu,123_Zulu.mp3,1
11177,Zulu,124_Zulu.mp3,0
11178,Zulu,125_Zulu.mp3,1
11179,Zulu,126_Zulu.mp3,0
11180,Zulu,127_Zulu.mp3,0
11181,Zulu,128_Zulu.mp3,1
11182,Zulu,129_Zulu.mp3,0
11183,Zulu,130_Zulu.mp3,1
11184,Zulu,131_Zulu.mp3,0
11185,Zulu,132_Zulu.mp3,0
11186,Zulu,133_Zulu.mp3,1
11187,Zulu,134_Zulu.mp3,0
11188,Zulu,135_Zulu.mp3,1
11189,Zulu,136_Zulu.mp3,1
11190,Zulu,137_Zulu.mp3,1
11191,Zulu,138_Zulu.mp3,0
11192,Zulu,139_Zulu.mp3,0
11193,Zulu,140_Zulu.mp3,1
11194,Zulu,141_Zulu.mp3,1
11195,Zulu,142_Zulu.mp3,0
11196,Zulu,143_Zulu.mp3,0
11197,Zulu,144_Zulu.mp3,0
11198,Zulu,145_Zulu.mp3,0
11199,Zulu,146_Zulu.mp3,1
11200,Zulu,147_Zulu.mp3,0
11201,Zulu,148_Zulu.mp3,1
11202,Zulu,149_Zulu.mp3,1
11203,Zulu,150_Zulu.mp3,1
11204,Zulu,151_Zulu.mp3,1
11205,Zulu,152_Zulu.mp3,1
11206,Zulu,153_Zulu.mp3,1
11207,Zulu,154_Zulu.mp3,0
11208,Zulu,155_Zulu.mp3,1
11209,Zulu,156_Zulu.mp3,1
11210,Zulu,157_Zulu.mp3,1
11211,Zulu,158_Zulu.mp3,0
11212,Zulu,159_Zulu.mp3,1
11213,Zulu,160_Zulu.mp3,1
11214,Zulu,161_Zulu.mp3,0
11215,Zulu,162_Zulu.mp3,0
11216,Zulu,163_Zulu.mp3,0
11217,Zulu,164_Zulu.mp3,0
11218,Zulu,165_Zulu.mp3,1
11219,Zulu,166_Zulu.mp3,0
11220,Zulu,167_Zulu.mp3,1
11221,Zulu,168_Zulu.mp3,1
11222,Zulu,169_Zulu.mp3,0
11223,Zulu,170_Zulu.mp3,0
11224,Zulu,171_Zulu.mp3,1
11225,Zulu,172_Zulu.mp3,0
11226,Zulu,173_Zulu.mp3,1
11227,Zulu,174_Zulu.mp3,0
11228,Zulu,175_Zulu.mp3,0
11229,Zulu,176_Zulu.mp3,1
11230,Zulu,177_Zulu.mp3,0
11231,Zulu,178_Zulu.mp3,1
11232,Zulu,179_Zulu.mp3,0
11233,Zulu,180_Zulu.mp3,1
11234,Zulu,181_Zulu.mp3,0
11235,Zulu,182_Zulu.mp3,1
